target,model,bss_base,bss,gain,lo90,hi90,p,seasons_better,n_seasons,q_family,verdict,q_all
hf24 [primary],"J2 [lags 0,24]",0.41328,0.41489,0.0016086,-0.00070679,0.0035986,0.25382,11,18,0.25382,well-powered null (gain >= 0.005 excluded),0.32151
hf24 [primary],"T2 [lags 0,24]",0.41328,0.41478,0.0014958,0.00026624,0.0027796,0.073196,13,18,0.18813,well-powered null (gain >= 0.005 excluded),0.15453
hf24 [primary],"J2+T2 [lags 0,24]",0.41328,0.41622,0.0029365,-0.00021594,0.0055823,0.12542,14,18,0.18813,can't tell,0.21663
hf24 lags 0,J2 [lags 0],0.41328,0.41487,0.001591,-0.00016723,0.0031863,0.15252,13,18,0.15252,well-powered null (gain >= 0.005 excluded),0.24149
hf24 lags 0,T2 [lags 0],0.41328,0.41522,0.0019412,0.00057768,0.0033248,0.035591,13,18,0.060722,well-powered null (gain >= 0.005 excluded),0.096144
hf24 lags 0,J2+T2 [lags 0],0.41328,0.41661,0.0033293,0.00073712,0.0055339,0.040482,13,18,0.060722,can't tell,0.096144
"hf24 lags 0,12,24,48",J2 [lags all],0.41328,0.41521,0.0019235,-0.00054685,0.0042986,0.21204,14,18,0.44328,well-powered null (gain >= 0.005 excluded),0.30328
"hf24 lags 0,12,24,48",T2 [lags all],0.41328,0.41366,0.00037749,-0.0011054,0.0019052,0.6916,10,18,0.6916,well-powered null (gain >= 0.005 excluded),0.6916
"hf24 lags 0,12,24,48",J2+T2 [lags all],0.41328,0.41544,0.002153,-0.0011858,0.005224,0.29552,13,18,0.44328,can't tell,0.35093
hf24 onset fixes,"J2 [lags 0,24]",0.29575,0.2973,0.0015533,-0.001159,0.0038384,0.34518,12,18,0.34518,well-powered null (gain >= 0.005 excluded),0.38579
hf24 onset fixes,"T2 [lags 0,24]",0.29575,0.29852,0.0027706,0.0010233,0.0044965,0.018509,14,18,0.055527,well-powered null (gain >= 0.005 excluded),0.070334
hf24 onset fixes,"J2+T2 [lags 0,24]",0.29575,0.29968,0.0039328,-4.2759e-05,0.0071341,0.087204,15,18,0.13081,can't tell,0.16569
hf24 couple,couple,0.41328,0.41316,-0.00012639,-0.00028576,2.5988e-05,0.22347,7,18,0.22347,well-powered null (gain >= 0.005 excluded),0.30328
hf24 [primary] atl (descriptive),"J2 [lags 0,24]",0.39775,0.39994,0.0021939,-0.00033429,0.0044121,0.15299,11,18,0.15299,well-powered null (gain >= 0.005 excluded),
hf24 [primary] atl (descriptive),"T2 [lags 0,24]",0.39775,0.39946,0.0017084,4.5904e-05,0.0036116,0.12967,12,18,0.15299,well-powered null (gain >= 0.005 excluded),
hf24 [primary] atl (descriptive),"J2+T2 [lags 0,24]",0.39775,0.40118,0.0034265,0.00012856,0.0065399,0.10145,13,18,0.15299,can't tell,
hf24 [primary] pac (descriptive),"J2 [lags 0,24]",0.43211,0.43301,0.0008989,-0.0017471,0.0033694,0.58945,10,18,0.58945,well-powered null (gain >= 0.005 excluded),
hf24 [primary] pac (descriptive),"T2 [lags 0,24]",0.43211,0.43335,0.0012381,-0.00063383,0.0031098,0.3055,13,18,0.48198,well-powered null (gain >= 0.005 excluded),
hf24 [primary] pac (descriptive),"J2+T2 [lags 0,24]",0.43211,0.43446,0.0023424,-0.0015995,0.0057598,0.32132,14,18,0.48198,can't tell,
rapid deepening,"J2 [lags 0,24]",0.29956,0.30024,0.00067722,-0.00099498,0.0026488,0.56207,9,18,0.56207,well-powered null (gain >= 0.005 excluded),0.5933
rapid deepening,"T2 [lags 0,24]",0.29956,0.30752,0.0079592,0.0055858,0.010417,9.1553e-05,17,18,0.00013733,ADDS SKILL,0.00086975
rapid deepening,"J2+T2 [lags 0,24]",0.29956,0.3078,0.0082313,0.0055147,0.011523,4.5776e-05,16,18,0.00013733,ADDS SKILL,0.00086975
hf48,"J2 [lags 0,24]",0.36527,0.3678,0.0025298,0.0006505,0.0043197,0.039078,14,18,0.039078,well-powered null (gain >= 0.005 excluded),0.096144
hf48,"T2 [lags 0,24]",0.36527,0.36847,0.0032025,0.0013999,0.0050231,0.010422,13,18,0.015633,can't tell,0.049503
hf48,"J2+T2 [lags 0,24]",0.36527,0.37038,0.005113,0.0023067,0.0078344,0.006958,14,18,0.015633,ADDS SKILL,0.044067
