basin,design,stat,log_est,est,lo,hi,se_log,p_perm,mde_rr
atl,archive,h1,0.211493,1.23552,1.16158,1.33251,0.0352315,0.00049975,1.10368
atl,archive,h2,0.237431,1.26799,1.18139,1.37828,0.0358154,0.00049975,1.10548
atl,archive,h3,0.300745,1.35087,1.26266,1.46053,0.0361782,0.00049975,1.10661
atl,archive,b,0.16292,1.17694,1.02577,1.36824,0.0741724,0.0154923,1.23082
atl,archive,m,0.111459,1.11791,0.959711,1.35598,0.0868749,0.114943,1.27539
atl,archive,h2-h1,0.025938,1.02628,0.975536,1.06362,0.020154,0.165417,1.05805
atl,archive,h3-h1,0.0892525,1.09336,1.02564,1.16239,0.0306872,0.00549725,1.08972
atl,archive,h3-b,0.137825,1.14777,0.979399,1.32797,0.0782954,0.0754623,1.24511
pac,archive,h1,0.176116,1.19258,1.10324,1.30867,0.0429521,0.00049975,1.1278
pac,archive,h2,0.1945,1.2147,1.10779,1.37329,0.0528007,0.00049975,1.15933
pac,archive,h3,0.242672,1.27465,1.14564,1.46065,0.0611786,0.00049975,1.18685
pac,archive,b,0.140429,1.15077,1.01771,1.28914,0.0567144,0.0429785,1.1721
pac,archive,m,0.0793893,1.08263,0.962933,1.21949,0.0580971,0.251374,1.17665
pac,archive,h2-h1,0.0183832,1.01855,0.987151,1.06036,0.0181799,0.326337,1.05222
pac,archive,h3-h1,0.0665552,1.06882,1.01263,1.14308,0.0303795,0.0229885,1.08879
pac,archive,h3-b,0.102242,1.10765,0.967956,1.33021,0.0811695,0.203398,1.25517
