basin,stat,log_est,est,lo,hi,se_log,p_perm,mde_rr
atl,h2,0.103416,1.10895,1.00086,1.1982,0.0457897,0.0244878,1.13679
atl,h3,0.128519,1.13714,0.988818,1.26493,0.0604062,0.0184908,1.18428
atl,g2,0.111542,1.118,1.01982,1.20508,0.0426542,0.0149925,1.12686
atl,g3,0.119478,1.12691,1.00755,1.24032,0.0515883,0.0329835,1.1554
atl,h2-g2,-0.0081263,0.991907,0.937915,1.05199,0.0292732,0.731134,1.08542
atl,h3-g3,0.00904022,1.00908,0.960293,1.06835,0.0258905,0.797601,1.07519
pac,h2,0.120732,1.12832,1.03165,1.21641,0.0424004,0.005997,1.12606
pac,h3,0.141333,1.15181,1.02519,1.27802,0.0548676,0.005997,1.16606
pac,g2,0.109541,1.11577,1.02297,1.22091,0.0456211,0.0124938,1.13626
pac,g3,0.140282,1.1506,1.02541,1.30184,0.0602117,0.0089955,1.18364
pac,h2-g2,0.0111903,1.01125,0.953112,1.06786,0.0296656,0.673163,1.08661
pac,h3-g3,0.00105093,1.00105,0.901702,1.10291,0.0504994,0.98051,1.15188
