definition,label,OR,lo,hi,p,n,events,seasons
D1,jet_up added,1.046541168603802,1.008890385501961,1.0855970413849114,0.01709046383236187,112604,3904,25
D1,no year term,1.2032707101131916,1.161105542915972,1.2469670915360402,1.27471249164939e-10,112604,3904,25
D1,basin x covariate interactions,1.2204007952296774,1.1748483217082715,1.2677194778910863,1.0579708882593176e-10,112604,3904,25
D1,Oct-Apr fixes only,1.185102118200317,1.148035541914996,1.2233654615083942,7.002706765265309e-11,64610,3583,25
D1,lead 24 (outcome in t+24..t+48 h),0.9216203521008584,0.854590072394495,0.993908191592493,0.035292035586124475,59695,1035,25
D1,reference seasons 2004-2014 alone (not fresh),1.2171764286154894,1.1038919135640473,1.3420865214909472,0.0011744408889820003,50463,1679,11
D1,pooled 1979-2014 (36 seasons; 2004-14 not fresh),1.2100559499606056,1.1664745505119982,1.2552656218623628,2.0371751406079373e-12,163067,5583,36
D2,jet_up added,1.4220208470003366,1.359953355753233,1.4869210629533367,1.7962139831439196e-14,112604,3904,25
D2,no year term,1.750036120534108,1.6763569189953427,1.8269536686790622,2.041811511253395e-19,112604,3904,25
D2,basin x covariate interactions,1.7552840220804156,1.6793713257749912,1.8346282033540022,3.4147053221938767e-19,112604,3904,25
D2,Oct-Apr fixes only,1.7581466864142445,1.6783343775311264,1.8417544276823117,1.008123570753256e-18,64610,3583,25
D2,lead 24 (outcome in t+24..t+48 h),1.1650734909554485,1.0647262927789374,1.2748781057940337,0.0018373812583097197,59695,1035,25
D2,reference seasons 2004-2014 alone (not fresh),1.7152635323465804,1.5494318133909954,1.8988437954937156,3.356911121796906e-07,50463,1679,11
D2,pooled 1979-2014 (36 seasons; 2004-14 not fresh),1.7396990325644435,1.6716212692593126,1.8105493029809985,1.2344003954071144e-25,163067,5583,36
