basin,sigma,loglik,lnDp,lnR,lnsinlat
atl,0.07,4594.431540422981,0.16719655524499485,-0.026932651127370883,-0.09785562640880854
atl,0.09,4844.843792163689,0.2170263654196668,-0.03462235670621177,-0.1168580496954723
atl,0.11,4913.094870566327,0.2760105352747587,-0.04374519274738104,-0.1396515288812547
atl,0.13,4924.303823267112,0.3437320357544424,-0.0542163983391757,-0.16567143739712623
atl,0.16,4910.115739966506,0.4614107265197229,-0.07239209559431772,-0.21020644494190086
atl,0.2,4881.513782829517,0.648285057883116,-0.10121288759389738,-0.2793359274292857
atl,0.3,4829.921544025675,1.2667814947194236,-0.19643515182838056,-0.4997440362694655
atl,0.5,4788.559060621158,3.1646482894920362,-0.48841894990010454,-1.1467592182145883
pac,0.07,4080.347749004117,0.13520813009360516,-0.021060287754143647,-0.2779277147806564
pac,0.09,4229.826606006805,0.17536249094250578,-0.0279848571303239,-0.3439995981688995
pac,0.11,4267.706466078742,0.2227602790867802,-0.036241188453603045,-0.42205971988513596
pac,0.13,4271.690299606195,0.2771098916278398,-0.04579083635955155,-0.5110435692105365
pac,0.16,4260.202437946138,0.37146893684932347,-0.06252885706709853,-0.6640331893126507
pac,0.2,4240.601234626268,0.5211926510971548,-0.08938336629199294,-0.9036336184752265
pac,0.3,4206.931534475159,1.0162203268782324,-0.17960799387972465,-1.6802018555628546
pac,0.5,4180.536319742168,2.5335835814746286,-0.4611639867866196,-4.00891481721212
