pair,grp,track,time,basin,season,mon,lat,lon,msl,ndr24,age,speed,heading
0,0,243252,2005011700,atl,2004,1,35.5,289.75,1005.1,1.297,6,36.497,56.771
4,0,446728,2026011600,atl,2025,1,35.5,289.25,997.6,1.641,0,,
5,0,426822,2024010500,atl,2023,1,39.25,295.75,1001.3,1.712,0,,
6,0,388276,2020011212,atl,2019,1,49.75,320.75,987.3,1.912,18,61.838,83.034
7,0,272323,2008013012,atl,2007,1,63.5,346.5,994.0,1.831,0,,
9,0,320989,2013010600,atl,2012,1,45.0,314.5,991.1,1.037,0,,
10,0,359515,2017011312,atl,2016,1,51.0,301.75,999.2,1.201,12,49.29,56.088
12,0,436793,2025010700,atl,2024,1,37.5,290.75,992.3,1.186,6,40.909,75.851
13,0,437120,2025012900,atl,2024,1,49.5,304.25,975.9,1.689,0,,
14,0,311091,2012010900,atl,2011,1,52.75,315.75,995.0,1.097,96,42.723,58.22
15,0,398219,2021012712,atl,2020,1,38.25,296.25,1000.2,1.56,18,35.428,94.047
16,0,350011,2016011712,atl,2015,1,30.0,280.25,999.0,1.419,30,54.829,71.387
17,0,281820,2009011412,atl,2008,1,44.25,299.25,983.6,1.603,12,45.109,33.765
18,0,301634,2011013112,atl,2010,1,44.75,305.0,1006.5,1.61,0,,
19,0,321362,2013013112,atl,2012,1,48.5,286.0,969.9,1.243,18,41.505,52.963
22,0,446591,2026010800,atl,2025,1,49.0,340.0,1006.3,1.674,0,,
23,0,340311,2015010800,atl,2014,1,46.25,313.25,997.1,1.51,18,38.752,63.154
25,0,407600,2022010712,atl,2021,1,39.5,291.75,993.3,1.017,12,43.457,62.598
28,0,427116,2024012112,atl,2023,1,40.25,304.25,998.7,1.386,6,30.636,60.685
30,0,321010,2013010800,atl,2012,1,48.75,319.25,977.0,1.199,18,47.065,50.4
31,0,330726,2014012800,atl,2013,1,50.0,297.0,989.5,1.636,72,47.368,54.51
32,0,350232,2016013100,atl,2015,1,60.0,320.5,988.6,1.725,24,7.071,135.0
33,0,311031,2012010212,atl,2011,1,51.0,330.0,983.1,1.252,36,76.568,70.943
34,0,262235,2007011400,atl,2006,1,52.5,324.5,998.2,1.07,0,,
35,0,281770,2009010912,atl,2008,1,39.5,299.25,997.0,1.576,0,,
38,0,321293,2013012700,atl,2012,1,43.25,306.0,985.4,1.275,12,44.368,59.528
40,0,330795,2014012912,atl,2013,1,39.75,296.5,1006.5,1.629,6,74.762,55.357
42,0,446493,2026010512,atl,2025,1,47.0,309.25,983.8,1.159,72,32.357,31.799
45,0,407520,2022010300,atl,2021,1,48.75,304.0,990.6,1.31,24,43.369,46.232
47,0,359777,2017013112,atl,2016,1,42.5,307.0,987.5,1.154,30,53.745,73.794
49,0,252986,2006012812,atl,2005,1,47.0,322.0,990.3,1.313,18,62.983,29.161
51,0,330381,2014010200,atl,2013,1,46.5,328.25,975.3,1.195,30,48.044,68.638
52,0,368851,2018010100,atl,2017,1,47.25,312.5,984.0,1.019,24,38.174,49.088
53,0,446880,2026012700,atl,2025,1,42.25,297.75,994.8,1.256,24,20.356,270.0
54,0,311178,2012011012,atl,2011,1,37.25,292.75,1002.0,1.586,0,,
55,0,397786,2021010212,atl,2020,1,41.25,289.0,1003.6,1.149,0,,
56,0,446928,2026013000,atl,2025,1,41.5,306.0,985.5,1.067,18,32.461,67.352
57,0,437161,2025013112,atl,2024,1,52.25,327.0,979.8,1.368,0,,
59,0,301461,2011012212,atl,2010,1,31.0,281.5,1003.8,1.212,18,24.077,339.145
60,0,417358,2023013000,atl,2022,1,54.75,325.75,991.0,1.206,6,41.928,33.409
61,0,311054,2012010312,atl,2011,1,38.0,297.0,1001.8,1.128,6,18.665,57.605
62,0,321155,2013011800,atl,2012,1,42.75,323.75,1003.1,1.57,30,44.13,93.248
63,0,398010,2021011512,atl,2020,1,39.25,300.75,996.5,1.237,24,25.293,66.711
65,0,262465,2007012912,atl,2006,1,37.5,292.0,986.7,1.09,6,25.905,95.538
67,0,252901,2006012200,atl,2005,1,47.25,295.75,994.2,1.43,18,44.228,73.583
68,0,262409,2007012612,atl,2006,1,40.0,300.75,979.4,1.318,18,28.616,69.546
69,0,408074,2022020612,atl,2021,2,53.25,315.25,969.7,1.661,36,29.649,53.825
70,0,447049,2026020600,atl,2025,2,33.0,285.75,1002.3,2.099,6,8.387,90.0
71,0,282449,2009021700,atl,2008,2,32.5,294.75,994.9,1.926,12,41.29,75.984
73,0,447365,2026022100,atl,2025,2,39.0,290.75,999.4,1.542,0,,
74,0,243619,2005020600,atl,2004,2,65.25,311.25,998.3,1.75,6,26.716,159.354
75,0,427565,2024021800,atl,2023,2,41.0,298.5,988.9,1.581,24,44.384,63.217
76,0,291757,2010020312,atl,2009,2,34.5,289.75,1001.4,2.269,18,34.448,73.125
77,0,291888,2010021012,atl,2009,2,36.75,289.0,988.7,1.127,30,30.151,94.756
81,0,321474,2013020800,atl,2012,2,55.0,320.75,995.0,1.083,42,38.39,204.26
82,0,398408,2021020712,atl,2020,2,35.25,285.75,1003.7,1.885,6,50.749,46.396
83,0,398613,2021022100,atl,2020,2,42.5,305.25,986.4,1.73,30,35.815,77.912
84,0,437547,2025022700,atl,2024,2,48.25,306.0,970.8,1.094,42,46.98,37.041
85,0,331028,2014021112,atl,2013,2,46.5,323.5,994.5,1.824,24,66.212,65.46
86,0,369525,2018021212,atl,2017,2,54.5,290.5,996.9,1.848,24,47.52,77.852
87,0,427450,2024021300,atl,2023,2,36.0,275.5,997.3,1.645,54,33.287,58.283
88,0,262531,2007020312,atl,2006,2,49.5,305.5,985.9,1.283,30,35.772,33.002
89,0,417498,2023020612,atl,2022,2,33.75,288.75,1003.3,1.111,0,,
90,0,253239,2006021100,atl,2005,2,44.75,316.0,981.6,1.169,0,,
92,0,408438,2022022812,atl,2021,2,50.75,308.75,990.7,1.485,0,,
93,0,437187,2025020212,atl,2024,2,57.75,335.5,970.1,1.128,0,,
95,0,321760,2013022200,atl,2012,2,39.5,297.75,1003.4,1.263,0,,
96,0,408263,2022021800,atl,2021,2,46.0,289.25,1003.6,1.466,0,,
99,0,340886,2015021512,atl,2014,2,43.0,294.25,982.4,1.174,6,17.566,31.361
102,0,427400,2024020812,atl,2023,2,35.5,302.5,992.9,1.052,30,10.176,90.0
103,0,331264,2014022312,atl,2013,2,49.75,317.5,990.2,1.155,0,,
105,0,350529,2016021512,atl,2015,2,55.0,331.5,991.0,1.23,0,,
108,0,369420,2018020512,atl,2017,2,45.5,293.25,994.5,1.788,12,55.977,36.496
109,0,350507,2016021600,atl,2015,2,54.0,327.75,986.3,1.05,36,46.301,49.614
110,0,350386,2016020712,atl,2015,2,30.0,283.25,1003.3,1.715,0,,
111,0,262668,2007020900,atl,2006,2,41.0,303.5,993.6,1.572,6,76.79,110.985
113,0,331072,2014021300,atl,2013,2,40.25,313.5,994.0,1.6,6,35.155,77.682
114,0,272469,2008020912,atl,2007,2,40.0,307.25,1001.8,1.381,18,54.145,82.038
115,0,437449,2025022100,atl,2024,2,39.0,295.75,987.8,1.397,18,27.622,50.688
116,0,437147,2025020112,atl,2024,2,41.75,295.25,999.7,1.189,48,33.573,90.0
117,0,321498,2013020812,atl,2012,2,36.0,284.25,997.3,1.519,24,41.253,43.346
118,0,408386,2022022612,atl,2021,2,45.0,313.75,983.9,1.38,18,67.105,77.084
119,0,262857,2007021912,atl,2006,2,41.25,304.25,981.1,1.453,24,25.544,125.961
120,0,417833,2023022400,atl,2022,2,39.0,305.0,1002.7,1.465,12,49.147,98.778
121,0,360196,2017022400,atl,2016,2,56.5,325.0,975.6,1.305,24,46.331,40.936
122,0,282194,2009020512,atl,2008,2,41.0,299.25,992.7,1.216,18,33.132,52.869
123,0,301799,2011020812,atl,2010,2,40.25,294.75,982.6,1.297,12,48.688,48.125
124,0,360015,2017021500,atl,2016,2,32.25,268.5,1005.3,1.286,6,22.608,48.433
125,0,447396,2026022300,atl,2025,2,37.5,286.0,991.4,1.149,12,7.5,0.0
127,0,389050,2020022812,atl,2019,2,54.25,338.75,976.7,1.02,24,25.822,47.335
130,0,321389,2013020300,atl,2012,2,53.0,316.5,981.1,1.052,30,68.375,36.449
131,0,350524,2016021612,atl,2015,2,39.25,281.75,1002.6,1.025,30,35.261,55.444
132,0,437351,2025021500,atl,2024,2,50.5,306.25,971.6,1.083,30,11.08,25.504
136,0,340635,2015020212,atl,2014,2,41.75,281.25,996.2,1.204,48,21.158,44.849
137,0,272411,2008020800,atl,2007,2,52.25,321.5,965.2,1.479,66,33.942,42.562
140,0,447064,2026020712,atl,2025,2,36.75,292.75,994.3,1.261,18,90.182,146.269
141,0,379937,2019032112,atl,2018,3,50.75,330.25,994.2,1.814,6,45.945,49.235
143,0,447676,2026030512,atl,2025,3,55.5,322.25,983.1,1.376,12,36.548,41.197
145,0,322495,2013032512,atl,2012,3,37.0,286.25,993.6,1.075,36,20.878,343.328
149,0,263285,2007031212,atl,2006,3,44.5,306.0,993.8,1.454,18,35.843,33.177
150,0,263402,2007031900,atl,2006,3,54.0,295.25,989.7,1.473,48,25.386,27.586
151,0,408467,2022030212,atl,2021,3,35.75,302.25,1006.7,1.172,6,48.912,65.865
152,0,360525,2017031100,atl,2016,3,40.5,295.25,988.8,1.946,12,48.027,71.801
153,0,398918,2021030900,atl,2020,3,39.25,306.5,994.3,1.442,24,18.969,66.711
154,0,448279,2026032712,atl,2025,3,50.75,300.75,990.2,1.303,6,16.091,62.218
155,0,302777,2011032400,atl,2010,3,37.0,283.5,996.5,1.59,12,22.33,296.604
158,0,438338,2025032912,atl,2024,3,47.5,320.25,995.1,1.25,12,42.627,28.39
159,0,447849,2026031312,atl,2025,3,46.0,302.0,991.2,1.376,6,30.06,60.066
161,0,408494,2022030412,atl,2021,3,50.5,313.75,989.6,1.234,30,52.107,39.857
162,0,273155,2008031612,atl,2007,3,36.5,290.0,991.3,1.681,66,35.597,73.685
163,0,389659,2020032512,atl,2019,3,36.0,285.0,1004.8,1.091,36,60.541,104.345
164,0,341298,2015030800,atl,2014,3,39.5,313.75,1006.8,1.762,6,65.402,76.741
165,0,341310,2015031200,atl,2014,3,50.5,304.0,980.4,1.376,84,33.766,81.485
166,0,370605,2018032612,atl,2017,3,34.5,297.25,1008.2,1.019,0,,
167,0,341408,2015031500,atl,2014,3,49.75,329.75,1000.3,1.275,18,32.06,20.652
168,0,447926,2026031700,atl,2025,3,47.0,283.75,987.0,1.648,6,12.94,112.731
169,0,312237,2012031112,atl,2011,3,47.75,314.0,998.1,1.514,6,42.176,33.916
170,0,417964,2023030212,atl,2022,3,41.25,289.0,1004.7,1.361,0,,
172,0,263190,2007030712,atl,2006,3,50.25,318.5,980.0,1.275,0,,
173,0,380054,2019032600,atl,2018,3,50.5,308.75,1005.9,1.265,0,,
174,0,360874,2017032612,atl,2016,3,45.25,312.75,991.3,1.45,12,21.79,62.683
175,0,379709,2019031100,atl,2018,3,53.75,325.25,986.8,1.416,12,24.175,78.064
176,0,341260,2015030500,atl,2014,3,48.5,307.25,988.6,1.637,0,,
178,0,360893,2017033012,atl,2016,3,36.0,309.75,984.7,1.135,90,20.626,43.346
179,0,341352,2015031100,atl,2014,3,43.25,320.25,999.7,1.159,6,36.046,65.409
180,0,263421,2007031712,atl,2006,3,62.0,342.5,979.3,1.082,0,,
181,0,437672,2025030312,atl,2024,3,36.5,304.25,1005.4,1.111,6,43.531,210.519
183,0,244270,2005031100,atl,2004,3,34.75,302.5,990.9,1.316,24,71.514,53.538
184,0,312476,2012032112,atl,2011,3,48.0,321.25,986.7,1.199,6,55.102,183.481
185,0,253706,2006030500,atl,2005,3,44.5,310.25,991.2,1.201,12,24.693,52.593
186,0,417932,2023030200,atl,2022,3,36.75,313.75,988.8,1.574,42,36.828,78.25
187,0,370471,2018032300,atl,2017,3,48.25,334.75,999.8,1.165,12,53.796,81.986
188,0,448036,2026032100,atl,2025,3,52.5,320.0,995.8,1.209,12,33.154,47.262
189,0,437572,2025030100,atl,2024,3,56.25,307.75,973.0,1.104,54,29.299,31.43
190,0,351022,2016031400,atl,2015,3,42.25,310.0,990.1,1.095,66,37.188,127.232
191,0,342301,2015042000,atl,2014,4,41.0,311.5,996.3,1.191,18,61.657,78.303
193,0,342202,2015041512,atl,2014,4,38.75,292.75,1007.5,2.211,0,,
194,0,409276,2022040712,atl,2021,4,38.75,302.0,1000.2,1.346,54,48.743,90.0
196,0,351559,2016040300,atl,2015,4,41.0,285.25,993.5,1.274,30,83.954,98.563
197,0,284211,2009042912,atl,2008,4,49.75,309.0,992.9,1.234,60,25.845,90.0
199,0,370951,2018040900,atl,2017,4,41.75,298.25,982.8,1.162,24,45.405,44.293
200,0,332696,2014042000,atl,2013,4,47.5,310.5,1000.0,1.495,6,26.777,49.191
202,0,312766,2012040212,atl,2011,4,36.0,288.75,996.5,1.715,18,43.142,110.346
203,0,264126,2007041100,atl,2006,4,40.5,304.25,1009.4,1.157,0,,
206,0,371820,2018050800,atl,2017,5,50.75,313.75,993.8,1.376,30,49.636,52.814
207,0,391349,2020052012,atl,2019,5,39.5,321.5,1003.3,1.835,6,17.362,90.0
208,0,256636,2006061412,atl,2006,6,33.75,279.25,1005.7,1.312,90,15.986,51.278
209,0,366170,2017083000,atl,2017,8,37.0,286.75,1003.1,1.199,48,23.407,50.146
210,0,249875,2005082312,atl,2005,8,56.5,338.0,992.0,1.217,0,,
211,0,298163,2010082612,atl,2010,8,36.25,319.0,999.9,1.197,30,16.321,98.811
212,0,259965,2006091112,atl,2006,9,51.25,315.0,1004.1,1.033,6,18.57,57.419
213,0,396190,2020093012,atl,2020,9,46.75,289.0,988.6,1.324,18,41.227,24.55
214,0,376792,2018092600,atl,2018,9,33.0,317.5,1000.3,1.737,90,14.677,90.0
215,0,434704,2024091500,atl,2024,9,44.25,318.5,995.7,1.143,18,20.742,43.683
216,0,386028,2019091712,atl,2019,9,30.5,286.0,978.3,1.019,60,6.929,68.85
217,0,347396,2015090700,atl,2015,9,39.75,323.0,1003.5,1.598,18,39.633,50.892
218,0,318662,2012091600,atl,2012,9,31.0,312.75,991.7,1.124,66,17.325,98.297
219,0,289851,2009101400,atl,2009,10,42.0,295.5,1003.6,2.033,0,,
221,0,299468,2010100700,atl,2010,10,43.0,332.25,984.9,1.619,18,30.14,65.498
222,0,387048,2019102700,atl,2019,10,40.25,307.0,1002.4,1.888,0,,
225,0,348651,2015102412,atl,2015,10,51.5,316.5,994.6,1.296,66,14.007,90.0
226,0,415496,2022100312,atl,2022,10,56.0,335.0,986.0,1.099,6,32.63,39.99
228,0,280577,2008102412,atl,2008,10,50.25,322.5,992.8,1.146,18,37.858,62.467
229,0,444910,2025100300,atl,2025,10,49.75,335.25,988.1,1.744,18,74.623,57.586
230,0,241995,2004102600,atl,2004,10,41.0,330.75,994.3,1.911,18,36.625,78.183
232,0,396712,2020102300,atl,2020,10,52.0,316.75,991.1,1.523,12,41.857,83.139
234,0,357738,2016100400,atl,2016,10,45.5,318.0,990.7,1.394,18,43.938,66.529
235,0,280244,2008100800,atl,2008,10,45.75,314.75,981.5,1.68,18,53.078,41.096
236,0,338849,2014101300,atl,2014,10,47.75,315.75,986.3,1.643,18,40.632,72.083
237,0,357833,2016101500,atl,2016,10,37.0,305.5,979.4,1.362,186,17.646,64.848
238,0,251270,2005101200,atl,2005,10,47.75,312.0,994.5,1.486,12,30.257,90.0
241,0,367868,2017102900,atl,2017,10,34.75,278.5,1006.2,1.263,6,36.58,46.887
242,0,270412,2007100912,atl,2007,10,39.25,298.5,998.1,1.02,18,30.978,118.961
244,0,396609,2020102600,atl,2020,10,47.25,318.0,973.7,1.376,198,40.866,60.698
245,0,367482,2017101500,atl,2017,10,36.25,337.25,991.1,1.095,102,22.505,63.618
246,0,309559,2011101212,atl,2011,10,61.75,329.5,988.3,1.04,150,23.265,14.733
248,0,358304,2016102712,atl,2016,10,43.25,315.75,1007.7,1.201,0,,
249,0,319464,2012101112,atl,2012,10,48.75,296.0,989.0,1.238,0,,
250,0,426046,2023111812,atl,2023,11,35.5,291.75,997.8,1.075,54,39.582,55.358
252,0,242148,2004110812,atl,2004,11,49.75,297.5,998.8,1.559,108,33.711,42.132
256,0,261609,2006112900,atl,2006,11,38.5,322.25,996.5,1.821,30,24.888,59.852
257,0,397194,2020112412,atl,2020,11,50.75,299.0,982.1,1.171,24,15.088,70.647
259,0,415987,2022110300,atl,2022,11,38.25,313.5,985.5,2.003,90,26.3,48.287
260,0,368285,2017112212,atl,2017,11,35.0,286.0,1007.8,1.62,0,,
261,0,396862,2020110412,atl,2020,11,50.0,308.75,993.3,1.144,78,31.851,30.3
262,0,396867,2020110200,atl,2020,11,49.25,284.5,995.3,1.532,6,21.988,62.949
263,0,445964,2025112900,atl,2025,11,47.5,309.0,994.8,1.771,18,55.356,39.847
265,0,271322,2007112812,atl,2007,11,53.5,307.75,983.4,1.131,54,23.271,30.745
267,0,445919,2025112600,atl,2025,11,47.5,318.5,995.7,1.326,30,21.119,34.043
269,0,416306,2022112100,atl,2022,11,48.75,296.75,987.6,1.118,12,8.275,52.826
272,0,261287,2006110912,atl,2006,11,56.25,330.75,993.8,1.566,42,36.325,15.525
273,0,367974,2017110400,atl,2017,11,55.0,304.25,998.8,1.733,12,44.354,37.898
276,0,387346,2019111312,atl,2019,11,52.0,300.5,988.4,1.338,36,28.158,36.961
278,0,445596,2025110612,atl,2025,11,44.5,297.5,984.9,1.301,54,35.75,85.99
281,0,280752,2008110312,atl,2008,11,46.75,316.25,999.2,1.482,6,25.716,47.116
282,0,300161,2010110700,atl,2010,11,61.5,320.75,986.5,1.194,6,53.511,225.509
285,0,397101,2020112000,atl,2020,11,52.75,324.5,985.0,1.12,36,34.802,44.082
287,0,377906,2018112112,atl,2018,11,47.5,301.75,994.3,1.738,6,35.041,2.763
288,0,377958,2018112512,atl,2018,11,31.5,296.0,1001.9,1.552,18,34.47,81.66
289,0,416397,2022112600,atl,2022,11,45.5,293.5,997.3,1.329,6,58.85,126.493
290,0,310517,2011112400,atl,2011,11,51.5,334.25,976.6,1.41,30,44.172,31.903
291,0,425822,2023110200,atl,2023,11,44.25,303.75,997.2,1.246,18,46.588,53.823
292,0,406603,2021111100,atl,2021,11,37.25,308.0,990.2,1.013,120,21.266,69.349
293,0,339513,2014111500,atl,2014,11,45.5,299.75,993.4,1.288,18,40.542,47.288
295,0,426275,2023112912,atl,2023,11,45.25,312.25,1000.3,1.135,6,17.588,354.257
296,0,261402,2006111900,atl,2006,11,57.0,329.75,977.5,1.116,102,55.881,87.436
297,0,406693,2021111112,atl,2021,11,45.0,305.75,990.4,1.545,18,23.117,83.791
300,0,359017,2016121200,atl,2016,12,45.5,322.25,993.7,1.758,6,35.88,56.123
303,0,446180,2025121512,atl,2025,12,46.25,302.5,976.8,1.605,24,38.546,38.895
305,0,242592,2004120400,atl,2004,12,41.5,301.5,994.3,1.725,12,43.687,59.001
307,0,271541,2007121000,atl,2007,12,50.75,324.25,991.9,1.781,0,,
308,0,397514,2020121512,atl,2020,12,46.0,306.0,976.3,1.456,36,45.093,43.886
311,0,359048,2016121412,atl,2016,12,37.75,292.0,1001.1,1.14,6,38.614,67.141
314,0,281644,2008123100,atl,2008,12,42.5,308.5,988.6,1.166,6,5.329,20.236
315,0,291036,2009121800,atl,2009,12,38.5,307.25,997.3,1.067,0,,
317,0,281476,2008122000,atl,2008,12,50.75,321.75,995.4,1.319,24,25.199,7.212
318,0,281454,2008122100,atl,2008,12,44.0,311.5,987.0,1.228,84,40.911,56.635
321,0,261892,2006122000,atl,2006,12,48.25,323.75,988.8,1.688,0,,
322,0,407135,2021120900,atl,2021,12,40.0,293.25,1000.4,1.79,6,42.617,49.813
323,0,446118,2025121000,atl,2025,12,42.25,322.5,995.9,1.662,12,34.852,64.508
328,0,426406,2023120700,atl,2023,12,38.5,299.0,987.1,1.751,18,38.279,66.93
329,0,330279,2013122600,atl,2013,12,49.5,322.5,973.8,1.303,30,25.941,61.193
330,0,446389,2025122800,atl,2025,12,34.5,299.25,991.3,1.156,18,39.226,93.654
331,0,407394,2021122700,atl,2021,12,38.0,305.75,986.5,1.428,24,31.52,90.0
333,0,349751,2015123012,atl,2015,12,41.5,308.25,1006.7,1.108,6,52.665,95.448
334,0,446048,2025120500,atl,2025,12,51.5,298.25,994.0,1.286,6,37.699,158.189
335,0,310923,2011122312,atl,2011,12,57.75,317.0,989.7,1.592,0,,
338,0,330139,2013121400,atl,2013,12,53.0,338.5,985.4,1.259,30,73.301,44.256
339,0,271645,2007121612,atl,2007,12,37.75,285.0,995.1,1.52,0,,
340,0,368579,2017121500,atl,2017,12,43.75,302.25,992.6,1.632,78,60.021,54.329
341,0,407233,2021121612,atl,2021,12,38.25,324.25,999.8,1.122,0,,
342,0,320868,2012122800,atl,2012,12,47.25,330.0,980.5,1.425,0,,
343,0,271882,2007123112,atl,2007,12,41.75,293.5,1001.5,1.563,6,52.908,61.802
344,0,271409,2007120200,atl,2007,12,47.0,303.25,995.2,1.384,18,18.627,66.256
348,0,262061,2006123112,atl,2006,12,38.75,302.0,995.2,1.692,0,,
349,0,368499,2017120612,atl,2017,12,60.5,347.75,988.7,1.103,0,,
350,0,290872,2009120900,atl,2009,12,40.75,310.5,999.6,1.498,6,39.851,93.597
351,0,349326,2015120112,atl,2015,12,60.25,342.75,984.7,1.093,0,,
353,0,359162,2016122212,atl,2016,12,51.0,318.25,982.8,1.307,6,42.697,54.16
354,0,368537,2017121012,atl,2017,12,47.0,298.75,985.0,1.157,36,46.373,36.035
356,0,281599,2008122800,atl,2008,12,42.0,326.0,988.4,1.051,24,13.686,24.031
358,0,397568,2020121900,atl,2020,12,42.75,303.75,997.7,1.203,36,6.048,114.415
359,0,359182,2016122412,atl,2016,12,53.25,324.5,977.5,1.027,30,60.806,51.924
360,0,271623,2007121512,atl,2007,12,47.5,324.0,982.8,1.054,30,44.881,52.212
361,0,387744,2019121000,atl,2019,12,63.25,343.25,977.1,1.125,0,,
362,0,310835,2011121812,atl,2011,12,40.0,297.0,1005.9,1.174,6,32.939,278.731
364,0,349348,2015120400,atl,2015,12,54.75,328.5,975.0,1.404,18,57.503,58.553
365,0,407117,2021120712,atl,2021,12,52.5,298.75,978.3,1.006,0,,
366,0,271524,2007120912,atl,2007,12,53.25,310.25,982.7,1.013,12,20.155,41.908
371,0,378182,2018121112,atl,2018,12,33.0,286.25,1005.5,1.485,24,4.882,239.197
0,1,388162,2020010412,atl,2019,1,41.75,284.0,1004.3,1.292,18,30.114,60.125
4,1,281949,2009012412,atl,2008,1,47.5,296.25,994.4,1.651,30,49.613,72.402
5,1,291353,2010010900,atl,2009,1,40.0,298.75,996.2,1.672,6,45.963,90.0
6,1,321167,2013011812,atl,2012,1,38.25,293.5,1001.1,1.909,18,61.467,63.423
7,1,321293,2013012612,atl,2012,1,38.75,295.5,1005.1,1.801,0,,
9,1,378523,2019010600,atl,2018,1,41.0,292.25,990.8,1.034,48,32.94,76.839
10,1,330444,2014010512,atl,2013,1,35.25,267.25,1005.9,1.203,0,,
12,1,369338,2018013012,atl,2017,1,41.0,295.0,996.8,1.189,18,50.101,45.686
13,1,262218,2007011300,atl,2006,1,51.75,339.75,1002.4,1.627,6,53.332,48.985
14,1,271980,2008010900,atl,2007,1,45.75,276.5,1000.1,1.096,36,40.137,51.474
15,1,282062,2009012812,atl,2008,1,37.75,277.0,1002.8,1.56,0,,
16,1,340419,2015011712,atl,2014,1,47.5,314.5,997.3,1.42,18,52.491,30.986
17,1,446640,2026011112,atl,2025,1,43.25,292.25,1001.4,1.604,6,39.756,55.532
18,1,388178,2020010412,atl,2019,1,42.0,314.0,1004.3,1.607,0,,
19,1,291525,2010012100,atl,2009,1,43.5,293.75,1003.5,1.25,18,5.987,114.68
22,1,252986,2006012800,atl,2005,1,38.0,311.75,1000.4,1.618,6,7.754,194.717
23,1,321223,2013012200,atl,2012,1,38.25,286.0,1008.4,1.504,0,,
25,1,359519,2017011312,atl,2016,1,63.5,324.5,1008.5,1.018,12,20.886,53.238
28,1,446493,2026010500,atl,2025,1,41.25,302.5,991.5,1.382,60,25.681,47.045
30,1,426912,2024011012,atl,2023,1,35.0,328.5,996.5,1.204,6,17.973,13.173
31,1,388227,2020010800,atl,2019,1,38.25,286.5,1006.4,1.592,0,,
32,1,349775,2016010100,atl,2015,1,44.25,303.75,1003.7,1.561,6,36.592,78.173
33,1,262177,2007010900,atl,2006,1,46.75,295.25,989.8,1.252,0,,
34,1,340501,2015012212,atl,2014,1,40.25,294.0,1004.1,1.071,0,,
35,1,350002,2016011512,atl,2015,1,45.0,313.5,992.7,1.487,6,22.638,27.938
38,1,340259,2015010500,atl,2014,1,47.75,288.75,994.2,1.274,36,38.129,38.112
40,1,272160,2008012000,atl,2007,1,37.0,291.25,1006.8,1.478,0,,
42,1,359408,2017010712,atl,2016,1,32.25,281.75,1008.1,1.15,0,,
45,1,252901,2006012112,atl,2005,1,43.5,282.0,1005.0,1.312,6,51.216,67.014
47,1,243224,2005011412,atl,2004,1,53.75,295.75,992.1,1.148,6,42.202,53.673
49,1,350101,2016012212,atl,2015,1,39.5,314.25,989.3,1.306,6,36.134,73.934
51,1,340228,2015010300,atl,2014,1,49.0,306.25,998.5,1.214,18,27.427,56.845
52,1,398010,2021011500,atl,2020,1,37.0,294.25,1001.4,1.019,12,42.884,62.201
53,1,388158,2020010312,atl,2019,1,52.25,321.0,991.7,1.262,0,,
54,1,398093,2021011900,atl,2020,1,41.25,302.0,999.0,1.408,0,,
55,1,291694,2010013100,atl,2009,1,36.0,287.25,999.3,1.147,24,43.321,62.505
56,1,243162,2005011112,atl,2004,1,48.0,306.0,993.8,1.063,30,54.575,117.264
57,1,252943,2006012512,atl,2005,1,41.5,290.25,998.2,1.346,12,48.74,337.408
59,1,378947,2019013012,atl,2018,1,43.75,290.0,1004.5,1.214,6,22.693,39.542
60,1,446577,2026011012,atl,2025,1,59.5,352.0,1002.8,1.234,72,12.621,53.541
61,1,417244,2023012300,atl,2022,1,36.25,283.0,1006.4,1.127,0,,
62,1,243077,2005010512,atl,2004,1,47.5,317.75,998.5,1.405,6,57.438,58.513
63,1,272221,2008012500,atl,2007,1,37.75,290.0,1004.3,1.263,6,35.004,64.626
65,1,427229,2024012812,atl,2023,1,66.25,350.75,968.6,1.09,6,35.425,23.448
67,1,330381,2014010100,atl,2013,1,40.25,302.0,1001.8,1.392,6,32.125,71.864
68,1,388528,2020012900,atl,2019,1,41.0,305.75,994.5,1.326,36,23.11,139.221
69,1,253515,2006022312,atl,2005,2,37.25,292.5,1005.5,1.64,0,,
70,1,369379,2018020212,atl,2017,2,44.25,292.5,1002.9,2.121,0,,
71,1,330887,2014020300,atl,2013,2,47.5,305.75,1005.3,1.967,18,55.205,108.481
73,1,301743,2011020512,atl,2010,2,38.0,273.25,1004.6,1.541,0,,
74,1,340818,2015021212,atl,2014,2,44.5,286.0,1006.4,1.701,24,28.555,110.5
75,1,302119,2011022112,atl,2010,2,37.0,312.25,990.9,1.573,0,,
76,1,291888,2010021000,atl,2009,2,31.0,280.75,1006.8,2.051,18,55.51,54.163
77,1,388625,2020020200,atl,2019,2,38.5,292.75,992.2,1.124,12,38.811,58.981
81,1,360156,2017022112,atl,2016,2,35.0,303.5,1004.8,1.082,6,31.012,207.532
82,1,408037,2022020212,atl,2021,2,53.75,330.25,1006.3,1.691,0,,
83,1,331028,2014021100,atl,2013,2,43.0,307.25,1004.1,1.691,12,24.924,72.488
84,1,321799,2013022412,atl,2012,2,38.25,293.25,998.9,1.095,12,36.592,114.2
85,1,272411,2008020700,atl,2007,2,44.5,306.25,1000.1,1.685,42,17.714,64.951
86,1,388706,2020020700,atl,2019,2,55.0,330.5,968.5,1.627,6,41.24,14.087
87,1,331277,2014022412,atl,2013,2,47.25,297.25,1002.7,1.591,0,,
88,1,369619,2018021712,atl,2017,2,47.5,314.75,984.2,1.281,18,50.39,56.925
89,1,321389,2013020200,atl,2012,2,39.75,295.5,1003.2,1.102,6,41.584,76.085
90,1,311804,2012021800,atl,2011,2,40.0,293.0,1006.5,1.169,0,,
92,1,408339,2022022400,atl,2021,2,53.0,306.0,988.8,1.476,42,36.379,51.794
93,1,272422,2008020600,atl,2007,2,50.25,324.25,996.6,1.123,0,,
95,1,291757,2010020300,atl,2009,2,33.25,283.25,1005.4,1.261,6,12.866,54.342
96,1,331167,2014021800,atl,2013,2,42.75,309.75,998.0,1.451,6,46.232,60.878
99,1,272469,2008020900,atl,2007,2,39.0,295.25,1006.1,1.169,6,34.509,73.155
102,1,417435,2023020300,atl,2022,2,48.5,288.0,994.9,1.054,12,34.788,90.0
103,1,262937,2007022300,atl,2006,2,39.25,289.5,992.3,1.151,6,76.74,324.532
105,1,379194,2019021500,atl,2018,2,60.5,346.0,998.9,1.223,0,,
108,1,262713,2007021112,atl,2006,2,40.0,309.0,1005.3,1.557,6,48.911,101.797
109,1,359786,2017020200,atl,2016,2,43.0,316.25,1004.1,1.048,60,42.349,83.219
110,1,408074,2022020512,atl,2021,2,46.75,302.5,1002.1,1.526,12,39.695,50.964
111,1,379041,2019020700,atl,2018,2,50.75,321.0,999.3,1.525,60,36.723,82.175
113,1,311944,2012022500,atl,2011,2,39.75,286.5,992.8,1.448,0,,
114,1,253374,2006021800,atl,2005,2,48.75,295.25,983.7,1.392,30,47.817,74.846
115,1,350304,2016020512,atl,2015,2,52.0,322.0,993.7,1.392,60,43.385,96.618
116,1,360177,2017022212,atl,2016,2,52.5,336.0,1002.5,1.19,6,38.605,71.108
117,1,272661,2008022200,atl,2007,2,43.75,309.0,1005.5,1.443,6,33.781,58.799
118,1,330998,2014020812,atl,2013,2,40.0,317.5,1008.7,1.359,6,50.043,95.734
119,1,350334,2016020512,atl,2015,2,38.25,288.0,1007.3,1.347,0,,
120,1,253215,2006021000,atl,2005,2,39.25,303.75,1006.1,1.345,6,5.0,0.0
121,1,437351,2025021400,atl,2024,2,44.25,293.25,998.0,1.295,6,26.206,55.084
122,1,360053,2017022012,atl,2016,2,56.75,322.0,995.4,1.218,78,54.886,92.611
123,1,398567,2021021712,atl,2020,2,48.25,307.25,985.2,1.274,18,58.745,82.665
124,1,262857,2007021812,atl,2006,2,37.25,292.0,1003.3,1.266,0,,
125,1,369488,2018020912,atl,2017,2,32.75,10.0,1008.0,1.144,6,11.823,32.243
127,1,398686,2021022512,atl,2020,2,46.25,295.5,993.2,1.014,42,43.865,80.155
130,1,350703,2016022612,atl,2015,2,44.75,6.0,1007.3,1.047,12,26.248,298.439
131,1,340706,2015020600,atl,2014,2,61.75,300.0,1009.2,1.029,18,66.716,238.358
132,1,350491,2016021400,atl,2015,2,47.0,307.25,987.6,1.08,6,50.686,42.281
136,1,272692,2008022312,atl,2007,2,41.5,299.0,995.2,1.194,12,46.485,67.885
137,1,388688,2020020700,atl,2019,2,39.75,280.5,991.5,1.331,30,42.194,39.624
140,1,379356,2019022400,atl,2018,2,40.0,268.25,996.4,1.223,42,54.012,62.428
141,1,341566,2015032112,atl,2014,3,37.75,292.75,1004.1,1.762,6,35.669,94.019
143,1,282759,2009030400,atl,2008,3,32.75,1.5,1006.7,1.371,18,53.411,70.874
145,1,312300,2012031400,atl,2011,3,55.25,336.0,1004.5,1.076,0,,
149,1,370168,2018031200,atl,2017,3,31.5,274.75,1008.8,1.442,0,,
150,1,369887,2018030112,atl,2017,3,43.25,290.0,1009.7,1.478,30,28.968,161.681
151,1,351022,2016031312,atl,2015,3,49.25,300.0,996.1,1.174,54,51.32,132.999
152,1,398946,2021030900,atl,2020,3,51.25,332.5,1001.2,1.738,6,49.107,55.944
153,1,418128,2023031100,atl,2022,3,36.25,283.5,1005.8,1.437,0,,
154,1,447755,2026030912,atl,2025,3,50.5,309.0,997.4,1.293,24,28.054,74.494
155,1,351440,2016032812,atl,2015,3,37.5,286.75,1005.1,1.576,0,,
158,1,379806,2019031600,atl,2018,3,52.75,344.5,992.0,1.252,18,55.845,63.406
159,1,428471,2024032900,atl,2023,3,35.75,286.75,1002.3,1.384,6,41.314,43.436
161,1,428401,2024032612,atl,2023,3,56.75,336.0,985.1,1.234,6,24.357,128.013
162,1,399405,2021032612,atl,2020,3,55.75,311.75,990.5,1.661,6,31.85,76.38
163,1,263285,2007031200,atl,2006,3,38.5,300.5,1001.5,1.09,6,44.444,38.047
164,1,379709,2019031012,atl,2018,3,51.5,318.75,1002.0,1.628,0,,
165,1,331893,2014032400,atl,2013,3,40.0,296.75,1006.7,1.386,6,31.328,66.484
166,1,437756,2025030700,atl,2024,3,43.75,289.5,987.5,1.021,0,,
167,1,292339,2010030212,atl,2009,3,31.25,275.5,1000.2,1.293,24,21.186,44.925
168,1,408577,2022030700,atl,2021,3,53.75,319.25,1003.1,1.571,6,8.062,21.515
169,1,312112,2012030600,atl,2011,3,52.0,318.0,983.8,1.518,54,69.486,59.755
170,1,360893,2017033000,atl,2016,3,32.5,306.5,991.4,1.389,78,25.876,54.571
172,1,351243,2016032112,atl,2015,3,41.5,296.25,994.5,1.254,36,40.666,47.45
173,1,448039,2026032412,atl,2025,3,45.75,303.75,995.0,1.253,96,13.27,41.096
174,1,302777,2011032312,atl,2010,3,35.5,284.5,1007.9,1.437,0,,
175,1,341408,2015031412,atl,2014,3,42.0,325.0,1008.3,1.428,6,40.043,357.341
176,1,389539,2020032012,atl,2019,3,46.5,281.25,998.1,1.468,6,35.578,60.536
178,1,312045,2012030212,atl,2011,3,36.5,266.5,995.9,1.141,42,26.6,79.165
179,1,283292,2009032512,atl,2008,3,63.25,345.75,997.5,1.143,6,14.628,90.0
180,1,447589,2026030112,atl,2025,3,42.5,301.5,1009.2,1.084,0,,
181,1,379561,2019030400,atl,2018,3,33.25,277.5,1005.1,1.109,6,37.964,82.432
183,1,351225,2016031912,atl,2015,3,40.5,309.25,1000.9,1.321,6,36.323,51.725
184,1,418005,2023030700,atl,2022,3,40.0,278.25,1007.6,1.202,48,51.949,95.523
185,1,350714,2016030112,atl,2015,3,52.0,302.5,994.5,1.214,78,26.204,40.249
186,1,282869,2009030900,atl,2008,3,44.0,305.75,990.4,1.326,24,44.304,76.955
187,1,379601,2019030700,atl,2018,3,46.0,311.25,987.4,1.176,24,42.954,50.191
188,1,321905,2013030212,atl,2012,3,40.75,337.75,1000.1,1.217,30,4.538,56.575
189,1,408832,2022031812,atl,2021,3,42.0,298.5,1004.6,1.102,18,40.071,68.017
190,1,389373,2020031312,atl,2019,3,50.75,327.25,1007.2,1.086,0,,
191,1,428602,2024040212,atl,2023,4,35.25,301.25,1004.9,1.192,18,38.085,105.223
193,1,370820,2018040312,atl,2017,4,42.0,315.75,1009.2,2.111,0,,
194,1,449101,2026042312,atl,2025,4,38.75,294.75,1007.4,1.328,0,,
196,1,448956,2026042100,atl,2025,4,39.0,345.0,998.2,1.28,54,26.18,17.268
197,1,351577,2016040312,atl,2015,4,47.25,303.0,982.3,1.216,30,42.814,45.517
199,1,264242,2007041500,atl,2006,4,34.0,274.0,1001.3,1.162,0,,
200,1,284211,2009042900,atl,2008,4,51.5,299.0,1005.4,1.521,48,34.238,90.0
202,1,370951,2018040812,atl,2017,4,35.25,289.0,994.9,1.598,12,17.079,151.435
203,1,438525,2025040412,atl,2024,4,45.75,303.0,1005.9,1.153,0,,
206,1,381223,2019050612,atl,2018,5,41.25,329.5,999.4,1.412,30,36.068,69.723
207,1,371820,2018050712,atl,2017,5,45.25,301.75,1004.6,1.77,18,47.86,61.958
208,1,238046,2004062412,atl,2004,6,47.0,318.5,1002.5,1.22,60,11.355,131.34
209,1,394805,2020081900,atl,2020,8,48.5,350.0,997.3,1.207,42,25.97,39.634
210,1,443793,2025082912,atl,2025,8,50.75,329.25,999.1,1.229,0,,
211,1,268148,2007080112,atl,2007,8,46.0,306.0,997.1,1.19,30,28.565,52.219
212,1,376509,2018091412,atl,2018,9,56.0,325.0,1007.4,1.034,72,25.656,78.762
213,1,279667,2008091600,atl,2008,9,61.25,319.5,1000.6,1.342,12,28.759,197.018
214,1,396190,2020093000,atl,2020,9,35.5,281.75,1004.2,1.699,6,25.333,46.308
215,1,299179,2010092700,atl,2010,9,52.0,328.5,991.4,1.137,36,44.099,47.134
216,1,289403,2009092412,atl,2009,9,57.75,318.0,990.0,1.013,24,45.912,60.655
217,1,308956,2011091600,atl,2011,9,47.75,295.75,1006.8,1.441,0,,
218,1,269937,2007092112,atl,2007,9,52.25,262.5,998.9,1.126,12,18.367,90.0
219,1,300026,2010103000,atl,2010,10,41.0,298.5,1001.7,1.886,6,17.164,81.625
221,1,270396,2007100800,atl,2007,10,40.25,307.75,996.8,1.61,0,,
222,1,396712,2020102212,atl,2020,10,50.75,304.25,1008.5,1.85,0,,
225,1,396790,2020103100,atl,2020,10,45.5,319.25,985.5,1.295,90,71.125,69.421
226,1,299481,2010100712,atl,2010,10,45.5,291.0,993.0,1.097,18,20.415,30.997
228,1,338555,2014100300,atl,2014,10,43.25,268.75,1002.5,1.138,72,60.621,24.868
229,1,357738,2016100312,atl,2016,10,43.0,305.75,1003.6,1.756,6,36.568,90.0
230,1,348283,2015101000,atl,2015,10,46.25,291.5,1004.0,1.688,72,38.752,63.154
232,1,425105,2023100500,atl,2023,10,40.25,320.25,1006.7,1.492,102,32.314,62.342
234,1,396839,2020103012,atl,2020,10,50.0,337.5,997.3,1.398,6,26.692,41.471
235,1,367487,2017101100,atl,2017,10,52.5,304.5,998.7,1.678,6,13.923,100.344
236,1,377052,2018100400,atl,2018,10,47.75,272.5,992.8,1.675,24,64.547,62.304
237,1,367760,2017102312,atl,2017,10,39.75,272.5,1006.8,1.365,0,,
238,1,444910,2025100212,atl,2025,10,41.75,314.75,993.1,1.45,6,15.129,80.489
241,1,367518,2017101300,atl,2017,10,55.5,262.75,1001.7,1.26,18,18.577,82.266
242,1,260981,2006102000,atl,2006,10,34.25,275.25,1003.8,1.021,12,42.031,69.091
244,1,386406,2019100300,atl,2019,10,46.25,311.25,989.6,1.409,102,24.714,78.328
245,1,435424,2024101012,atl,2024,10,51.75,299.0,1002.7,1.089,12,10.468,342.8
246,1,445489,2025102912,atl,2025,10,46.5,327.25,981.1,1.041,18,35.225,77.707
248,1,289956,2009101712,atl,2009,10,62.5,339.75,1004.6,1.202,0,,
249,1,299940,2010102600,atl,2010,10,41.75,263.75,981.5,1.23,6,57.796,42.664
250,1,310347,2011111112,atl,2011,11,36.5,335.0,1008.4,1.087,6,31.445,123.816
252,1,310447,2011111812,atl,2011,11,51.5,309.5,990.0,1.566,36,17.569,354.918
256,1,320063,2012110912,atl,2012,11,48.5,298.75,997.5,1.936,12,15.802,18.331
257,1,310452,2011111712,atl,2011,11,36.5,286.0,1007.3,1.178,0,,
259,1,377797,2018111400,atl,2018,11,44.25,293.25,996.4,2.168,6,35.04,50.049
260,1,261287,2006110900,atl,2006,11,46.75,326.0,1002.0,1.627,30,16.491,24.55
261,1,348952,2015110712,atl,2015,11,45.25,335.5,1004.7,1.141,18,50.552,49.992
262,1,349168,2015112200,atl,2015,11,53.0,319.0,1006.5,1.531,42,55.518,18.978
263,1,320381,2012112900,atl,2012,11,41.0,298.0,1004.9,1.705,6,7.95,71.672
265,1,281112,2008112600,atl,2008,11,59.5,329.5,1005.5,1.13,0,,
267,1,358488,2016110700,atl,2016,11,52.5,320.75,1001.9,1.319,0,,
269,1,387346,2019111300,atl,2019,11,48.5,296.5,997.0,1.118,24,33.932,35.862
272,1,416306,2022112012,atl,2022,11,45.75,294.0,1006.7,1.547,0,,
273,1,387241,2019110612,atl,2019,11,52.5,295.25,1003.2,1.606,0,,
276,1,406718,2021111512,atl,2021,11,44.25,291.0,1002.5,1.342,66,53.955,95.317
278,1,339384,2014110712,atl,2014,11,44.5,292.5,992.7,1.305,30,20.7,43.561
281,1,339560,2014111800,atl,2014,11,45.75,287.25,997.4,1.469,18,50.048,41.472
282,1,310517,2011112300,atl,2011,11,39.5,322.0,1000.2,1.194,6,45.888,49.174
285,1,406997,2021113012,atl,2021,11,60.75,349.25,996.2,1.12,18,6.6,67.74
287,1,329567,2013110912,atl,2013,11,51.25,315.75,986.3,1.521,48,31.435,162.622
288,1,436205,2024112200,atl,2024,11,48.5,316.75,993.4,1.52,12,8.199,23.833
289,1,290702,2009112700,atl,2009,11,37.25,289.0,1001.3,1.314,12,22.367,38.52
290,1,406588,2021110612,atl,2021,11,47.5,311.5,997.1,1.399,24,26.777,49.191
291,1,281132,2008113000,atl,2008,11,49.75,298.0,998.2,1.237,60,13.568,56.444
292,1,349012,2015111112,atl,2015,11,48.5,323.25,996.8,1.021,18,29.923,94.793
293,1,329616,2013111300,atl,2013,11,52.5,297.75,997.5,1.311,54,23.37,77.646
295,1,377802,2018111400,atl,2018,11,46.5,337.25,990.4,1.149,0,,
296,1,290318,2009110600,atl,2009,11,39.0,295.25,1005.9,1.114,0,,
297,1,339611,2014112112,atl,2014,11,51.0,303.0,997.0,1.498,12,33.017,72.37
300,1,349348,2015120312,atl,2015,12,48.75,308.75,995.6,1.759,6,62.621,71.374
303,1,290721,2009120112,atl,2009,12,44.5,300.75,996.4,1.606,78,43.425,191.848
305,1,446180,2025121412,atl,2025,12,38.0,286.25,1009.4,1.754,0,,
307,1,301056,2010122612,atl,2010,12,33.25,283.25,994.3,1.765,12,37.195,57.473
308,1,310980,2011123000,atl,2011,12,65.75,328.0,996.2,1.451,42,5.405,157.671
311,1,290760,2009120412,atl,2009,12,58.25,358.5,1002.1,1.143,90,10.888,313.537
314,1,330314,2013122712,atl,2013,12,46.5,303.5,1002.2,1.161,0,,
315,1,271735,2007122212,atl,2007,12,64.75,350.0,994.8,1.072,12,23.123,13.332
317,1,445982,2025120112,atl,2025,12,49.5,297.75,1004.9,1.311,30,57.191,69.531
318,1,252207,2005121012,atl,2005,12,62.75,344.5,1001.7,1.227,42,12.814,38.704
321,1,397403,2020120712,atl,2020,12,33.5,284.25,1007.1,1.669,0,,
322,1,349584,2015121912,atl,2015,12,50.0,300.75,982.8,1.801,48,13.891,43.955
323,1,416779,2022122300,atl,2022,12,41.5,275.75,1001.9,1.638,6,18.01,123.727
328,1,300667,2010120512,atl,2010,12,38.0,292.25,1000.0,1.835,0,,
329,1,426511,2023121400,atl,2023,12,51.5,304.5,1008.1,1.303,0,,
330,1,436470,2024121200,atl,2024,12,46.25,288.0,994.5,1.158,12,43.576,23.374
331,1,242784,2004122112,atl,2004,12,64.0,336.5,981.5,1.425,54,33.134,112.164
333,1,281561,2008122412,atl,2008,12,43.75,270.5,1006.5,1.109,0,,
334,1,281492,2008122100,atl,2008,12,36.75,274.25,1006.9,1.29,6,58.573,82.643
335,1,281476,2008121912,atl,2008,12,47.0,325.0,1002.5,1.6,12,35.215,55.394
338,1,271715,2007122212,atl,2007,12,34.25,262.25,1004.2,1.263,36,22.731,90.0
339,1,407304,2021122200,atl,2021,12,31.5,282.0,998.3,1.52,24,36.802,35.395
340,1,349387,2015120612,atl,2015,12,45.5,333.0,995.3,1.627,12,14.331,29.281
341,1,252326,2005121700,atl,2005,12,63.25,323.25,1004.6,1.125,6,34.422,29.363
342,1,339944,2014121212,atl,2014,12,64.25,317.5,1008.0,1.442,0,,
343,1,310694,2011120712,atl,2011,12,37.5,281.25,1008.7,1.58,0,,
344,1,368537,2017121000,atl,2017,12,40.25,290.75,998.2,1.384,24,32.643,40.015
348,1,397514,2020121412,atl,2020,12,34.5,276.25,1005.1,1.608,12,34.353,64.11
349,1,252123,2005120112,atl,2005,12,38.25,290.0,1009.5,1.111,0,,
350,1,320870,2012122900,atl,2012,12,31.25,270.75,1007.4,1.485,18,26.721,73.7
351,1,271623,2007121412,atl,2007,12,40.75,301.0,1003.9,1.094,6,36.33,82.089
353,1,242716,2004121300,atl,2004,12,52.25,318.75,994.8,1.31,0,,
354,1,261815,2006121300,atl,2006,12,52.5,333.0,988.8,1.159,6,29.906,59.896
356,1,436507,2024121312,atl,2024,12,61.25,320.25,1003.9,1.057,0,,
358,1,446227,2025121912,atl,2025,12,49.25,281.25,981.5,1.207,48,26.442,67.779
359,1,340151,2014122912,atl,2014,12,46.75,316.0,993.4,1.029,42,43.115,83.34
360,1,330264,2013122312,atl,2013,12,55.5,347.0,954.1,1.058,18,35.958,33.457
361,1,271497,2007120800,atl,2007,12,63.0,345.75,994.6,1.118,6,6.049,325.746
362,1,407020,2021120300,atl,2021,12,48.75,287.0,990.7,1.189,42,27.42,105.874
364,1,368579,2017121412,atl,2017,12,40.0,288.25,999.6,1.405,66,75.065,95.734
365,1,397452,2020121012,atl,2020,12,40.0,298.75,1002.7,1.002,6,42.115,107.266
366,1,290875,2009120900,atl,2009,12,37.75,266.25,995.5,1.0,6,15.512,14.765
371,1,320548,2012121200,atl,2012,12,51.25,312.5,989.3,1.328,54,29.889,70.454
378,0,417207,2023011912,pac,2022,1,40.5,203.0,1001.0,1.039,0,,
379,0,340299,2015010600,pac,2014,1,36.75,167.0,997.2,1.607,0,,
380,0,350014,2016011800,pac,2015,1,34.0,137.0,992.2,1.413,30,33.508,68.096
381,0,311039,2012010212,pac,2011,1,38.0,150.0,982.7,1.114,18,34.407,43.399
383,0,330486,2014010900,pac,2013,1,38.75,147.75,991.8,1.008,18,43.342,58.726
384,0,262080,2007010300,pac,2006,1,42.5,168.25,991.1,1.492,12,55.253,60.151
386,0,272142,2008011912,pac,2007,1,32.75,164.5,1002.7,2.142,6,36.069,119.025
387,0,388610,2020013112,pac,2019,1,39.5,160.75,988.1,2.218,0,,
388,0,398056,2021011712,pac,2020,1,31.5,150.75,1007.6,1.803,6,40.859,56.587
389,0,378635,2019011100,pac,2018,1,43.0,156.25,992.0,1.602,0,,
390,0,321228,2013012212,pac,2012,1,37.5,146.75,993.5,1.032,6,23.07,71.029
391,0,397957,2021011300,pac,2020,1,41.0,154.0,990.9,1.345,18,52.867,48.544
392,0,243408,2005012700,pac,2004,1,34.0,164.5,984.1,1.296,42,52.771,79.077
393,0,349774,2016010112,pac,2015,1,37.75,167.0,990.9,1.638,18,51.456,87.215
396,0,417031,2023011000,pac,2022,1,41.25,151.25,998.5,1.576,18,28.634,100.056
397,0,301237,2011010600,pac,2010,1,39.75,151.5,991.5,1.507,0,,
399,0,378604,2019010912,pac,2018,1,40.5,164.75,974.0,2.09,18,42.434,49.604
402,0,378863,2019012600,pac,2018,1,35.0,144.0,1003.6,1.733,6,31.122,99.245
404,0,262427,2007012900,pac,2006,1,32.5,185.0,991.2,1.627,54,80.733,109.915
405,0,272047,2008011200,pac,2007,1,34.25,137.75,1008.1,1.475,0,,
406,0,426805,2024010400,pac,2023,1,38.5,145.0,999.4,1.058,6,11.739,90.0
409,0,349935,2016011312,pac,2015,1,36.75,175.75,972.4,1.61,42,60.302,85.244
412,0,330836,2014013100,pac,2013,1,30.75,191.5,1007.7,1.221,0,,
414,0,271908,2008010300,pac,2007,1,47.25,193.75,984.7,1.234,0,,
416,0,398076,2021011900,pac,2020,1,42.25,147.0,998.8,1.084,18,18.266,65.757
419,0,368942,2018010612,pac,2017,1,36.0,158.0,978.8,1.078,24,37.17,78.359
421,0,321203,2013012112,pac,2012,1,37.5,170.0,983.2,1.106,24,29.542,53.674
423,0,311184,2012011100,pac,2011,1,36.0,144.25,1008.6,2.072,0,,
426,0,330620,2014011912,pac,2013,1,35.75,160.5,987.1,1.845,30,25.58,60.748
427,0,369219,2018012212,pac,2017,1,33.25,141.0,995.3,2.116,12,44.474,63.276
428,0,291579,2010012400,pac,2009,1,34.5,162.25,997.2,1.244,18,52.051,81.715
429,0,407670,2022011112,pac,2021,1,41.25,180.0,988.6,1.625,0,,
430,0,378541,2019010512,pac,2018,1,42.0,156.0,991.5,1.551,12,46.715,83.856
431,0,378764,2019011912,pac,2018,1,41.5,185.75,984.6,1.467,6,16.807,41.948
433,0,350129,2016012400,pac,2015,1,37.25,145.75,993.8,1.551,0,,
434,0,252828,2006011700,pac,2005,1,36.75,149.0,1004.3,1.893,0,,
436,0,436812,2025010812,pac,2024,1,43.75,168.0,986.1,1.201,6,27.86,57.424
437,0,397829,2021010712,pac,2020,1,40.0,183.25,989.1,1.824,42,38.627,82.563
439,0,397899,2021011200,pac,2020,1,47.5,173.0,1000.2,1.622,72,7.204,110.307
441,0,407889,2022012500,pac,2021,1,35.25,159.5,983.3,1.492,30,40.057,119.953
442,0,291599,2010012512,pac,2009,1,50.5,146.25,992.0,1.037,12,25.103,26.323
443,0,271952,2008010600,pac,2007,1,35.5,152.75,1007.8,1.611,0,,
444,0,272059,2008011300,pac,2007,1,52.0,170.75,986.6,1.525,6,40.66,60.535
445,0,397850,2021010700,pac,2020,1,39.25,135.0,1001.7,1.158,6,27.104,90.0
447,0,311068,2012010500,pac,2011,1,38.5,162.25,990.8,1.07,30,54.66,68.537
448,0,330503,2014011000,pac,2013,1,44.75,208.5,1003.1,1.376,6,23.698,42.399
449,0,272183,2008012112,pac,2007,1,32.5,148.75,1005.6,1.163,6,21.232,83.238
450,0,252560,2006010100,pac,2005,1,37.5,176.0,994.9,1.302,6,38.429,155.613
451,0,407806,2022012012,pac,2021,1,35.0,152.5,999.8,1.266,12,27.088,79.363
455,0,243217,2005011512,pac,2004,1,31.5,141.5,997.3,1.441,42,31.513,37.502
456,0,262352,2007012300,pac,2006,1,36.25,165.5,988.7,1.559,24,66.847,74.824
457,0,262146,2007010700,pac,2006,1,42.0,143.5,965.7,1.023,18,14.542,30.732
458,0,272206,2008012400,pac,2007,1,37.0,150.25,987.3,1.086,18,29.978,59.976
459,0,436781,2025010600,pac,2024,1,40.0,206.25,981.3,1.019,6,44.667,43.314
460,0,330574,2014011600,pac,2013,1,32.25,154.25,994.5,1.342,30,41.133,60.907
461,0,368984,2018010900,pac,2017,1,41.0,146.0,986.1,1.471,24,64.587,83.332
462,0,350034,2016011800,pac,2015,1,40.5,173.0,1003.3,1.303,0,,
463,0,359629,2017012100,pac,2016,1,36.25,151.0,988.2,1.155,18,48.451,87.042
464,0,378703,2019011512,pac,2018,1,37.75,202.25,986.0,1.098,6,42.699,76.456
466,0,359411,2017010812,pac,2016,1,32.5,138.0,988.8,1.477,18,27.863,79.662
467,0,311406,2012012612,pac,2011,1,40.5,163.0,980.0,1.389,6,24.022,33.638
469,0,388668,2020020512,pac,2019,2,41.25,152.0,994.2,1.675,12,33.052,52.764
470,0,243932,2005022500,pac,2004,2,34.25,145.5,988.0,1.418,48,44.882,67.051
473,0,292010,2010021612,pac,2009,2,42.25,160.0,984.0,1.556,30,44.663,55.962
476,0,253089,2006020300,pac,2005,2,34.25,210.5,997.4,1.642,6,28.687,52.409
477,0,311941,2012022512,pac,2011,2,36.0,145.75,998.6,1.183,12,40.947,47.809
479,0,350746,2016022912,pac,2015,2,35.75,185.25,992.0,1.723,6,50.969,95.63
482,0,417577,2023021012,pac,2022,2,33.5,138.0,1007.1,1.122,6,37.58,70.572
483,0,447092,2026020900,pac,2025,2,40.25,165.0,980.0,1.599,30,47.628,61.809
484,0,243594,2005020412,pac,2004,2,38.5,172.25,982.6,1.803,6,40.097,29.205
485,0,321604,2013021300,pac,2012,2,36.5,144.25,1001.8,1.433,0,,
487,0,417526,2023020800,pac,2022,2,34.5,154.75,998.9,1.942,6,41.007,64.738
488,0,379012,2019020400,pac,2018,2,41.75,144.25,989.7,1.35,18,49.804,69.429
489,0,398434,2021020900,pac,2020,2,36.25,160.25,997.7,1.935,6,33.772,287.224
490,0,272478,2008021012,pac,2007,2,29.25,150.75,998.6,1.724,30,42.03,69.091
491,0,282342,2009021300,pac,2008,2,36.25,163.0,988.4,1.058,36,38.306,90.0
492,0,301717,2011020512,pac,2010,2,30.75,181.25,1000.2,1.348,30,30.183,94.751
493,0,427331,2024020312,pac,2023,2,41.25,168.0,993.3,1.22,6,37.837,70.709
494,0,447074,2026020800,pac,2025,2,37.5,165.5,990.0,1.427,24,30.682,75.851
495,0,272476,2008020912,pac,2007,2,37.75,176.0,990.8,1.472,12,42.284,69.222
496,0,331292,2014022612,pac,2013,2,42.0,168.0,985.1,1.301,24,18.038,46.134
498,0,369846,2018022700,pac,2017,2,37.75,161.75,986.8,1.889,18,48.19,47.591
499,0,301771,2011020700,pac,2010,2,38.25,146.25,996.2,1.286,6,29.604,59.557
501,0,321866,2013022812,pac,2012,2,41.75,159.25,995.3,1.293,30,20.517,90.0
504,0,243745,2005021400,pac,2004,2,34.0,157.75,1000.1,2.153,6,31.189,94.598
505,0,291910,2010021200,pac,2009,2,38.75,190.0,985.5,1.892,42,88.297,115.132
506,0,330894,2014020412,pac,2013,2,40.75,153.5,990.3,1.412,42,39.796,28.419
510,0,360023,2017021612,pac,2016,2,35.25,182.0,998.6,1.156,30,34.1,63.904
511,0,321462,2013020712,pac,2012,2,36.0,172.0,1000.8,1.625,42,60.882,85.289
514,0,263079,2007022812,pac,2006,2,36.25,148.0,1005.7,1.614,6,29.864,47.955
515,0,272396,2008020412,pac,2007,2,45.5,204.0,1007.2,1.182,0,,
517,0,379370,2019022312,pac,2018,2,36.0,154.0,982.3,1.517,18,36.585,70.021
519,0,243536,2005020112,pac,2004,2,42.0,151.5,977.1,1.487,18,18.366,17.666
523,0,272679,2008022300,pac,2007,2,29.5,184.25,997.4,1.353,12,30.925,66.159
524,0,427706,2024022600,pac,2023,2,32.5,144.75,993.7,1.422,24,11.668,64.626
525,0,437175,2025020312,pac,2024,2,35.5,158.5,993.0,1.205,42,36.016,73.88
526,0,321574,2013021200,pac,2012,2,40.0,172.25,994.2,1.162,12,39.575,55.352
529,0,282462,2009021712,pac,2008,2,48.0,174.0,983.1,1.141,12,69.094,37.248
532,0,311646,2012021000,pac,2011,2,41.5,184.25,976.5,1.374,6,57.05,72.137
533,0,311884,2012022312,pac,2011,2,38.5,147.0,988.1,1.19,30,37.584,62.249
535,0,292890,2010032412,pac,2009,3,41.0,172.5,1004.6,1.658,6,43.35,73.241
536,0,292527,2010031000,pac,2009,3,47.5,202.0,988.7,1.241,18,44.81,70.443
537,0,302503,2011031200,pac,2010,3,38.0,160.75,1001.5,1.718,6,32.085,67.071
538,0,427920,2024030712,pac,2023,3,28.25,144.0,1007.9,2.253,18,29.062,260.093
539,0,360895,2017032700,pac,2016,3,34.25,143.0,999.4,1.258,6,20.815,83.102
541,0,360731,2017032112,pac,2016,3,34.0,143.5,987.3,1.102,24,27.836,63.316
542,0,331514,2014030812,pac,2013,3,39.25,171.0,987.5,1.314,24,18.969,66.711
544,0,331606,2014031312,pac,2013,3,38.25,188.0,1003.4,1.345,48,39.976,79.186
546,0,370073,2018030900,pac,2017,3,42.25,141.5,1001.3,1.294,6,16.727,26.265
547,0,292906,2010032512,pac,2009,3,39.75,147.0,991.4,1.268,12,27.446,50.386
548,0,428085,2024031600,pac,2023,3,40.25,153.75,993.1,1.048,54,41.978,90.0
549,0,312700,2012033112,pac,2011,3,43.75,147.75,987.8,1.606,24,32.518,46.217
550,0,438047,2025031912,pac,2024,3,38.0,147.75,995.1,1.258,30,31.197,71.304
552,0,282899,2009030912,pac,2008,3,29.25,135.0,1003.1,2.139,6,37.105,61.859
553,0,379530,2019030412,pac,2018,3,36.5,148.5,989.6,1.078,42,31.064,76.028
554,0,283165,2009032100,pac,2008,3,35.25,154.0,1000.3,1.611,0,,
555,0,312452,2012032200,pac,2011,3,42.75,169.5,990.6,1.319,42,38.474,54.21
558,0,428024,2024031212,pac,2023,3,36.75,142.0,992.3,2.062,18,48.462,51.753
559,0,379870,2019031912,pac,2018,3,37.5,183.25,992.1,1.544,30,49.836,84.242
560,0,341232,2015030400,pac,2014,3,36.75,141.75,998.3,1.249,18,45.536,56.7
561,0,360830,2017032500,pac,2016,3,35.0,160.75,1001.2,1.298,18,36.222,73.974
562,0,312094,2012030400,pac,2011,3,48.25,168.75,993.7,1.226,30,40.3,29.716
563,0,282792,2009030412,pac,2008,3,37.25,147.25,1003.1,1.165,6,23.139,71.087
564,0,370456,2018032200,pac,2017,3,53.75,175.5,994.8,1.353,0,,
565,0,292971,2010032912,pac,2009,3,35.5,155.0,987.5,1.112,30,19.794,67.734
567,0,408668,2022031112,pac,2021,3,34.5,174.75,993.7,1.95,18,46.949,61.364
568,0,272839,2008030112,pac,2007,3,38.25,162.0,989.5,1.249,6,51.107,92.804
571,0,437821,2025031000,pac,2024,3,38.5,154.75,1004.4,1.418,6,15.615,61.294
576,0,389424,2020031612,pac,2019,3,38.0,149.75,989.8,1.188,18,29.97,80.396
577,0,428185,2024032000,pac,2023,3,36.25,141.0,999.4,1.637,12,42.114,114.553
580,0,369872,2018030100,pac,2017,3,39.0,135.5,985.4,1.119,36,32.777,62.765
581,0,427991,2024031012,pac,2023,3,39.75,159.75,996.9,1.077,18,19.861,75.419
582,0,263336,2007031400,pac,2006,3,34.5,154.0,1002.7,1.064,0,,
583,0,409967,2022042912,pac,2021,4,35.75,142.0,992.3,1.706,6,2.5,0.0
584,0,429034,2024041812,pac,2023,4,32.0,140.75,991.4,1.004,42,38.148,70.873
585,0,380211,2019040212,pac,2018,4,35.75,163.5,997.1,1.705,18,52.989,84.586
587,0,370834,2018040600,pac,2017,4,36.75,207.5,997.1,1.35,42,90.28,93.175
588,0,380448,2019041000,pac,2018,4,35.0,170.75,983.8,1.119,12,46.43,67.857
589,0,283491,2009040200,pac,2008,4,37.75,147.5,992.6,1.174,18,9.355,57.692
591,0,263927,2007040512,pac,2006,4,39.25,167.25,994.5,1.226,30,26.381,61.717
592,0,342105,2015041200,pac,2014,4,42.0,158.5,1004.0,1.454,6,49.263,56.067
593,0,322753,2013040212,pac,2012,4,32.5,138.25,999.9,1.127,6,29.414,59.339
595,0,254489,2006040512,pac,2005,4,36.0,146.0,985.3,1.376,30,35.808,73.783
596,0,322708,2013040100,pac,2012,4,41.0,156.25,1002.2,1.882,6,38.206,62.739
599,0,450023,2026052212,pac,2025,5,34.5,147.0,1003.4,1.161,48,24.724,90.0
600,0,400735,2021051412,pac,2020,5,36.0,151.25,1003.7,1.049,48,25.403,72.828
602,0,395258,2020082912,pac,2020,8,43.5,170.25,993.0,1.577,24,68.911,90.0
603,0,338418,2014092600,pac,2014,9,44.0,152.0,999.9,1.194,18,36.533,56.808
606,0,424815,2023092400,pac,2023,9,44.5,212.0,992.1,1.416,102,54.592,108.697
608,0,414765,2022091400,pac,2022,9,28.25,162.0,982.3,1.115,102,12.693,350.008
609,0,425012,2023092800,pac,2023,9,37.25,165.75,998.8,1.577,24,29.955,94.787
610,0,396061,2020092612,pac,2020,9,45.5,198.75,985.6,1.02,30,30.263,60.287
611,0,288826,2009090612,pac,2009,9,31.25,155.0,999.0,1.386,60,20.505,31.41
612,0,415252,2022092712,pac,2022,9,30.0,142.25,993.9,1.37,48,11.924,33.004
615,0,444711,2025092600,pac,2025,9,49.75,210.0,994.3,1.142,6,49.453,66.145
616,0,250708,2005092312,pac,2005,9,28.25,138.5,985.3,1.127,96,6.663,318.623
618,0,329312,2013102300,pac,2013,10,43.25,181.25,987.5,1.147,12,43.707,73.382
619,0,445442,2025102800,pac,2025,10,44.5,215.25,992.9,1.078,36,21.967,46.933
620,0,251286,2005101312,pac,2005,10,41.25,175.25,987.7,1.221,24,43.811,59.098
622,0,260808,2006101700,pac,2006,10,44.0,174.25,981.6,1.109,132,91.028,60.373
623,0,270771,2007102700,pac,2007,10,29.5,136.25,993.2,1.003,30,43.667,36.724
624,0,406331,2021102312,pac,2021,10,41.0,159.75,989.0,1.007,42,22.657,48.544
626,0,260835,2006101400,pac,2006,10,43.5,170.25,989.3,1.64,18,32.345,57.245
630,0,348001,2015100112,pac,2015,10,42.25,136.0,979.2,1.35,132,54.004,46.021
631,0,357722,2016100612,pac,2016,10,42.75,158.25,985.3,1.367,96,41.607,76.093
633,0,310008,2011102412,pac,2011,10,46.75,186.75,990.1,1.169,18,46.854,80.789
634,0,406204,2021101612,pac,2021,10,48.25,142.0,1001.9,1.147,12,30.555,25.84
635,0,329434,2013103100,pac,2013,10,39.5,157.75,990.7,1.192,18,35.175,55.348
636,0,299652,2010101300,pac,2010,10,40.75,215.25,1009.3,1.847,0,,
637,0,348356,2015101012,pac,2015,10,42.5,198.0,988.5,1.424,24,48.183,84.044
639,0,415907,2022102800,pac,2022,10,51.75,170.5,989.6,1.227,66,42.188,61.701
640,0,241609,2004100700,pac,2004,10,44.75,209.0,984.6,1.177,12,38.602,74.986
641,0,406284,2021102100,pac,2021,10,50.75,173.25,974.9,1.286,36,81.889,52.368
643,0,310071,2011102712,pac,2011,10,45.25,213.25,1001.8,1.63,6,34.54,54.617
644,0,367465,2017101100,pac,2017,10,51.0,167.5,983.5,1.113,30,29.372,40.0
646,0,260580,2006100712,pac,2006,10,47.25,181.75,997.4,1.423,126,39.28,145.831
647,0,280449,2008102112,pac,2008,10,44.75,166.0,972.6,1.197,84,34.742,54.853
650,0,396798,2020102812,pac,2020,10,40.25,163.0,994.3,1.366,18,56.618,45.05
652,0,299908,2010102600,pac,2010,10,49.75,155.0,982.7,1.412,36,16.855,42.132
655,0,406436,2021103000,pac,2021,10,39.0,158.25,995.5,1.165,72,50.642,53.673
656,0,338817,2014101200,pac,2014,10,31.0,166.75,996.5,2.032,18,42.357,65.597
659,0,348704,2015102412,pac,2015,10,43.25,189.0,995.7,2.297,18,40.231,71.898
661,0,261329,2006111200,pac,2006,11,41.5,204.5,999.0,1.062,36,40.34,68.171
662,0,377913,2018112212,pac,2018,11,38.5,149.75,988.0,1.306,12,35.515,55.726
663,0,368272,2017112312,pac,2017,11,38.25,147.0,989.1,1.617,30,41.749,48.8
664,0,416328,2022112200,pac,2022,11,36.5,188.75,1001.9,1.46,6,36.26,86.047
667,0,426099,2023111900,pac,2023,11,46.5,157.0,966.8,1.201,6,37.423,36.713
668,0,242325,2004111500,pac,2004,11,44.0,137.25,998.6,1.926,6,30.865,60.923
669,0,281090,2008112500,pac,2008,11,36.5,146.5,997.2,1.674,6,39.16,67.478
671,0,290554,2009111800,pac,2009,11,39.25,150.5,991.3,1.883,30,58.171,53.01
677,0,416220,2022111512,pac,2022,11,34.5,144.5,1003.0,1.088,18,17.224,73.125
679,0,358815,2016112800,pac,2016,11,41.75,153.75,986.8,1.596,6,29.225,39.657
691,0,406839,2021112012,pac,2021,11,36.25,162.75,997.2,1.135,12,16.058,38.884
692,0,416403,2022112712,pac,2022,11,32.0,155.75,999.9,1.178,30,51.018,72.901
693,0,445638,2025110612,pac,2025,11,36.25,152.0,999.1,1.736,0,,
695,0,377636,2018110100,pac,2018,11,39.5,171.5,987.9,1.356,0,,
696,0,436050,2024111212,pac,2024,11,35.25,160.75,995.2,1.475,30,18.374,90.0
699,0,310453,2011111800,pac,2011,11,40.25,167.75,995.2,1.104,12,34.926,49.893
700,0,436167,2024111912,pac,2024,11,42.25,223.0,978.5,1.248,12,46.533,83.832
702,0,349179,2015112112,pac,2015,11,47.25,158.25,1001.7,1.196,6,43.402,69.781
704,0,426262,2023112900,pac,2023,11,47.0,160.75,975.2,1.012,12,46.035,90.0
707,0,310414,2011111512,pac,2011,11,56.5,201.75,1004.9,1.38,24,36.223,82.066
710,0,339572,2014111912,pac,2014,11,43.0,187.0,975.3,1.165,36,45.627,74.1
712,0,290788,2009120400,pac,2009,12,38.75,152.25,983.4,1.324,24,33.892,48.404
713,0,330189,2013121912,pac,2013,12,31.75,142.75,1000.7,2.214,66,9.865,59.545
715,0,388031,2019122700,pac,2019,12,38.0,145.75,988.8,1.969,18,59.575,97.232
716,0,436573,2024121912,pac,2024,12,34.75,154.0,997.3,2.298,12,56.201,71.857
717,0,358950,2016120800,pac,2016,12,35.75,150.5,1008.6,1.658,0,,
718,0,271852,2007122912,pac,2007,12,42.0,144.75,992.3,1.085,6,20.749,32.496
719,0,397476,2020121300,pac,2020,12,42.0,155.25,984.0,1.259,24,41.753,53.219
723,0,359222,2016122712,pac,2016,12,40.25,151.25,989.9,1.406,18,39.45,75.316
724,0,387937,2019122212,pac,2019,12,32.5,139.75,1002.8,1.081,6,74.426,74.412
727,0,446163,2025121400,pac,2025,12,33.0,137.25,1002.4,1.615,6,31.01,71.187
728,0,290764,2009120200,pac,2009,12,39.0,168.0,995.0,1.785,18,29.569,80.265
730,0,310765,2011121400,pac,2011,12,43.5,185.0,979.7,1.592,18,48.994,62.662
731,0,436564,2024121812,pac,2024,12,38.0,156.0,1001.0,1.377,6,32.4,76.616
732,0,252341,2005121800,pac,2005,12,32.0,203.0,989.5,1.256,12,40.36,86.449
734,0,426291,2023120100,pac,2023,12,40.25,165.0,1000.1,1.349,18,55.492,74.317
738,0,445981,2025120100,pac,2025,12,44.25,139.75,997.6,1.162,18,51.276,60.82
739,0,358863,2016120100,pac,2016,12,43.25,188.25,996.1,1.499,6,31.162,61.226
741,0,349680,2015122412,pac,2015,12,43.25,199.5,999.1,1.97,12,39.607,18.773
743,0,271712,2007122112,pac,2007,12,36.75,177.5,994.9,1.561,18,49.104,78.25
744,0,349432,2015120900,pac,2015,12,39.25,196.5,991.8,1.186,0,,
745,0,378400,2018122712,pac,2018,12,40.0,161.25,984.3,1.748,18,33.557,47.895
746,0,271435,2007120400,pac,2007,12,46.25,159.0,988.0,1.772,18,48.726,48.165
750,0,387906,2019122012,pac,2019,12,39.25,158.25,996.8,1.647,6,55.135,65.915
751,0,290914,2009121200,pac,2009,12,33.0,143.0,1004.9,1.113,18,16.482,117.068
753,0,387717,2019120912,pac,2019,12,41.0,185.75,982.9,1.185,36,43.468,86.703
755,0,330083,2013121000,pac,2013,12,34.0,138.5,996.6,1.454,0,,
756,0,320784,2012122412,pac,2012,12,37.25,158.75,992.9,1.239,24,37.006,66.088
757,0,397589,2020121900,pac,2020,12,43.75,150.5,995.2,1.242,0,,
758,0,406998,2021120100,pac,2021,12,46.5,138.75,982.1,1.319,24,27.315,34.542
759,0,378258,2018121700,pac,2018,12,33.0,138.25,1005.1,1.584,6,31.01,71.187
762,0,310907,2011122300,pac,2011,12,33.5,153.25,995.3,1.067,18,58.687,67.456
763,0,416581,2022120800,pac,2022,12,37.5,149.0,1006.5,1.592,0,,
764,0,426489,2023121300,pac,2023,12,48.0,160.0,990.5,1.758,18,27.177,42.616
765,0,300622,2010120300,pac,2010,12,40.5,137.25,997.6,1.529,6,46.926,16.474
767,0,397649,2020122500,pac,2020,12,45.5,151.25,997.9,1.664,36,3.053,144.973
768,0,281641,2008123100,pac,2008,12,37.25,157.75,988.1,1.708,6,22.032,83.485
769,0,290796,2009120312,pac,2009,12,33.0,193.75,993.0,1.201,6,27.512,56.961
770,0,310858,2011122012,pac,2011,12,37.75,176.5,998.9,1.277,18,46.002,70.969
773,0,310728,2011121012,pac,2011,12,37.75,173.0,1002.3,1.482,6,40.78,75.805
774,0,320877,2012122900,pac,2012,12,37.5,192.75,980.3,1.389,0,,
775,0,300674,2010120712,pac,2010,12,34.75,143.25,999.9,1.329,24,18.487,90.0
776,0,339993,2014121612,pac,2014,12,37.0,142.5,981.3,1.341,12,59.288,50.765
777,0,436363,2024120612,pac,2024,12,38.0,178.0,984.7,1.375,54,34.908,64.551
779,0,407371,2021122500,pac,2021,12,32.75,141.75,1000.9,1.316,6,46.633,71.237
780,0,416672,2022121412,pac,2022,12,44.75,152.0,985.7,1.092,6,41.316,43.438
786,0,446115,2025121012,pac,2025,12,33.75,166.25,997.3,1.291,30,28.198,12.777
787,0,242550,2004120100,pac,2004,12,38.5,175.75,994.5,1.394,12,63.698,59.321
378,1,407597,2022010712,pac,2021,1,34.0,158.25,999.4,1.044,18,39.459,86.367
379,1,407554,2022010400,pac,2021,1,35.5,148.0,1007.4,1.607,0,,
380,1,243302,2005012000,pac,2004,1,38.25,147.75,1006.1,1.414,6,14.013,44.469
381,1,311180,2012011100,pac,2011,1,45.75,151.75,1004.0,1.119,6,20.108,60.177
383,1,281877,2009011900,pac,2008,1,43.5,140.0,997.4,1.008,12,11.767,50.404
384,1,446647,2026011300,pac,2025,1,41.5,137.25,997.4,1.493,36,41.87,79.681
386,1,330620,2014011900,pac,2013,1,33.0,154.5,1000.2,2.057,18,50.698,350.478
387,1,407889,2022012412,pac,2021,1,32.75,149.0,1000.0,2.374,18,42.348,83.219
388,1,243176,2005011100,pac,2004,1,36.25,151.75,1004.7,1.801,6,35.328,321.116
389,1,272281,2008012900,pac,2007,1,35.25,144.0,1004.6,1.596,6,70.543,60.254
390,1,252765,2006011500,pac,2005,1,37.75,148.75,986.6,1.033,42,39.583,71.591
391,1,388348,2020011612,pac,2019,1,45.0,203.25,1000.5,1.347,0,,
392,1,446853,2026012500,pac,2025,1,38.5,155.5,992.9,1.291,18,26.598,61.969
393,1,272114,2008011700,pac,2007,1,35.75,161.0,1001.8,1.639,6,28.753,29.601
396,1,349925,2016011012,pac,2015,1,42.5,153.5,1000.7,1.574,6,42.433,72.868
397,1,291513,2010011912,pac,2009,1,55.25,136.0,1007.8,1.515,0,,
399,1,271944,2008010512,pac,2007,1,34.75,174.75,996.5,2.047,6,45.049,60.036
402,1,340495,2015012212,pac,2014,1,35.25,142.25,996.1,1.749,12,23.453,31.487
404,1,397814,2021010400,pac,2020,1,45.75,192.75,985.9,1.611,0,,
405,1,398074,2021011812,pac,2020,1,36.0,147.0,1002.2,1.46,6,12.59,53.438
406,1,320978,2013010512,pac,2012,1,46.5,141.75,1007.6,1.054,0,,
409,1,330821,2014013012,pac,2013,1,44.25,141.0,998.7,1.569,6,29.356,132.945
412,1,446581,2026010712,pac,2025,1,40.25,193.25,1003.8,1.22,0,,
414,1,359489,2017011312,pac,2016,1,33.75,173.75,994.1,1.235,42,29.209,85.09
416,1,272315,2008013100,pac,2007,1,35.5,150.0,1004.6,1.081,18,55.01,87.395
419,1,262087,2007010300,pac,2006,1,47.5,166.75,989.8,1.076,6,33.62,53.495
421,1,321002,2013010612,pac,2012,1,52.5,160.5,998.9,1.101,0,,
423,1,349935,2016011212,pac,2015,1,30.0,149.0,1002.4,1.968,18,58.256,75.079
426,1,252651,2006010612,pac,2005,1,32.25,141.0,1008.1,1.841,0,,
427,1,388418,2020012100,pac,2019,1,36.0,149.5,1007.2,1.876,6,32.457,85.582
428,1,281722,2009010612,pac,2008,1,36.0,167.0,999.0,1.243,6,44.275,73.601
429,1,252893,2006012100,pac,2005,1,30.25,140.5,1007.6,1.756,6,18.025,346.136
430,1,301501,2011012500,pac,2010,1,36.25,155.5,1003.8,1.449,12,28.336,84.938
431,1,416974,2023010500,pac,2022,1,43.0,165.25,996.1,1.432,0,,
433,1,359427,2017011100,pac,2016,1,41.25,191.0,998.8,1.428,60,23.769,71.607
434,1,340627,2015013012,pac,2014,1,37.0,209.75,988.4,1.834,0,,
436,1,243386,2005012400,pac,2004,1,43.5,137.25,1009.0,1.198,0,,
437,1,369258,2018012412,pac,2017,1,38.5,151.75,993.9,1.818,0,,
439,1,397960,2021011712,pac,2020,1,39.75,199.25,993.6,1.423,126,11.533,90.0
441,1,446701,2026011500,pac,2025,1,44.75,168.75,997.4,1.41,6,11.768,64.856
442,1,320994,2013010612,pac,2012,1,39.25,154.75,1001.3,1.046,6,35.206,69.203
443,1,301207,2011010400,pac,2010,1,33.5,146.0,1001.1,1.409,6,26.117,61.406
444,1,252966,2006012612,pac,2005,1,37.0,163.0,995.0,1.386,0,,
445,1,272275,2008012812,pac,2007,1,39.75,176.0,1007.8,1.158,0,,
447,1,378579,2019010800,pac,2018,1,40.25,190.25,1005.4,1.075,12,35.189,60.178
448,1,252989,2006012800,pac,2005,1,32.75,153.0,1003.1,1.369,0,,
449,1,321039,2013011012,pac,2012,1,36.25,168.75,991.9,1.166,30,44.635,83.568
450,1,359567,2017011712,pac,2016,1,36.0,165.0,994.6,1.29,36,41.669,76.114
451,1,311466,2012013100,pac,2011,1,42.0,181.75,993.0,1.259,6,35.817,51.083
455,1,407962,2022013100,pac,2021,1,37.5,163.5,994.4,1.363,42,31.386,71.421
456,1,427206,2024012912,pac,2023,1,35.5,201.75,986.5,1.358,60,59.987,142.358
457,1,446777,2026012000,pac,2025,1,44.0,146.25,987.9,1.021,18,25.576,347.822
458,1,291528,2010012012,pac,2009,1,28.25,171.75,999.4,1.09,6,34.811,44.097
459,1,321244,2013012512,pac,2012,1,32.0,173.75,1000.0,1.02,48,56.023,79.718
460,1,243509,2005013012,pac,2004,1,32.75,144.0,1003.8,1.336,0,,
461,1,272048,2008011200,pac,2007,1,37.75,151.0,1006.7,1.357,0,,
462,1,311227,2012011612,pac,2011,1,28.25,191.0,994.7,1.285,60,33.874,77.208
463,1,330654,2014012100,pac,2013,1,38.25,147.25,1005.7,1.154,6,27.6,84.803
464,1,262224,2007011312,pac,2006,1,37.25,151.75,1004.2,1.092,6,34.198,81.593
466,1,417031,2023010912,pac,2022,1,46.25,147.0,1006.8,1.327,6,12.357,78.328
467,1,378776,2019012000,pac,2018,1,39.5,139.0,1008.1,1.324,0,,
469,1,282684,2009022800,pac,2008,2,29.0,223.25,1004.6,1.675,0,,
470,1,417455,2023020400,pac,2022,2,36.0,172.5,1007.0,1.421,0,,
473,1,331334,2014022712,pac,2013,2,32.75,222.5,995.0,1.562,0,,
476,1,272431,2008020612,pac,2007,2,33.5,141.75,1006.2,1.658,0,,
477,1,292010,2010021512,pac,2009,2,34.0,141.5,1004.2,1.181,6,41.207,64.869
479,1,272504,2008021212,pac,2007,2,37.75,146.0,993.0,1.73,12,40.315,51.675
482,1,282423,2009021512,pac,2008,2,35.25,139.5,1009.0,1.118,6,7.907,129.227
483,1,388778,2020021112,pac,2019,2,35.25,163.5,1001.7,1.583,18,40.755,72.139
484,1,291910,2010021112,pac,2009,2,42.75,174.5,996.2,1.811,30,22.171,96.474
485,1,359867,2017020512,pac,2016,2,39.5,137.0,1000.0,1.424,6,29.365,80.196
487,1,331292,2014022600,pac,2013,2,39.0,161.0,1000.0,1.894,12,20.826,68.892
488,1,243536,2005020100,pac,2004,2,38.25,148.75,986.3,1.348,6,23.178,49.672
489,1,282503,2009021912,pac,2008,2,31.5,167.5,1003.5,1.849,6,52.056,70.356
490,1,302026,2011021800,pac,2010,2,37.0,141.75,997.8,1.737,18,41.777,65.236
491,1,282613,2009022500,pac,2008,2,46.5,145.25,1005.9,1.06,6,26.085,67.458
492,1,398639,2021022212,pac,2020,2,39.75,142.0,1003.5,1.343,30,2.5,0.0
493,1,340703,2015020500,pac,2014,2,31.25,138.5,1006.7,1.22,0,,
494,1,437250,2025020712,pac,2024,2,36.5,140.75,1002.0,1.412,6,54.776,97.87
495,1,398571,2021021700,pac,2020,2,36.0,140.5,998.0,1.483,0,,
496,1,379316,2019022000,pac,2018,2,41.0,151.25,1002.5,1.299,6,50.082,60.054
498,1,253155,2006020700,pac,2005,2,35.75,141.25,1008.2,1.845,0,,
499,1,282129,2009020100,pac,2008,2,40.5,153.25,980.2,1.293,6,28.266,37.25
501,1,312023,2012022900,pac,2011,2,42.0,179.25,1002.2,1.298,6,26.966,33.448
504,1,350319,2016020500,pac,2015,2,35.5,181.75,1000.4,2.063,18,24.93,78.43
505,1,253242,2006021112,pac,2005,2,35.75,143.0,1009.0,1.835,6,32.559,94.404
506,1,262831,2007021800,pac,2006,2,33.5,139.25,999.1,1.411,18,27.559,79.547
510,1,350278,2016020200,pac,2015,2,37.5,167.0,1005.0,1.154,6,54.991,76.861
511,1,243797,2005021612,pac,2004,2,34.5,178.0,1005.3,1.625,0,,
514,1,291993,2010021500,pac,2009,2,36.5,184.0,999.3,1.515,12,44.212,90.0
515,1,388964,2020022212,pac,2019,2,36.0,188.0,1004.7,1.186,0,,
517,1,398311,2021020112,pac,2020,2,46.75,142.0,998.6,1.459,6,8.922,73.728
519,1,282211,2009020512,pac,2008,2,31.25,150.0,1009.2,1.45,0,,
523,1,389063,2020022812,pac,2019,2,37.25,169.75,994.2,1.357,6,41.664,65.163
524,1,311941,2012022500,pac,2011,2,34.25,140.25,1007.6,1.387,0,,
525,1,437397,2025021700,pac,2024,2,36.75,154.5,1000.9,1.206,18,5.0,180.0
526,1,272637,2008022100,pac,2007,2,37.0,156.0,1005.2,1.158,6,18.845,57.951
529,1,359921,2017020912,pac,2016,2,34.75,143.25,991.3,1.141,18,36.734,57.012
532,1,301772,2011020900,pac,2010,2,35.5,142.0,999.5,1.381,54,51.283,60.824
533,1,360060,2017021712,pac,2016,2,44.25,149.25,990.7,1.194,0,,
535,1,350949,2016030900,pac,2015,3,35.0,211.25,1003.8,1.658,6,18.6,97.725
536,1,418543,2023032612,pac,2022,3,37.5,142.25,1001.6,1.238,12,56.334,44.761
537,1,292971,2010032900,pac,2009,3,29.75,153.0,1003.2,1.73,18,32.839,52.48
538,1,263448,2007031900,pac,2006,3,31.5,174.75,1003.4,2.004,0,,
539,1,428498,2024033000,pac,2023,3,43.25,192.0,997.2,1.263,12,22.77,39.775
541,1,389129,2020030212,pac,2019,3,35.0,145.5,1007.0,1.102,6,19.194,58.601
542,1,282713,2009030212,pac,2008,3,34.0,159.5,993.9,1.313,30,24.0,71.79
544,1,302256,2011030100,pac,2010,3,35.25,216.0,1003.0,1.345,12,41.436,43.614
546,1,370071,2018030812,pac,2017,3,56.5,200.0,995.2,1.282,0,,
547,1,331551,2014030900,pac,2013,3,27.5,135.0,1007.6,1.271,0,,
548,1,283382,2009032912,pac,2008,3,35.75,164.5,1002.8,1.049,18,44.637,90.0
549,1,408815,2022031700,pac,2021,3,35.25,153.0,1009.3,1.612,0,,
550,1,350880,2016030612,pac,2015,3,36.75,187.25,993.8,1.246,6,39.052,67.412
552,1,399395,2021032600,pac,2020,3,40.75,148.0,1006.7,1.932,0,,
553,1,379460,2019030112,pac,2018,3,43.5,159.25,980.4,1.07,36,35.301,50.404
554,1,360569,2017031400,pac,2016,3,28.75,139.75,999.9,1.62,24,50.659,95.664
555,1,244158,2005030400,pac,2004,3,41.5,177.25,997.1,1.312,0,,
558,1,244090,2005030212,pac,2004,3,41.5,179.0,991.6,1.912,24,46.037,77.454
559,1,244443,2005031712,pac,2004,3,41.0,143.25,997.2,1.536,12,63.641,59.291
560,1,273545,2008032812,pac,2007,3,36.25,146.75,1002.4,1.237,6,64.95,83.369
561,1,408817,2022031712,pac,2021,3,27.0,171.5,1005.8,1.312,6,11.646,49.911
562,1,263141,2007030412,pac,2006,3,36.0,193.25,1000.7,1.221,0,,
563,1,398796,2021030212,pac,2020,3,43.5,148.5,1001.1,1.161,30,47.391,61.655
564,1,438001,2025031612,pac,2024,3,37.0,144.0,990.9,1.352,6,26.887,41.939
565,1,312332,2012031900,pac,2011,3,47.25,207.0,991.1,1.109,84,30.533,70.882
567,1,254005,2006031900,pac,2005,3,33.25,141.25,991.5,1.884,36,34.282,77.363
568,1,312352,2012031800,pac,2011,3,38.25,146.0,1002.4,1.232,42,24.953,59.938
571,1,428185,2024031912,pac,2023,3,39.0,135.75,1009.3,1.424,0,,
576,1,263670,2007032712,pac,2006,3,30.5,135.0,1003.0,1.185,24,35.272,77.723
577,1,292292,2010030100,pac,2009,3,43.25,161.25,991.1,1.596,30,59.244,47.533
580,1,312692,2012033112,pac,2011,3,38.0,188.75,1000.5,1.116,30,85.172,54.052
581,1,447582,2026030212,pac,2025,3,55.25,212.5,1003.0,1.092,30,6.224,66.318
582,1,409022,2022032600,pac,2021,3,38.25,213.75,1006.7,1.061,0,,
583,1,293248,2010040800,pac,2009,4,36.25,158.0,1001.1,1.694,12,39.682,59.735
584,1,438719,2025041112,pac,2024,4,29.0,145.25,1003.1,1.008,36,38.065,66.792
585,1,264176,2007041300,pac,2006,4,34.0,174.25,1001.1,1.692,6,44.167,63.075
587,1,380927,2019042700,pac,2018,4,34.25,143.5,1004.0,1.356,36,35.219,85.929
588,1,390097,2020041012,pac,2019,4,36.75,152.25,1006.5,1.119,6,25.18,72.672
589,1,293384,2010041300,pac,2009,4,42.5,136.5,999.2,1.174,6,34.33,18.793
591,1,342566,2015042712,pac,2014,4,41.75,220.75,1002.9,1.212,6,39.772,41.036
592,1,409642,2022041912,pac,2021,4,39.25,155.25,1001.0,1.429,18,33.755,77.163
593,1,360987,2017040312,pac,2016,4,40.0,198.0,994.6,1.13,78,87.082,81.747
595,1,332261,2014040600,pac,2013,4,36.75,145.75,1003.7,1.373,6,36.517,61.365
596,1,439043,2025042100,pac,2024,4,36.0,150.75,1006.3,1.747,6,41.804,38.973
599,1,255586,2006051100,pac,2005,5,47.75,145.75,996.1,1.163,30,35.074,73.435
600,1,255787,2006051712,pac,2005,5,36.75,169.5,1005.7,1.05,0,,
602,1,240217,2004081900,pac,2004,8,41.5,157.75,997.6,1.516,12,31.84,61.894
603,1,414866,2022091312,pac,2022,9,54.75,158.5,1007.8,1.188,18,0.0,0.0
606,1,269923,2007092200,pac,2007,9,48.75,158.75,992.6,1.452,30,25.838,73.126
608,1,395866,2020091812,pac,2020,9,44.5,148.5,998.4,1.12,18,24.781,59.707
609,1,250762,2005092112,pac,2005,9,43.0,167.5,1006.8,1.575,0,,
610,1,424767,2023091912,pac,2023,9,51.0,142.0,993.9,1.021,36,23.732,83.953
611,1,298833,2010091412,pac,2010,9,41.0,164.75,999.2,1.313,24,58.703,85.114
612,1,308484,2011090412,pac,2011,9,55.25,182.0,991.3,1.307,90,50.125,95.725
615,1,299119,2010092412,pac,2010,9,46.25,165.75,1004.8,1.145,24,30.354,65.681
616,1,260210,2006092100,pac,2006,9,46.25,196.5,1001.6,1.126,48,95.219,35.52
618,1,445290,2025101812,pac,2025,10,46.75,147.0,1004.9,1.146,6,21.205,53.881
619,1,386441,2019100512,pac,2019,10,45.0,152.25,997.7,1.078,138,44.931,33.423
620,1,290201,2009102912,pac,2009,10,48.5,140.5,1009.3,1.216,0,,
622,1,242060,2004103100,pac,2004,10,54.25,191.75,997.4,1.109,54,19.152,82.5
623,1,445184,2025101312,pac,2025,10,53.75,163.5,994.3,1.003,6,27.047,68.301
624,1,251286,2005101212,pac,2005,10,36.25,161.25,1005.1,1.003,0,,
626,1,358226,2016102312,pac,2016,10,41.75,156.0,998.4,1.648,0,,
630,1,251177,2005100812,pac,2005,10,47.25,201.5,999.1,1.361,12,31.441,66.573
631,1,310008,2011102400,pac,2011,10,45.5,172.75,1000.3,1.364,6,57.879,92.476
633,1,241970,2004102400,pac,2004,10,45.0,170.25,1005.6,1.166,6,22.638,27.938
634,1,367853,2017102812,pac,2017,10,41.0,180.5,995.5,1.143,6,21.354,62.076
635,1,339249,2014103012,pac,2014,10,47.75,174.25,994.1,1.195,6,35.867,69.604
636,1,358316,2016102900,pac,2016,10,38.25,148.0,998.4,1.726,18,42.033,69.093
637,1,377252,2018101212,pac,2018,10,48.25,158.25,1000.7,1.442,12,27.716,57.234
639,1,270654,2007101912,pac,2007,10,39.5,186.25,1003.0,1.213,6,50.404,95.693
640,1,386921,2019102212,pac,2019,10,47.0,196.25,986.9,1.177,42,43.547,41.728
641,1,348838,2015103100,pac,2015,10,50.75,160.75,994.9,1.28,6,34.877,21.274
643,1,445146,2025101400,pac,2025,10,43.25,175.25,990.3,1.528,48,38.504,71.056
644,1,242058,2004102812,pac,2004,10,53.5,204.75,986.2,1.119,0,,
646,1,425588,2023102012,pac,2023,10,44.75,145.75,995.5,1.398,18,50.44,41.974
647,1,329312,2013102212,pac,2013,10,42.0,170.5,998.8,1.197,0,,
650,1,299842,2010102112,pac,2010,10,38.75,203.0,1004.6,1.372,0,,
652,1,377467,2018102212,pac,2018,10,55.25,220.25,994.7,1.373,12,12.581,353.496
655,1,367408,2017100800,pac,2017,10,55.25,155.25,1003.5,1.165,12,11.671,77.631
656,1,338817,2014101112,pac,2014,10,27.5,155.5,1006.3,2.123,6,3.342,318.427
659,1,299997,2010102912,pac,2010,10,41.0,160.75,1001.6,2.148,30,36.539,61.383
661,1,416238,2022112300,pac,2022,11,61.5,207.25,992.3,1.064,162,15.047,355.453
662,1,387301,2019111100,pac,2019,11,37.25,174.0,992.6,1.305,30,57.105,77.356
663,1,271302,2007112412,pac,2007,11,39.75,188.5,994.4,1.612,0,,
664,1,426204,2023112412,pac,2023,11,45.5,153.5,994.2,1.468,0,,
667,1,368341,2017112712,pac,2017,11,51.75,173.25,979.2,1.201,30,33.357,77.006
668,1,426262,2023112812,pac,2023,11,46.0,151.75,992.4,1.922,0,,
669,1,329518,2013110400,pac,2013,11,40.5,154.5,1009.6,1.611,0,,
671,1,406960,2021112712,pac,2021,11,39.0,166.75,1001.0,1.868,6,54.56,74.042
677,1,436128,2024111700,pac,2024,11,48.25,143.5,997.2,1.087,18,39.461,45.821
679,1,320219,2012111912,pac,2012,11,36.75,143.5,1007.6,1.536,0,,
691,1,261591,2006112612,pac,2006,11,33.0,136.0,1007.5,1.135,0,,
692,1,368351,2017112900,pac,2017,11,49.75,141.25,998.3,1.18,54,23.16,77.533
693,1,397085,2020111700,pac,2020,11,48.5,162.5,994.2,1.786,0,,
695,1,358449,2016110512,pac,2016,11,42.75,142.5,998.1,1.368,18,30.315,75.676
696,1,290605,2009112200,pac,2009,11,44.75,198.0,991.6,1.495,42,55.645,63.303
699,1,358581,2016111500,pac,2016,11,39.5,181.0,996.9,1.106,30,29.221,59.115
700,1,406639,2021110800,pac,2021,11,43.5,210.25,998.9,1.248,12,25.388,90.0
702,1,348967,2015110800,pac,2015,11,60.0,182.0,985.0,1.195,0,,
704,1,242279,2004111300,pac,2004,11,48.25,161.25,988.0,1.012,42,49.789,69.422
707,1,397077,2020111612,pac,2020,11,42.0,225.75,999.6,1.39,6,16.748,41.726
710,1,397179,2020112300,pac,2020,11,42.0,152.5,1000.5,1.159,6,50.58,72.749
712,1,387757,2019121112,pac,2019,12,43.25,136.25,1000.8,1.328,6,30.038,65.409
713,1,340171,2014122912,pac,2014,12,39.5,148.0,989.8,2.123,18,36.802,47.21
715,1,359079,2016121612,pac,2016,12,36.0,154.0,999.3,2.025,18,54.684,74.079
716,1,446025,2025120300,pac,2025,12,35.75,142.75,1007.2,2.354,0,,
717,1,281274,2008120700,pac,2008,12,38.25,192.5,994.1,1.642,24,35.853,33.202
718,1,252174,2005120612,pac,2005,12,52.25,180.0,972.9,1.084,42,13.775,270.0
719,1,446145,2025121212,pac,2025,12,30.25,183.75,1006.8,1.259,12,17.31,29.937
723,1,426533,2023121600,pac,2023,12,38.75,145.0,1006.0,1.411,12,4.632,57.335
724,1,261765,2006121000,pac,2006,12,37.0,149.0,999.1,1.081,6,21.328,69.412
727,1,368641,2017121712,pac,2017,12,49.0,166.5,983.4,1.585,30,63.636,38.212
728,1,349680,2015122400,pac,2015,12,38.0,197.0,1009.6,1.788,0,,
730,1,242746,2004121600,pac,2004,12,37.0,143.0,1008.1,1.572,0,,
731,1,339880,2014120612,pac,2014,12,41.5,217.5,990.2,1.37,0,,
732,1,271874,2007123100,pac,2007,12,44.25,211.75,995.0,1.256,6,28.814,29.815
734,1,416515,2022120400,pac,2022,12,50.5,154.75,995.4,1.334,6,32.79,46.672
738,1,349676,2015122400,pac,2015,12,33.0,140.0,1008.2,1.159,0,,
739,1,271712,2007122100,pac,2007,12,34.5,166.75,1005.0,1.499,6,43.852,69.997
741,1,340043,2014122012,pac,2014,12,45.75,139.5,996.2,1.906,12,24.382,59.158
743,1,330374,2013123112,pac,2013,12,39.5,162.0,999.5,1.565,6,39.856,75.469
744,1,300599,2010120112,pac,2010,12,47.75,159.25,998.3,1.183,6,36.371,51.784
745,1,320884,2012123012,pac,2012,12,36.5,141.5,990.8,1.753,18,57.974,49.696
746,1,252255,2005121212,pac,2005,12,33.25,152.5,1001.6,1.758,18,15.466,71.137
750,1,416645,2022121300,pac,2022,12,35.0,174.0,1005.6,1.571,18,20.969,61.517
751,1,378135,2018120700,pac,2018,12,40.75,139.75,1002.8,1.112,0,,
753,1,281204,2008120112,pac,2008,12,39.0,174.25,987.1,1.19,0,,
755,1,300827,2010121400,pac,2010,12,41.5,145.0,992.9,1.462,6,21.198,44.96
756,1,291045,2009121912,pac,2009,12,39.75,162.75,991.0,1.243,18,34.688,85.867
757,1,407468,2021123000,pac,2021,12,37.25,144.0,1004.4,1.246,6,50.745,101.365
758,1,301070,2010122700,pac,2010,12,38.0,156.25,995.2,1.317,6,68.339,56.72
759,1,252092,2005120200,pac,2005,12,32.0,174.5,1001.9,1.556,48,31.321,71.381
762,1,290914,2009121512,pac,2009,12,36.25,189.5,995.4,1.064,102,38.388,93.734
763,1,407058,2021120412,pac,2021,12,54.5,163.75,985.5,1.547,24,47.427,37.75
764,1,290788,2009120300,pac,2009,12,30.5,137.5,1007.7,1.543,0,,
765,1,242858,2004122312,pac,2004,12,41.0,163.75,997.8,1.531,6,34.699,49.576
767,1,407372,2021122500,pac,2021,12,39.5,150.75,1002.9,1.52,6,42.365,65.602
768,1,261846,2006121612,pac,2006,12,40.25,183.75,993.0,1.513,36,72.282,71.864
769,1,349334,2015120300,pac,2015,12,32.5,138.5,999.4,1.202,18,38.005,62.582
770,1,252146,2005120300,pac,2005,12,35.75,155.5,1002.2,1.279,0,,
773,1,281459,2008121800,pac,2008,12,39.0,147.25,1001.9,1.481,6,49.477,44.977
774,1,407122,2021120812,pac,2021,12,46.75,170.25,993.0,1.388,12,48.168,51.478
775,1,436607,2024122100,pac,2024,12,39.0,139.25,1009.3,1.314,0,,
776,1,388007,2019122512,pac,2019,12,38.25,180.75,999.1,1.367,12,32.687,32.722
777,1,368406,2017120212,pac,2017,12,42.25,184.5,998.0,1.386,48,31.552,61.614
779,1,397608,2020122012,pac,2020,12,48.5,181.25,981.6,1.31,0,,
780,1,387717,2019120800,pac,2019,12,37.0,153.75,1008.3,1.095,0,,
786,1,271571,2007121200,pac,2007,12,36.75,151.75,1005.9,1.287,6,58.059,104.973
787,1,387631,2019120212,pac,2019,12,44.75,145.5,995.5,1.394,18,47.77,54.853
