track,anchor,time,lat,lon,heading,basin
243252,g0_p0_L0,2005011700,35.5,289.75,56.771,atl
446728,g0_p4_L0,2026011600,35.5,289.25,,atl
426822,g0_p5_L0,2024010500,39.25,295.75,,atl
388276,g0_p6_L0,2020011212,49.75,320.75,83.034,atl
388276,g0_p6_L12,2020011200,48.25,300.0,83.034,atl
272323,g0_p7_L0,2008013012,63.5,346.5,,atl
320989,g0_p9_L0,2013010600,45.0,314.5,,atl
359515,g0_p10_L0,2017011312,51.0,301.75,56.088,atl
359515,g0_p10_L12,2017011300,50.5,298.75,56.088,atl
436793,g0_p12_L0,2025010700,37.5,290.75,75.851,atl
437120,g0_p13_L0,2025012900,49.5,304.25,,atl
311091,g0_p14_L0,2012010900,52.75,315.75,58.22,atl
311091,g0_p14_L12,2012010812,47.75,303.75,58.22,atl
311091,g0_p14_L24,2012010800,44.75,293.5,58.22,atl
398219,g0_p15_L0,2021012712,38.25,296.25,94.047,atl
398219,g0_p15_L12,2021012700,38.5,288.0,94.047,atl
350011,g0_p16_L0,2016011712,30.0,280.25,71.387,atl
281820,g0_p17_L0,2009011412,44.25,299.25,33.765,atl
281820,g0_p17_L12,2009011400,35.75,287.5,33.765,atl
301634,g0_p18_L0,2011013112,44.75,305.0,,atl
321362,g0_p19_L0,2013013112,48.5,286.0,52.963,atl
321362,g0_p19_L12,2013013100,44.0,276.75,52.963,atl
446591,g0_p22_L0,2026010800,49.0,340.0,,atl
340311,g0_p23_L0,2015010800,46.25,313.25,63.154,atl
340311,g0_p23_L12,2015010712,41.75,303.5,63.154,atl
407600,g0_p25_L0,2022010712,39.5,291.75,62.598,atl
407600,g0_p25_L12,2022010700,33.25,284.75,62.598,atl
427116,g0_p28_L0,2024012112,40.25,304.25,60.685,atl
321010,g0_p30_L0,2013010800,48.75,319.25,50.4,atl
321010,g0_p30_L12,2013010712,44.0,307.0,50.4,atl
330726,g0_p31_L0,2014012800,50.0,297.0,54.51,atl
330726,g0_p31_L12,2014012712,44.75,285.75,54.51,atl
330726,g0_p31_L24,2014012700,45.5,274.75,54.51,atl
350232,g0_p32_L0,2016013100,60.0,320.5,135.0,atl
350232,g0_p32_L12,2016013012,60.75,319.5,135.0,atl
350232,g0_p32_L24,2016013000,62.5,319.5,135.0,atl
311031,g0_p33_L0,2012010212,51.0,330.0,70.943,atl
311031,g0_p33_L12,2012010200,44.5,307.25,70.943,atl
311031,g0_p33_L24,2012010112,45.0,301.5,70.943,atl
262235,g0_p34_L0,2007011400,52.5,324.5,,atl
281770,g0_p35_L0,2009010912,39.5,299.25,,atl
321293,g0_p38_L0,2013012700,43.25,306.0,59.528,atl
321293,g0_p38_L12,2013012612,38.75,295.5,59.528,atl
330795,g0_p40_L0,2014012912,39.75,296.5,55.357,atl
446493,g0_p42_L0,2026010512,47.0,309.25,31.799,atl
446493,g0_p42_L12,2026010500,41.25,302.5,31.799,atl
446493,g0_p42_L24,2026010412,35.25,292.0,31.799,atl
407520,g0_p45_L0,2022010300,48.75,304.0,46.232,atl
407520,g0_p45_L12,2022010212,41.5,292.0,46.232,atl
407520,g0_p45_L24,2022010200,38.75,281.25,46.232,atl
359777,g0_p47_L0,2017013112,42.5,307.0,73.794,atl
359777,g0_p47_L12,2017013100,38.75,294.5,73.794,atl
359777,g0_p47_L24,2017013012,37.5,287.5,73.794,atl
252986,g0_p49_L0,2006012812,47.0,322.0,29.161,atl
252986,g0_p49_L12,2006012800,38.0,311.75,29.161,atl
330381,g0_p51_L0,2014010200,46.5,328.25,68.638,atl
330381,g0_p51_L12,2014010112,43.0,316.25,68.638,atl
330381,g0_p51_L24,2014010100,40.25,302.0,68.638,atl
368851,g0_p52_L0,2018010100,47.25,312.5,49.088,atl
368851,g0_p52_L12,2017123112,42.25,304.0,49.088,atl
368851,g0_p52_L24,2017123100,37.75,291.0,49.088,atl
446880,g0_p53_L0,2026012700,42.25,297.75,270.0,atl
446880,g0_p53_L12,2026012612,41.5,294.25,270.0,atl
446880,g0_p53_L24,2026012600,39.5,287.0,270.0,atl
311178,g0_p54_L0,2012011012,37.25,292.75,,atl
397786,g0_p55_L0,2021010212,41.25,289.0,,atl
446928,g0_p56_L0,2026013000,41.5,306.0,67.352,atl
446928,g0_p56_L12,2026012912,38.25,297.5,67.352,atl
437161,g0_p57_L0,2025013112,52.25,327.0,,atl
301461,g0_p59_L0,2011012212,31.0,281.5,339.145,atl
417358,g0_p60_L0,2023013000,54.75,325.75,33.409,atl
311054,g0_p61_L0,2012010312,38.0,297.0,57.605,atl
321155,g0_p62_L0,2013011800,42.75,323.75,93.248,atl
321155,g0_p62_L12,2013011712,42.5,311.5,93.248,atl
321155,g0_p62_L24,2013011700,41.5,298.25,93.248,atl
398010,g0_p63_L0,2021011512,39.25,300.75,66.711,atl
398010,g0_p63_L12,2021011500,37.0,294.25,66.711,atl
398010,g0_p63_L24,2021011412,35.0,287.0,66.711,atl
262465,g0_p65_L0,2007012912,37.5,292.0,95.538,atl
252901,g0_p67_L0,2006012200,47.25,295.75,73.583,atl
252901,g0_p67_L12,2006012112,43.5,282.0,73.583,atl
262409,g0_p68_L0,2007012612,40.0,300.75,69.546,atl
262409,g0_p68_L12,2007012600,38.5,297.5,69.546,atl
408074,g0_p69_L0,2022020612,53.25,315.25,53.825,atl
408074,g0_p69_L12,2022020600,50.25,309.25,53.825,atl
408074,g0_p69_L24,2022020512,46.75,302.5,53.825,atl
447049,g0_p70_L0,2026020600,33.0,285.75,90.0,atl
282449,g0_p71_L0,2009021700,32.5,294.75,75.984,atl
282449,g0_p71_L12,2009021612,31.25,287.5,75.984,atl
447365,g0_p73_L0,2026022100,39.0,290.75,,atl
243619,g0_p74_L0,2005020600,65.25,311.25,159.354,atl
427565,g0_p75_L0,2024021800,41.0,298.5,63.217,atl
427565,g0_p75_L12,2024021712,38.0,288.0,63.217,atl
427565,g0_p75_L24,2024021700,36.75,275.75,63.217,atl
291757,g0_p76_L0,2010020312,34.5,289.75,73.125,atl
291757,g0_p76_L12,2010020300,33.25,283.25,73.125,atl
291888,g0_p77_L0,2010021012,36.75,289.0,94.756,atl
291888,g0_p77_L12,2010021000,31.0,280.75,94.756,atl
321474,g0_p81_L0,2013020800,55.0,320.75,204.26,atl
321474,g0_p81_L12,2013020712,55.5,319.25,204.26,atl
321474,g0_p81_L24,2013020700,48.75,312.0,204.26,atl
398408,g0_p82_L0,2021020712,35.25,285.75,46.396,atl
398613,g0_p83_L0,2021022100,42.5,305.25,77.912,atl
398613,g0_p83_L12,2021022012,41.25,297.0,77.912,atl
398613,g0_p83_L24,2021022000,39.0,292.75,77.912,atl
437547,g0_p84_L0,2025022700,48.25,306.0,37.041,atl
437547,g0_p84_L12,2025022612,40.5,297.25,37.041,atl
437547,g0_p84_L24,2025022600,30.5,286.0,37.041,atl
331028,g0_p85_L0,2014021112,46.5,323.5,65.46,atl
331028,g0_p85_L12,2014021100,43.0,307.25,65.46,atl
331028,g0_p85_L24,2014021012,41.0,299.25,65.46,atl
369525,g0_p86_L0,2018021212,54.5,290.5,77.852,atl
369525,g0_p86_L12,2018021200,52.0,278.5,77.852,atl
369525,g0_p86_L24,2018021112,53.0,271.0,77.852,atl
427450,g0_p87_L0,2024021300,36.0,275.5,58.283,atl
427450,g0_p87_L12,2024021212,31.25,271.5,58.283,atl
262531,g0_p88_L0,2007020312,49.5,305.5,33.002,atl
262531,g0_p88_L12,2007020300,43.5,299.0,33.002,atl
262531,g0_p88_L24,2007020212,38.5,289.25,33.002,atl
417498,g0_p89_L0,2023020612,33.75,288.75,,atl
253239,g0_p90_L0,2006021100,44.75,316.0,,atl
408438,g0_p92_L0,2022022812,50.75,308.75,,atl
437187,g0_p93_L0,2025020212,57.75,335.5,,atl
321760,g0_p95_L0,2013022200,39.5,297.75,,atl
408263,g0_p96_L0,2022021800,46.0,289.25,,atl
340886,g0_p99_L0,2015021512,43.0,294.25,31.361,atl
427400,g0_p102_L0,2024020812,35.5,302.5,90.0,atl
427400,g0_p102_L12,2024020800,35.0,300.25,90.0,atl
427400,g0_p102_L24,2024020712,32.25,294.5,90.0,atl
331264,g0_p103_L0,2014022312,49.75,317.5,,atl
350529,g0_p105_L0,2016021512,55.0,331.5,,atl
369420,g0_p108_L0,2018020512,45.5,293.25,36.496,atl
369420,g0_p108_L12,2018020500,37.75,284.25,36.496,atl
350507,g0_p109_L0,2016021600,54.0,327.75,49.614,atl
350507,g0_p109_L12,2016021512,47.75,314.25,49.614,atl
350507,g0_p109_L24,2016021500,44.75,305.0,49.614,atl
350386,g0_p110_L0,2016020712,30.0,283.25,,atl
262668,g0_p111_L0,2007020900,41.0,303.5,110.985,atl
331072,g0_p113_L0,2014021300,40.25,313.5,77.682,atl
272469,g0_p114_L0,2008020912,40.0,307.25,82.038,atl
272469,g0_p114_L12,2008020900,39.0,295.25,82.038,atl
437449,g0_p115_L0,2025022100,39.0,295.75,50.688,atl
437449,g0_p115_L12,2025022012,35.75,289.5,50.688,atl
437147,g0_p116_L0,2025020112,41.75,295.25,90.0,atl
437147,g0_p116_L12,2025020100,41.0,281.75,90.0,atl
437147,g0_p116_L24,2025013112,40.25,268.5,90.0,atl
321498,g0_p117_L0,2013020812,36.0,284.25,43.346,atl
321498,g0_p117_L12,2013020800,31.75,277.5,43.346,atl
321498,g0_p117_L24,2013020712,30.0,271.5,43.346,atl
408386,g0_p118_L0,2022022612,45.0,313.75,77.084,atl
408386,g0_p118_L12,2022022600,42.25,298.5,77.084,atl
262857,g0_p119_L0,2007021912,41.25,304.25,125.961,atl
262857,g0_p119_L12,2007021900,42.0,299.5,125.961,atl
262857,g0_p119_L24,2007021812,37.25,292.0,125.961,atl
417833,g0_p120_L0,2023022400,39.0,305.0,98.778,atl
417833,g0_p120_L12,2023022312,40.0,290.25,98.778,atl
360196,g0_p121_L0,2017022400,56.5,325.0,40.936,atl
360196,g0_p121_L12,2017022312,48.5,313.25,40.936,atl
360196,g0_p121_L24,2017022300,41.25,307.0,40.936,atl
282194,g0_p122_L0,2009020512,41.0,299.25,52.869,atl
282194,g0_p122_L12,2009020500,37.25,292.0,52.869,atl
301799,g0_p123_L0,2011020812,40.25,294.75,48.125,atl
301799,g0_p123_L12,2011020800,33.75,285.25,48.125,atl
360015,g0_p124_L0,2017021500,32.25,268.5,48.433,atl
447396,g0_p125_L0,2026022300,37.5,286.0,0.0,atl
447396,g0_p125_L12,2026022212,35.5,284.25,0.0,atl
389050,g0_p127_L0,2020022812,54.25,338.75,47.335,atl
389050,g0_p127_L12,2020022800,51.5,331.25,47.335,atl
389050,g0_p127_L24,2020022712,52.5,325.75,47.335,atl
321389,g0_p130_L0,2013020300,53.0,316.5,36.449,atl
321389,g0_p130_L12,2013020212,44.5,305.25,36.449,atl
321389,g0_p130_L24,2013020200,39.75,295.5,36.449,atl
350524,g0_p131_L0,2016021612,39.25,281.75,55.444,atl
350524,g0_p131_L12,2016021600,34.0,273.25,55.444,atl
350524,g0_p131_L24,2016021512,31.5,264.0,55.444,atl
437351,g0_p132_L0,2025021500,50.5,306.25,25.504,atl
437351,g0_p132_L12,2025021412,48.25,299.75,25.504,atl
437351,g0_p132_L24,2025021400,44.25,293.25,25.504,atl
340635,g0_p136_L0,2015020212,41.75,281.25,44.849,atl
340635,g0_p136_L12,2015020200,39.75,274.75,44.849,atl
340635,g0_p136_L24,2015020112,38.25,264.75,44.849,atl
272411,g0_p137_L0,2008020800,52.25,321.5,42.562,atl
272411,g0_p137_L12,2008020712,47.75,313.5,42.562,atl
272411,g0_p137_L24,2008020700,44.5,306.25,42.562,atl
447064,g0_p140_L0,2026020712,36.75,292.75,146.269,atl
447064,g0_p140_L12,2026020700,45.5,283.25,146.269,atl
379937,g0_p141_L0,2019032112,50.75,330.25,49.235,atl
447676,g0_p143_L0,2026030512,55.5,322.25,41.197,atl
447676,g0_p143_L12,2026030500,49.5,312.25,41.197,atl
322495,g0_p145_L0,2013032512,37.0,286.25,343.328,atl
322495,g0_p145_L12,2013032500,34.5,284.0,343.328,atl
322495,g0_p145_L24,2013032412,32.0,274.75,343.328,atl
263285,g0_p149_L0,2007031212,44.5,306.0,33.177,atl
263285,g0_p149_L12,2007031200,38.5,300.5,33.177,atl
263402,g0_p150_L0,2007031900,54.0,295.25,27.586,atl
263402,g0_p150_L12,2007031812,50.25,292.25,27.586,atl
263402,g0_p150_L24,2007031800,46.25,291.5,27.586,atl
408467,g0_p151_L0,2022030212,35.75,302.25,65.865,atl
360525,g0_p152_L0,2017031100,40.5,295.25,71.801,atl
360525,g0_p152_L12,2017031012,39.0,287.25,71.801,atl
398918,g0_p153_L0,2021030900,39.25,306.5,66.711,atl
398918,g0_p153_L12,2021030812,35.5,302.25,66.711,atl
398918,g0_p153_L24,2021030800,30.0,293.25,66.711,atl
448279,g0_p154_L0,2026032712,50.75,300.75,62.218,atl
302777,g0_p155_L0,2011032400,37.0,283.5,296.604,atl
302777,g0_p155_L12,2011032312,35.5,284.5,296.604,atl
438338,g0_p158_L0,2025032912,47.5,320.25,28.39,atl
438338,g0_p158_L12,2025032900,41.5,314.25,28.39,atl
447849,g0_p159_L0,2026031312,46.0,302.0,60.066,atl
408494,g0_p161_L0,2022030412,50.5,313.75,39.857,atl
408494,g0_p161_L12,2022030400,44.0,302.75,39.857,atl
408494,g0_p161_L24,2022030312,43.5,292.0,39.857,atl
273155,g0_p162_L0,2008031612,36.5,290.0,73.685,atl
273155,g0_p162_L12,2008031600,35.0,278.75,73.685,atl
273155,g0_p162_L24,2008031512,33.75,266.25,73.685,atl
389659,g0_p163_L0,2020032512,36.0,285.0,104.345,atl
389659,g0_p163_L12,2020032500,36.75,274.25,104.345,atl
389659,g0_p163_L24,2020032412,34.75,262.25,104.345,atl
341298,g0_p164_L0,2015030800,39.5,313.75,76.741,atl
341310,g0_p165_L0,2015031200,50.5,304.0,81.485,atl
341310,g0_p165_L12,2015031112,52.0,292.5,81.485,atl
341310,g0_p165_L24,2015031100,52.25,283.5,81.485,atl
370605,g0_p166_L0,2018032612,34.5,297.25,,atl
341408,g0_p167_L0,2015031500,49.75,329.75,20.652,atl
341408,g0_p167_L12,2015031412,42.0,325.0,20.652,atl
447926,g0_p168_L0,2026031700,47.0,283.75,112.731,atl
312237,g0_p169_L0,2012031112,47.75,314.0,33.916,atl
417964,g0_p170_L0,2023030212,41.25,289.0,,atl
263190,g0_p172_L0,2007030712,50.25,318.5,,atl
380054,g0_p173_L0,2019032600,50.5,308.75,,atl
360874,g0_p174_L0,2017032612,45.25,312.75,62.683,atl
360874,g0_p174_L12,2017032600,43.75,306.75,62.683,atl
379709,g0_p175_L0,2019031100,53.75,325.25,78.064,atl
379709,g0_p175_L12,2019031012,51.5,318.75,78.064,atl
341260,g0_p176_L0,2015030500,48.5,307.25,,atl
360893,g0_p178_L0,2017033012,36.0,309.75,43.346,atl
360893,g0_p178_L12,2017033000,32.5,306.5,43.346,atl
360893,g0_p178_L24,2017032912,30.5,301.25,43.346,atl
341352,g0_p179_L0,2015031100,43.25,320.25,65.409,atl
263421,g0_p180_L0,2007031712,62.0,342.5,,atl
437672,g0_p181_L0,2025030312,36.5,304.25,210.519,atl
244270,g0_p183_L0,2005031100,34.75,302.5,53.538,atl
312476,g0_p184_L0,2012032112,48.0,321.25,183.481,atl
253706,g0_p185_L0,2006030500,44.5,310.25,52.593,atl
253706,g0_p185_L12,2006030412,41.75,304.0,52.593,atl
417932,g0_p186_L0,2023030200,36.75,313.75,78.25,atl
417932,g0_p186_L12,2023030112,36.25,306.25,78.25,atl
417932,g0_p186_L24,2023030100,37.25,297.25,78.25,atl
370471,g0_p187_L0,2018032300,48.25,334.75,81.986,atl
370471,g0_p187_L12,2018032212,46.5,319.25,81.986,atl
448036,g0_p188_L0,2026032100,52.5,320.0,47.262,atl
448036,g0_p188_L12,2026032012,45.25,309.0,47.262,atl
437572,g0_p189_L0,2025030100,56.25,307.75,31.43,atl
437572,g0_p189_L12,2025022812,50.75,298.75,31.43,atl
437572,g0_p189_L24,2025022800,49.25,286.75,31.43,atl
351022,g0_p190_L0,2016031400,42.25,310.0,127.232,atl
351022,g0_p190_L12,2016031312,49.25,300.0,127.232,atl
351022,g0_p190_L24,2016031300,54.25,290.75,127.232,atl
342301,g0_p191_L0,2015042000,41.0,311.5,78.303,atl
342301,g0_p191_L12,2015041912,39.75,307.25,78.303,atl
342202,g0_p193_L0,2015041512,38.75,292.75,,atl
409276,g0_p194_L0,2022040712,38.75,302.0,90.0,atl
409276,g0_p194_L12,2022040700,38.75,291.75,90.0,atl
409276,g0_p194_L24,2022040612,38.5,286.0,90.0,atl
351559,g0_p196_L0,2016040300,41.0,285.25,98.563,atl
351559,g0_p196_L12,2016040212,44.0,269.5,98.563,atl
284211,g0_p197_L0,2009042912,49.75,309.0,90.0,atl
284211,g0_p197_L12,2009042900,51.5,299.0,90.0,atl
284211,g0_p197_L24,2009042812,51.0,290.75,90.0,atl
370951,g0_p199_L0,2018040900,41.75,298.25,44.293,atl
370951,g0_p199_L12,2018040812,35.25,289.0,44.293,atl
370951,g0_p199_L24,2018040800,34.75,284.5,44.293,atl
332696,g0_p200_L0,2014042000,47.5,310.5,49.191,atl
312766,g0_p202_L0,2012040212,36.0,288.75,110.346,atl
312766,g0_p202_L12,2012040200,39.0,281.5,110.346,atl
264126,g0_p203_L0,2007041100,40.5,304.25,,atl
371820,g0_p206_L0,2018050800,50.75,313.75,52.814,atl
371820,g0_p206_L12,2018050712,45.25,301.75,52.814,atl
371820,g0_p206_L24,2018050700,40.25,290.5,52.814,atl
391349,g0_p207_L0,2020052012,39.5,321.5,90.0,atl
256636,g0_p208_L0,2006061412,33.75,279.25,51.278,atl
256636,g0_p208_L12,2006061400,31.5,277.0,51.278,atl
366170,g0_p209_L0,2017083000,37.0,286.75,50.146,atl
366170,g0_p209_L12,2017082912,34.0,282.25,50.146,atl
366170,g0_p209_L24,2017082900,32.0,280.0,50.146,atl
249875,g0_p210_L0,2005082312,56.5,338.0,,atl
298163,g0_p211_L0,2010082612,36.25,319.0,98.811,atl
298163,g0_p211_L12,2010082600,37.0,315.5,98.811,atl
298163,g0_p211_L24,2010082512,38.0,310.75,98.811,atl
259965,g0_p212_L0,2006091112,51.25,315.0,57.419,atl
396190,g0_p213_L0,2020093012,46.75,289.0,24.55,atl
396190,g0_p213_L12,2020093000,35.5,281.75,24.55,atl
376792,g0_p214_L0,2018092600,33.0,317.5,90.0,atl
376792,g0_p214_L12,2018092512,33.0,315.0,90.0,atl
376792,g0_p214_L24,2018092500,32.75,313.0,90.0,atl
434704,g0_p215_L0,2024091500,44.25,318.5,43.683,atl
434704,g0_p215_L12,2024091412,40.25,313.25,43.683,atl
386028,g0_p216_L0,2019091712,30.5,286.0,68.85,atl
386028,g0_p216_L12,2019091700,30.25,284.5,68.85,atl
347396,g0_p217_L0,2015090700,39.75,323.0,50.892,atl
347396,g0_p217_L12,2015090612,36.5,316.5,50.892,atl
318662,g0_p218_L0,2012091600,31.0,312.75,98.297,atl
318662,g0_p218_L12,2012091512,31.0,309.5,98.297,atl
318662,g0_p218_L24,2012091500,30.0,306.75,98.297,atl
289851,g0_p219_L0,2009101400,42.0,295.5,,atl
299468,g0_p221_L0,2010100700,43.0,332.25,65.498,atl
299468,g0_p221_L12,2010100612,41.5,325.0,65.498,atl
387048,g0_p222_L0,2019102700,40.25,307.0,,atl
348651,g0_p225_L0,2015102412,51.5,316.5,90.0,atl
348651,g0_p225_L12,2015102400,50.75,309.25,90.0,atl
348651,g0_p225_L24,2015102312,50.25,301.0,90.0,atl
415496,g0_p226_L0,2022100312,56.0,335.0,39.99,atl
280577,g0_p228_L0,2008102412,50.25,322.5,62.467,atl
280577,g0_p228_L12,2008102400,46.5,313.5,62.467,atl
444910,g0_p229_L0,2025100300,49.75,335.25,57.586,atl
444910,g0_p229_L12,2025100212,41.75,314.75,57.586,atl
241995,g0_p230_L0,2004102600,41.0,330.75,78.183,atl
241995,g0_p230_L12,2004102512,39.25,320.75,78.183,atl
396712,g0_p232_L0,2020102300,52.0,316.75,83.139,atl
396712,g0_p232_L12,2020102212,50.75,304.25,83.139,atl
357738,g0_p234_L0,2016100400,45.5,318.0,66.529,atl
357738,g0_p234_L12,2016100312,43.0,305.75,66.529,atl
280244,g0_p235_L0,2008100800,45.75,314.75,41.096,atl
280244,g0_p235_L12,2008100712,38.75,305.5,41.096,atl
338849,g0_p236_L0,2014101300,47.75,315.75,72.083,atl
338849,g0_p236_L12,2014101212,45.5,306.75,72.083,atl
357833,g0_p237_L0,2016101500,37.0,305.5,64.848,atl
357833,g0_p237_L12,2016101412,35.5,301.0,64.848,atl
357833,g0_p237_L24,2016101400,34.0,297.25,64.848,atl
251270,g0_p238_L0,2005101200,47.75,312.0,90.0,atl
251270,g0_p238_L12,2005101112,47.5,303.5,90.0,atl
367868,g0_p241_L0,2017102900,34.75,278.5,46.887,atl
270412,g0_p242_L0,2007100912,39.25,298.5,118.961,atl
270412,g0_p242_L12,2007100900,42.5,287.5,118.961,atl
396609,g0_p244_L0,2020102600,47.25,318.0,60.698,atl
396609,g0_p244_L12,2020102512,43.25,308.0,60.698,atl
396609,g0_p244_L24,2020102500,40.25,302.25,60.698,atl
367482,g0_p245_L0,2017101500,36.25,337.25,63.618,atl
367482,g0_p245_L12,2017101412,34.25,332.25,63.618,atl
367482,g0_p245_L24,2017101400,32.75,328.75,63.618,atl
309559,g0_p246_L0,2011101212,61.75,329.5,14.733,atl
309559,g0_p246_L12,2011101200,57.75,327.0,14.733,atl
309559,g0_p246_L24,2011101112,54.75,324.75,14.733,atl
358304,g0_p248_L0,2016102712,43.25,315.75,,atl
319464,g0_p249_L0,2012101112,48.75,296.0,,atl
426046,g0_p250_L0,2023111812,35.5,291.75,55.358,atl
426046,g0_p250_L12,2023111800,31.5,286.5,55.358,atl
242148,g0_p252_L0,2004110812,49.75,297.5,42.132,atl
242148,g0_p252_L12,2004110800,46.75,290.0,42.132,atl
242148,g0_p252_L24,2004110712,46.25,280.0,42.132,atl
261609,g0_p256_L0,2006112900,38.5,322.25,59.852,atl
261609,g0_p256_L12,2006112812,35.75,316.75,59.852,atl
261609,g0_p256_L24,2006112800,33.25,309.5,59.852,atl
397194,g0_p257_L0,2020112412,50.75,299.0,70.647,atl
397194,g0_p257_L12,2020112400,46.75,294.5,70.647,atl
397194,g0_p257_L24,2020112312,45.5,287.25,70.647,atl
415987,g0_p259_L0,2022110300,38.25,313.5,48.287,atl
415987,g0_p259_L12,2022110212,35.25,309.25,48.287,atl
415987,g0_p259_L24,2022110200,35.25,305.75,48.287,atl
368285,g0_p260_L0,2017112212,35.0,286.0,,atl
396862,g0_p261_L0,2020110412,50.0,308.75,30.3,atl
396862,g0_p261_L12,2020110400,44.5,301.75,30.3,atl
396862,g0_p261_L24,2020110312,44.0,292.5,30.3,atl
396867,g0_p262_L0,2020110200,49.25,284.5,62.949,atl
445964,g0_p263_L0,2025112900,47.5,309.0,39.847,atl
445964,g0_p263_L12,2025112812,39.0,297.75,39.847,atl
271322,g0_p265_L0,2007112812,53.5,307.75,30.745,atl
271322,g0_p265_L12,2007112800,50.25,301.75,30.745,atl
271322,g0_p265_L24,2007112712,46.25,296.0,30.745,atl
445919,g0_p267_L0,2025112600,47.5,318.5,34.043,atl
445919,g0_p267_L12,2025112512,43.5,312.0,34.043,atl
445919,g0_p267_L24,2025112500,41.5,305.25,34.043,atl
416306,g0_p269_L0,2022112100,48.75,296.75,52.826,atl
416306,g0_p269_L12,2022112012,45.75,294.0,52.826,atl
261287,g0_p272_L0,2006110912,56.25,330.75,15.525,atl
261287,g0_p272_L12,2006110900,46.75,326.0,15.525,atl
261287,g0_p272_L24,2006110812,44.5,324.75,15.525,atl
367974,g0_p273_L0,2017110400,55.0,304.25,37.898,atl
367974,g0_p273_L12,2017110312,49.25,294.5,37.898,atl
387346,g0_p276_L0,2019111312,52.0,300.5,36.961,atl
387346,g0_p276_L12,2019111300,48.5,296.5,36.961,atl
387346,g0_p276_L24,2019111212,42.0,288.0,36.961,atl
445596,g0_p278_L0,2025110612,44.5,297.5,85.99,atl
445596,g0_p278_L12,2025110600,44.0,285.75,85.99,atl
445596,g0_p278_L24,2025110512,44.0,275.0,85.99,atl
280752,g0_p281_L0,2008110312,46.75,316.25,47.116,atl
300161,g0_p282_L0,2010110700,61.5,320.75,225.509,atl
397101,g0_p285_L0,2020112000,52.75,324.5,44.082,atl
397101,g0_p285_L12,2020111912,47.75,316.75,44.082,atl
397101,g0_p285_L24,2020111900,41.5,308.0,44.082,atl
377906,g0_p287_L0,2018112112,47.5,301.75,2.763,atl
377958,g0_p288_L0,2018112512,31.5,296.0,81.66,atl
416397,g0_p289_L0,2022112600,45.5,293.5,126.493,atl
310517,g0_p290_L0,2011112400,51.5,334.25,31.903,atl
310517,g0_p290_L12,2011112312,44.25,327.5,31.903,atl
310517,g0_p290_L24,2011112300,39.5,322.0,31.903,atl
425822,g0_p291_L0,2023110200,44.25,303.75,53.823,atl
425822,g0_p291_L12,2023110112,39.0,293.5,53.823,atl
406603,g0_p292_L0,2021111100,37.25,308.0,69.349,atl
406603,g0_p292_L12,2021111012,36.0,304.0,69.349,atl
406603,g0_p292_L24,2021111000,35.25,299.25,69.349,atl
339513,g0_p293_L0,2014111500,45.5,299.75,47.288,atl
339513,g0_p293_L12,2014111412,40.0,292.0,47.288,atl
426275,g0_p295_L0,2023112912,45.25,312.25,354.257,atl
261402,g0_p296_L0,2006111900,57.0,329.75,87.436,atl
261402,g0_p296_L12,2006111812,55.5,306.25,87.436,atl
261402,g0_p296_L24,2006111800,52.0,289.0,87.436,atl
406693,g0_p297_L0,2021111112,45.0,305.75,83.791,atl
406693,g0_p297_L12,2021111100,44.0,298.75,83.791,atl
359017,g0_p300_L0,2016121200,45.5,322.25,56.123,atl
446180,g0_p303_L0,2025121512,46.25,302.5,38.895,atl
446180,g0_p303_L12,2025121500,40.75,294.75,38.895,atl
446180,g0_p303_L24,2025121412,38.0,286.25,38.895,atl
242592,g0_p305_L0,2004120400,41.5,301.5,59.001,atl
242592,g0_p305_L12,2004120312,38.0,290.25,59.001,atl
271541,g0_p307_L0,2007121000,50.75,324.25,,atl
397514,g0_p308_L0,2020121512,46.0,306.0,43.886,atl
397514,g0_p308_L12,2020121500,38.0,290.0,43.886,atl
397514,g0_p308_L24,2020121412,34.5,276.25,43.886,atl
359048,g0_p311_L0,2016121412,37.75,292.0,67.141,atl
281644,g0_p314_L0,2008123100,42.5,308.5,20.236,atl
291036,g0_p315_L0,2009121800,38.5,307.25,,atl
281476,g0_p317_L0,2008122000,50.75,321.75,7.212,atl
281476,g0_p317_L12,2008121912,47.0,325.0,7.212,atl
281476,g0_p317_L24,2008121900,42.75,316.75,7.212,atl
281454,g0_p318_L0,2008122100,44.0,311.5,56.635,atl
281454,g0_p318_L12,2008122012,41.0,302.5,56.635,atl
281454,g0_p318_L24,2008122000,39.5,288.5,56.635,atl
261892,g0_p321_L0,2006122000,48.25,323.75,,atl
407135,g0_p322_L0,2021120900,40.0,293.25,49.813,atl
446118,g0_p323_L0,2025121000,42.25,322.5,64.508,atl
446118,g0_p323_L12,2025120912,39.75,313.0,64.508,atl
426406,g0_p328_L0,2023120700,38.5,299.0,66.93,atl
426406,g0_p328_L12,2023120612,35.5,291.0,66.93,atl
330279,g0_p329_L0,2013122600,49.5,322.5,61.193,atl
330279,g0_p329_L12,2013122512,45.5,311.0,61.193,atl
330279,g0_p329_L24,2013122500,40.5,298.5,61.193,atl
446389,g0_p330_L0,2025122800,34.5,299.25,93.654,atl
446389,g0_p330_L12,2025122712,37.0,290.75,93.654,atl
407394,g0_p331_L0,2021122700,38.0,305.75,90.0,atl
407394,g0_p331_L12,2021122612,39.0,298.0,90.0,atl
407394,g0_p331_L24,2021122600,38.5,298.5,90.0,atl
349751,g0_p333_L0,2015123012,41.5,308.25,95.448,atl
446048,g0_p334_L0,2025120500,51.5,298.25,158.189,atl
310923,g0_p335_L0,2011122312,57.75,317.0,,atl
330139,g0_p338_L0,2013121400,53.0,338.5,44.256,atl
330139,g0_p338_L12,2013121312,43.75,322.25,44.256,atl
330139,g0_p338_L24,2013121300,40.75,307.5,44.256,atl
271645,g0_p339_L0,2007121612,37.75,285.0,,atl
368579,g0_p340_L0,2017121500,43.75,302.25,54.329,atl
368579,g0_p340_L12,2017121412,40.0,288.25,54.329,atl
368579,g0_p340_L24,2017121400,41.5,274.75,54.329,atl
407233,g0_p341_L0,2021121612,38.25,324.25,,atl
320868,g0_p342_L0,2012122800,47.25,330.0,,atl
271882,g0_p343_L0,2007123112,41.75,293.5,61.802,atl
271409,g0_p344_L0,2007120200,47.0,303.25,66.256,atl
271409,g0_p344_L12,2007120112,46.0,296.25,66.256,atl
262061,g0_p348_L0,2006123112,38.75,302.0,,atl
368499,g0_p349_L0,2017120612,60.5,347.75,,atl
290872,g0_p350_L0,2009120900,40.75,310.5,93.597,atl
349326,g0_p351_L0,2015120112,60.25,342.75,,atl
359162,g0_p353_L0,2016122212,51.0,318.25,54.16,atl
368537,g0_p354_L0,2017121012,47.0,298.75,36.035,atl
368537,g0_p354_L12,2017121000,40.25,290.75,36.035,atl
368537,g0_p354_L24,2017120912,35.25,285.0,36.035,atl
281599,g0_p356_L0,2008122800,42.0,326.0,24.031,atl
281599,g0_p356_L12,2008122712,39.5,323.75,24.031,atl
281599,g0_p356_L24,2008122700,42.25,320.75,24.031,atl
397568,g0_p358_L0,2020121900,42.75,303.75,114.415,atl
397568,g0_p358_L12,2020121812,43.5,302.75,114.415,atl
397568,g0_p358_L24,2020121800,42.0,298.0,114.415,atl
359182,g0_p359_L0,2016122412,53.25,324.5,51.924,atl
359182,g0_p359_L12,2016122400,45.25,309.75,51.924,atl
359182,g0_p359_L24,2016122312,42.0,300.75,51.924,atl
271623,g0_p360_L0,2007121512,47.5,324.0,52.212,atl
271623,g0_p360_L12,2007121500,43.25,313.5,52.212,atl
271623,g0_p360_L24,2007121412,40.75,301.0,52.212,atl
387744,g0_p361_L0,2019121000,63.25,343.25,,atl
310835,g0_p362_L0,2011121812,40.0,297.0,278.731,atl
349348,g0_p364_L0,2015120400,54.75,328.5,58.553,atl
349348,g0_p364_L12,2015120312,48.75,308.75,58.553,atl
407117,g0_p365_L0,2021120712,52.5,298.75,,atl
271524,g0_p366_L0,2007120912,53.25,310.25,41.908,atl
271524,g0_p366_L12,2007120900,49.75,306.25,41.908,atl
378182,g0_p371_L0,2018121112,33.0,286.25,239.197,atl
378182,g0_p371_L12,2018121100,33.75,287.75,239.197,atl
378182,g0_p371_L24,2018121012,34.5,287.0,239.197,atl
388162,g1_p0_L0,2020010412,41.75,284.0,60.125,atl
388162,g1_p0_L12,2020010400,38.0,276.0,60.125,atl
281949,g1_p4_L0,2009012412,47.5,296.25,72.402,atl
281949,g1_p4_L12,2009012400,44.75,284.75,72.402,atl
281949,g1_p4_L24,2009012312,43.5,274.0,72.402,atl
291353,g1_p5_L0,2010010900,40.0,298.75,90.0,atl
321167,g1_p6_L0,2013011812,38.25,293.5,63.423,atl
321167,g1_p6_L12,2013011800,34.25,281.75,63.423,atl
321293,g1_p7_L0,2013012612,38.75,295.5,,atl
378523,g1_p9_L0,2019010600,41.0,292.25,76.839,atl
378523,g1_p9_L12,2019010512,38.75,284.0,76.839,atl
378523,g1_p9_L24,2019010500,37.75,277.25,76.839,atl
330444,g1_p10_L0,2014010512,35.25,267.25,,atl
369338,g1_p12_L0,2018013012,41.0,295.0,45.686,atl
369338,g1_p12_L12,2018013000,34.5,286.75,45.686,atl
262218,g1_p13_L0,2007011300,51.75,339.75,48.985,atl
271980,g1_p14_L0,2008010900,45.75,276.5,51.474,atl
271980,g1_p14_L12,2008010812,40.25,269.25,51.474,atl
282062,g1_p15_L0,2009012812,37.75,277.0,,atl
340419,g1_p16_L0,2015011712,47.5,314.5,30.986,atl
340419,g1_p16_L12,2015011700,38.75,305.5,30.986,atl
446640,g1_p17_L0,2026011112,43.25,292.25,55.532,atl
388178,g1_p18_L0,2020010412,42.0,314.0,,atl
291525,g1_p19_L0,2010012100,43.5,293.75,114.68,atl
291525,g1_p19_L12,2010012012,43.25,292.0,114.68,atl
252986,g1_p22_L0,2006012800,38.0,311.75,194.717,atl
321223,g1_p23_L0,2013012200,38.25,286.0,,atl
359519,g1_p25_L0,2017011312,63.5,324.5,53.238,atl
359519,g1_p25_L12,2017011300,61.5,308.25,53.238,atl
446493,g1_p28_L0,2026010500,41.25,302.5,47.045,atl
446493,g1_p28_L12,2026010412,35.25,292.0,47.045,atl
446493,g1_p28_L24,2026010400,33.0,285.0,47.045,atl
426912,g1_p30_L0,2024011012,35.0,328.5,13.173,atl
388227,g1_p31_L0,2020010800,38.25,286.5,,atl
349775,g1_p32_L0,2016010100,44.25,303.75,78.173,atl
262177,g1_p33_L0,2007010900,46.75,295.25,,atl
340501,g1_p34_L0,2015012212,40.25,294.0,,atl
350002,g1_p35_L0,2016011512,45.0,313.5,27.938,atl
340259,g1_p38_L0,2015010500,47.75,288.75,38.112,atl
340259,g1_p38_L12,2015010412,44.0,278.25,38.112,atl
340259,g1_p38_L24,2015010400,41.5,277.0,38.112,atl
272160,g1_p40_L0,2008012000,37.0,291.25,,atl
359408,g1_p42_L0,2017010712,32.25,281.75,,atl
252901,g1_p45_L0,2006012112,43.5,282.0,67.014,atl
243224,g1_p47_L0,2005011412,53.75,295.75,53.673,atl
350101,g1_p49_L0,2016012212,39.5,314.25,73.934,atl
340228,g1_p51_L0,2015010300,49.0,306.25,56.845,atl
340228,g1_p51_L12,2015010212,47.75,294.0,56.845,atl
398010,g1_p52_L0,2021011500,37.0,294.25,62.201,atl
398010,g1_p52_L12,2021011412,35.0,287.0,62.201,atl
388158,g1_p53_L0,2020010312,52.25,321.0,,atl
398093,g1_p54_L0,2021011900,41.25,302.0,,atl
291694,g1_p55_L0,2010013100,36.0,287.25,62.505,atl
291694,g1_p55_L12,2010013012,31.5,275.0,62.505,atl
291694,g1_p55_L24,2010013000,30.5,269.5,62.505,atl
243162,g1_p56_L0,2005011112,48.0,306.0,117.264,atl
243162,g1_p56_L12,2005011100,54.5,290.25,117.264,atl
243162,g1_p56_L24,2005011012,51.5,282.5,117.264,atl
252943,g1_p57_L0,2006012512,41.5,290.25,337.408,atl
252943,g1_p57_L12,2006012500,36.0,294.0,337.408,atl
378947,g1_p59_L0,2019013012,43.75,290.0,39.542,atl
446577,g1_p60_L0,2026011012,59.5,352.0,53.541,atl
446577,g1_p60_L12,2026011000,58.5,348.0,53.541,atl
446577,g1_p60_L24,2026010912,59.75,342.5,53.541,atl
417244,g1_p61_L0,2023012300,36.25,283.0,,atl
243077,g1_p62_L0,2005010512,47.5,317.75,58.513,atl
272221,g1_p63_L0,2008012500,37.75,290.0,64.626,atl
427229,g1_p65_L0,2024012812,66.25,350.75,23.448,atl
330381,g1_p67_L0,2014010100,40.25,302.0,71.864,atl
388528,g1_p68_L0,2020012900,41.0,305.75,139.221,atl
388528,g1_p68_L12,2020012812,46.25,300.0,139.221,atl
388528,g1_p68_L24,2020012800,47.75,296.75,139.221,atl
253515,g1_p69_L0,2006022312,37.25,292.5,,atl
369379,g1_p70_L0,2018020212,44.25,292.5,,atl
330887,g1_p71_L0,2014020300,47.5,305.75,108.481,atl
330887,g1_p71_L12,2014020212,47.0,290.75,108.481,atl
301743,g1_p73_L0,2011020512,38.0,273.25,,atl
340818,g1_p74_L0,2015021212,44.5,286.0,110.5,atl
340818,g1_p74_L12,2015021200,46.25,279.5,110.5,atl
340818,g1_p74_L24,2015021112,48.0,273.25,110.5,atl
302119,g1_p75_L0,2011022112,37.0,312.25,,atl
291888,g1_p76_L0,2010021000,31.0,280.75,54.163,atl
388625,g1_p77_L0,2020020200,38.5,292.75,58.981,atl
388625,g1_p77_L12,2020020112,34.5,285.0,58.981,atl
360156,g1_p81_L0,2017022112,35.0,303.5,207.532,atl
408037,g1_p82_L0,2022020212,53.75,330.25,,atl
331028,g1_p83_L0,2014021100,43.0,307.25,72.488,atl
331028,g1_p83_L12,2014021012,41.0,299.25,72.488,atl
321799,g1_p84_L0,2013022412,38.25,293.25,114.2,atl
321799,g1_p84_L12,2013022400,38.25,287.25,114.2,atl
272411,g1_p85_L0,2008020700,44.5,306.25,64.951,atl
272411,g1_p85_L12,2008020612,42.75,303.5,64.951,atl
272411,g1_p85_L24,2008020600,44.0,292.5,64.951,atl
388706,g1_p86_L0,2020020700,55.0,330.5,14.087,atl
331277,g1_p87_L0,2014022412,47.25,297.25,,atl
369619,g1_p88_L0,2018021712,47.5,314.75,56.925,atl
369619,g1_p88_L12,2018021700,43.25,301.75,56.925,atl
321389,g1_p89_L0,2013020200,39.75,295.5,76.085,atl
311804,g1_p90_L0,2012021800,40.0,293.0,,atl
408339,g1_p92_L0,2022022400,53.0,306.0,51.794,atl
408339,g1_p92_L12,2022022312,48.75,296.0,51.794,atl
408339,g1_p92_L24,2022022300,44.5,279.75,51.794,atl
272422,g1_p93_L0,2008020600,50.25,324.25,,atl
291757,g1_p95_L0,2010020300,33.25,283.25,54.342,atl
331167,g1_p96_L0,2014021800,42.75,309.75,60.878,atl
272469,g1_p99_L0,2008020900,39.0,295.25,73.155,atl
417435,g1_p102_L0,2023020300,48.5,288.0,90.0,atl
417435,g1_p102_L12,2023020212,48.0,277.0,90.0,atl
262937,g1_p103_L0,2007022300,39.25,289.5,324.532,atl
379194,g1_p105_L0,2019021500,60.5,346.0,,atl
262713,g1_p108_L0,2007021112,40.0,309.0,101.797,atl
359786,g1_p109_L0,2017020200,43.0,316.25,83.219,atl
359786,g1_p109_L12,2017020112,41.25,302.75,83.219,atl
359786,g1_p109_L24,2017020100,39.5,291.5,83.219,atl
408074,g1_p110_L0,2022020512,46.75,302.5,50.964,atl
408074,g1_p110_L12,2022020500,43.5,294.5,50.964,atl
379041,g1_p111_L0,2019020700,50.75,321.0,82.175,atl
379041,g1_p111_L12,2019020612,49.5,309.25,82.175,atl
379041,g1_p111_L24,2019020600,49.25,299.0,82.175,atl
311944,g1_p113_L0,2012022500,39.75,286.5,,atl
253374,g1_p114_L0,2006021800,48.75,295.25,74.846,atl
253374,g1_p114_L12,2006021712,45.5,284.0,74.846,atl
253374,g1_p114_L24,2006021700,42.75,275.5,74.846,atl
350304,g1_p115_L0,2016020512,52.0,322.0,96.618,atl
350304,g1_p115_L12,2016020500,52.0,305.75,96.618,atl
350304,g1_p115_L24,2016020412,52.25,288.5,96.618,atl
360177,g1_p116_L0,2017022212,52.5,336.0,71.108,atl
272661,g1_p117_L0,2008022200,43.75,309.0,58.799,atl
330998,g1_p118_L0,2014020812,40.0,317.5,95.734,atl
350334,g1_p119_L0,2016020512,38.25,288.0,,atl
253215,g1_p120_L0,2006021000,39.25,303.75,0.0,atl
437351,g1_p121_L0,2025021400,44.25,293.25,55.084,atl
360053,g1_p122_L0,2017022012,56.75,322.0,92.611,atl
360053,g1_p122_L12,2017022000,56.75,310.25,92.611,atl
360053,g1_p122_L24,2017021912,56.5,305.0,92.611,atl
398567,g1_p123_L0,2021021712,48.25,307.25,82.665,atl
398567,g1_p123_L12,2021021700,44.75,293.5,82.665,atl
262857,g1_p124_L0,2007021812,37.25,292.0,,atl
369488,g1_p125_L0,2018020912,32.75,10.0,32.243,atl
398686,g1_p127_L0,2021022512,46.25,295.5,80.155,atl
398686,g1_p127_L12,2021022500,44.75,285.25,80.155,atl
398686,g1_p127_L24,2021022412,44.25,273.25,80.155,atl
350703,g1_p130_L0,2016022612,44.75,6.0,298.439,atl
350703,g1_p130_L12,2016022600,43.0,8.25,298.439,atl
340706,g1_p131_L0,2015020600,61.75,300.0,238.358,atl
340706,g1_p131_L12,2015020512,63.75,322.0,238.358,atl
350491,g1_p132_L0,2016021400,47.0,307.25,42.281,atl
272692,g1_p136_L0,2008022312,41.5,299.0,67.885,atl
272692,g1_p136_L12,2008022300,37.75,288.25,67.885,atl
388688,g1_p137_L0,2020020700,39.75,280.5,39.624,atl
388688,g1_p137_L12,2020020612,34.75,273.75,39.624,atl
388688,g1_p137_L24,2020020600,32.75,270.25,39.624,atl
379356,g1_p140_L0,2019022400,40.0,268.25,62.428,atl
341566,g1_p141_L0,2015032112,37.75,292.75,94.019,atl
282759,g1_p143_L0,2009030400,32.75,1.5,70.874,atl
282759,g1_p143_L12,2009030312,31.5,355.0,70.874,atl
312300,g1_p145_L0,2012031400,55.25,336.0,,atl
370168,g1_p149_L0,2018031200,31.5,274.75,,atl
369887,g1_p150_L0,2018030112,43.25,290.0,161.681,atl
369887,g1_p150_L12,2018030100,45.0,287.0,161.681,atl
369887,g1_p150_L24,2018022812,44.75,276.75,161.681,atl
351022,g1_p151_L0,2016031312,49.25,300.0,132.999,atl
351022,g1_p151_L12,2016031300,54.25,290.75,132.999,atl
351022,g1_p151_L24,2016031212,56.0,280.25,132.999,atl
398946,g1_p152_L0,2021030900,51.25,332.5,55.944,atl
418128,g1_p153_L0,2023031100,36.25,283.5,,atl
447755,g1_p154_L0,2026030912,50.5,309.0,74.494,atl
447755,g1_p154_L12,2026030900,50.25,299.0,74.494,atl
447755,g1_p154_L24,2026030812,47.0,290.5,74.494,atl
351440,g1_p155_L0,2016032812,37.5,286.75,,atl
379806,g1_p158_L0,2019031600,52.75,344.5,63.406,atl
379806,g1_p158_L12,2019031512,47.75,328.5,63.406,atl
428471,g1_p159_L0,2024032900,35.75,286.75,43.436,atl
428401,g1_p161_L0,2024032612,56.75,336.0,128.013,atl
399405,g1_p162_L0,2021032612,55.75,311.75,76.38,atl
263285,g1_p163_L0,2007031200,38.5,300.5,38.047,atl
379709,g1_p164_L0,2019031012,51.5,318.75,,atl
331893,g1_p165_L0,2014032400,40.0,296.75,66.484,atl
437756,g1_p166_L0,2025030700,43.75,289.5,,atl
292339,g1_p167_L0,2010030212,31.25,275.5,44.925,atl
408577,g1_p168_L0,2022030700,53.75,319.25,21.515,atl
312112,g1_p169_L0,2012030600,52.0,318.0,59.755,atl
312112,g1_p169_L12,2012030512,46.0,303.75,59.755,atl
312112,g1_p169_L24,2012030500,39.25,294.25,59.755,atl
360893,g1_p170_L0,2017033000,32.5,306.5,54.571,atl
360893,g1_p170_L12,2017032912,30.5,301.25,54.571,atl
360893,g1_p170_L24,2017032900,30.0,299.5,54.571,atl
351243,g1_p172_L0,2016032112,41.5,296.25,47.45,atl
351243,g1_p172_L12,2016032100,37.25,287.75,47.45,atl
351243,g1_p172_L24,2016032012,35.0,286.0,47.45,atl
448039,g1_p173_L0,2026032412,45.75,303.75,41.096,atl
448039,g1_p173_L12,2026032400,43.25,300.5,41.096,atl
448039,g1_p173_L24,2026032312,39.5,289.5,41.096,atl
302777,g1_p174_L0,2011032312,35.5,284.5,,atl
341408,g1_p175_L0,2015031412,42.0,325.0,357.341,atl
389539,g1_p176_L0,2020032012,46.5,281.25,60.536,atl
312045,g1_p178_L0,2012030212,36.5,266.5,79.165,atl
283292,g1_p179_L0,2009032512,63.25,345.75,90.0,atl
447589,g1_p180_L0,2026030112,42.5,301.5,,atl
379561,g1_p181_L0,2019030400,33.25,277.5,82.432,atl
351225,g1_p183_L0,2016031912,40.5,309.25,51.725,atl
418005,g1_p184_L0,2023030700,40.0,278.25,95.523,atl
418005,g1_p184_L12,2023030612,39.5,266.5,95.523,atl
350714,g1_p185_L0,2016030112,52.0,302.5,40.249,atl
350714,g1_p185_L12,2016030100,49.0,297.5,40.249,atl
350714,g1_p185_L24,2016022912,45.25,285.5,40.249,atl
282869,g1_p186_L0,2009030900,44.0,305.75,76.955,atl
282869,g1_p186_L12,2009030812,43.5,292.5,76.955,atl
282869,g1_p186_L24,2009030800,41.5,278.0,76.955,atl
379601,g1_p187_L0,2019030700,46.0,311.25,50.191,atl
379601,g1_p187_L12,2019030612,40.75,301.25,50.191,atl
379601,g1_p187_L24,2019030600,34.25,290.25,50.191,atl
321905,g1_p188_L0,2013030212,40.75,337.75,56.575,atl
321905,g1_p188_L12,2013030200,40.5,337.0,56.575,atl
321905,g1_p188_L24,2013030112,39.25,337.25,56.575,atl
408832,g1_p189_L0,2022031812,42.0,298.5,68.017,atl
408832,g1_p189_L12,2022031800,38.75,288.25,68.017,atl
389373,g1_p190_L0,2020031312,50.75,327.25,,atl
428602,g1_p191_L0,2024040212,35.25,301.25,105.223,atl
428602,g1_p191_L12,2024040200,37.75,292.0,105.223,atl
370820,g1_p193_L0,2018040312,42.0,315.75,,atl
449101,g1_p194_L0,2026042312,38.75,294.75,,atl
448956,g1_p196_L0,2026042100,39.0,345.0,17.268,atl
448956,g1_p196_L12,2026042012,34.5,343.25,17.268,atl
448956,g1_p196_L24,2026042000,32.75,342.25,17.268,atl
351577,g1_p197_L0,2016040312,47.25,303.0,45.517,atl
351577,g1_p197_L12,2016040300,44.25,299.25,45.517,atl
351577,g1_p197_L24,2016040212,38.5,286.25,45.517,atl
264242,g1_p199_L0,2007041500,34.0,274.0,,atl
284211,g1_p200_L0,2009042900,51.5,299.0,90.0,atl
284211,g1_p200_L12,2009042812,51.0,290.75,90.0,atl
284211,g1_p200_L24,2009042800,49.75,285.5,90.0,atl
370951,g1_p202_L0,2018040812,35.25,289.0,151.435,atl
370951,g1_p202_L12,2018040800,34.75,284.5,151.435,atl
438525,g1_p203_L0,2025040412,45.75,303.0,,atl
381223,g1_p206_L0,2019050612,41.25,329.5,69.723,atl
381223,g1_p206_L12,2019050600,39.75,320.25,69.723,atl
381223,g1_p206_L24,2019050512,40.5,310.5,69.723,atl
371820,g1_p207_L0,2018050712,45.25,301.75,61.958,atl
371820,g1_p207_L12,2018050700,40.25,290.5,61.958,atl
238046,g1_p208_L0,2004062412,47.0,318.5,131.34,atl
238046,g1_p208_L12,2004062400,48.5,317.0,131.34,atl
238046,g1_p208_L24,2004062312,48.25,318.25,131.34,atl
394805,g1_p209_L0,2020081900,48.5,350.0,39.634,atl
394805,g1_p209_L12,2020081812,45.0,345.5,39.634,atl
394805,g1_p209_L24,2020081800,42.25,339.0,39.634,atl
443793,g1_p210_L0,2025082912,50.75,329.25,,atl
268148,g1_p211_L0,2007080112,46.0,306.0,52.219,atl
268148,g1_p211_L12,2007080100,42.25,299.75,52.219,atl
268148,g1_p211_L24,2007073112,39.5,296.5,52.219,atl
376509,g1_p212_L0,2018091412,56.0,325.0,78.762,atl
376509,g1_p212_L12,2018091400,55.5,315.5,78.762,atl
376509,g1_p212_L24,2018091312,57.0,305.5,78.762,atl
279667,g1_p213_L0,2008091600,61.25,319.5,197.018,atl
279667,g1_p213_L12,2008091512,63.25,321.0,197.018,atl
396190,g1_p214_L0,2020093000,35.5,281.75,46.308,atl
299179,g1_p215_L0,2010092700,52.0,328.5,47.134,atl
299179,g1_p215_L12,2010092612,48.0,318.5,47.134,atl
299179,g1_p215_L24,2010092600,46.0,309.75,47.134,atl
289403,g1_p216_L0,2009092412,57.75,318.0,60.655,atl
289403,g1_p216_L12,2009092400,54.0,305.5,60.655,atl
289403,g1_p216_L24,2009092312,54.75,297.5,60.655,atl
308956,g1_p217_L0,2011091600,47.75,295.75,,atl
269937,g1_p218_L0,2007092112,52.25,262.5,90.0,atl
300026,g1_p219_L0,2010103000,41.0,298.5,81.625,atl
270396,g1_p221_L0,2007100800,40.25,307.75,,atl
396712,g1_p222_L0,2020102212,50.75,304.25,,atl
396790,g1_p225_L0,2020103100,45.5,319.25,69.421,atl
396790,g1_p225_L12,2020103012,41.5,302.0,69.421,atl
396790,g1_p225_L24,2020103000,39.25,287.5,69.421,atl
299481,g1_p226_L0,2010100712,45.5,291.0,30.997,atl
299481,g1_p226_L12,2010100700,42.75,289.75,30.997,atl
338555,g1_p228_L0,2014100300,43.25,268.75,24.868,atl
338555,g1_p228_L12,2014100212,36.25,262.25,24.868,atl
338555,g1_p228_L24,2014100200,36.75,262.25,24.868,atl
357738,g1_p229_L0,2016100312,43.0,305.75,90.0,atl
348283,g1_p230_L0,2015101000,46.25,291.5,63.154,atl
348283,g1_p230_L12,2015100912,45.0,280.0,63.154,atl
348283,g1_p230_L24,2015100900,45.75,274.5,63.154,atl
425105,g1_p232_L0,2023100500,40.25,320.25,62.342,atl
425105,g1_p232_L12,2023100412,39.0,315.0,62.342,atl
425105,g1_p232_L24,2023100400,36.75,307.0,62.342,atl
396839,g1_p234_L0,2020103012,50.0,337.5,41.471,atl
367487,g1_p235_L0,2017101100,52.5,304.5,100.344,atl
377052,g1_p236_L0,2018100400,47.75,272.5,62.304,atl
367760,g1_p237_L0,2017102312,39.75,272.5,,atl
444910,g1_p238_L0,2025100212,41.75,314.75,80.489,atl
367518,g1_p241_L0,2017101300,55.5,262.75,82.266,atl
260981,g1_p242_L0,2006102000,34.25,275.25,69.091,atl
260981,g1_p242_L12,2006101912,31.75,267.25,69.091,atl
386406,g1_p244_L0,2019100300,46.25,311.25,78.328,atl
386406,g1_p244_L12,2019100212,45.5,301.25,78.328,atl
386406,g1_p244_L24,2019100200,46.75,290.25,78.328,atl
435424,g1_p245_L0,2024101012,51.75,299.0,342.8,atl
435424,g1_p245_L12,2024101000,50.0,299.25,342.8,atl
445489,g1_p246_L0,2025102912,46.5,327.25,77.707,atl
445489,g1_p246_L12,2025102900,45.5,318.5,77.707,atl
289956,g1_p248_L0,2009101712,62.5,339.75,,atl
299940,g1_p249_L0,2010102600,41.75,263.75,42.664,atl
310347,g1_p250_L0,2011111112,36.5,335.0,123.816,atl
310447,g1_p252_L0,2011111812,51.5,309.5,354.918,atl
310447,g1_p252_L12,2011111800,48.25,308.0,354.918,atl
310447,g1_p252_L24,2011111712,45.5,299.75,354.918,atl
320063,g1_p256_L0,2012110912,48.5,298.75,18.331,atl
320063,g1_p256_L12,2012110900,44.75,298.0,18.331,atl
310452,g1_p257_L0,2011111712,36.5,286.0,,atl
377797,g1_p259_L0,2018111400,44.25,293.25,50.049,atl
261287,g1_p260_L0,2006110900,46.75,326.0,24.55,atl
261287,g1_p260_L12,2006110812,44.5,324.75,24.55,atl
261287,g1_p260_L24,2006110800,38.25,319.5,24.55,atl
348952,g1_p261_L0,2015110712,45.25,335.5,49.992,atl
348952,g1_p261_L12,2015110700,41.75,328.0,49.992,atl
349168,g1_p262_L0,2015112200,53.0,319.0,18.978,atl
349168,g1_p262_L12,2015112112,44.5,314.5,18.978,atl
349168,g1_p262_L24,2015112100,39.0,314.75,18.978,atl
320381,g1_p263_L0,2012112900,41.0,298.0,71.672,atl
281112,g1_p265_L0,2008112600,59.5,329.5,,atl
358488,g1_p267_L0,2016110700,52.5,320.75,,atl
387346,g1_p269_L0,2019111300,48.5,296.5,35.862,atl
387346,g1_p269_L12,2019111212,42.0,288.0,35.862,atl
387346,g1_p269_L24,2019111200,40.75,280.25,35.862,atl
416306,g1_p272_L0,2022112012,45.75,294.0,,atl
387241,g1_p273_L0,2019110612,52.5,295.25,,atl
406718,g1_p276_L0,2021111512,44.25,291.0,95.317,atl
406718,g1_p276_L12,2021111500,44.0,278.0,95.317,atl
406718,g1_p276_L24,2021111412,43.75,271.0,95.317,atl
339384,g1_p278_L0,2014110712,44.5,292.5,43.561,atl
339384,g1_p278_L12,2014110700,41.5,289.25,43.561,atl
339384,g1_p278_L24,2014110612,43.25,273.25,43.561,atl
339560,g1_p281_L0,2014111800,45.75,287.25,41.472,atl
339560,g1_p281_L12,2014111712,36.25,277.5,41.472,atl
310517,g1_p282_L0,2011112300,39.5,322.0,49.174,atl
406997,g1_p285_L0,2021113012,60.75,349.25,67.74,atl
406997,g1_p285_L12,2021113000,61.5,343.0,67.74,atl
329567,g1_p287_L0,2013110912,51.25,315.75,162.622,atl
329567,g1_p287_L12,2013110900,60.25,318.0,162.622,atl
329567,g1_p287_L24,2013110812,61.25,319.5,162.622,atl
436205,g1_p288_L0,2024112200,48.5,316.75,23.833,atl
436205,g1_p288_L12,2024112112,46.0,316.75,23.833,atl
290702,g1_p289_L0,2009112700,37.25,289.0,38.52,atl
290702,g1_p289_L12,2009112612,34.25,285.25,38.52,atl
406588,g1_p290_L0,2021110612,47.5,311.5,49.191,atl
406588,g1_p290_L12,2021110600,43.5,305.25,49.191,atl
406588,g1_p290_L24,2021110512,39.0,296.5,49.191,atl
281132,g1_p291_L0,2008113000,49.75,298.0,56.444,atl
281132,g1_p291_L12,2008112912,47.25,295.0,56.444,atl
281132,g1_p291_L24,2008112900,44.0,291.75,56.444,atl
349012,g1_p292_L0,2015111112,48.5,323.25,94.793,atl
349012,g1_p292_L12,2015111100,49.25,313.75,94.793,atl
329616,g1_p293_L0,2013111300,52.5,297.75,77.646,atl
329616,g1_p293_L12,2013111212,51.75,291.75,77.646,atl
329616,g1_p293_L24,2013111200,52.5,286.25,77.646,atl
377802,g1_p295_L0,2018111400,46.5,337.25,,atl
290318,g1_p296_L0,2009110600,39.0,295.25,,atl
339611,g1_p297_L0,2014112112,51.0,303.0,72.37,atl
339611,g1_p297_L12,2014112100,49.0,296.75,72.37,atl
349348,g1_p300_L0,2015120312,48.75,308.75,71.374,atl
290721,g1_p303_L0,2009120112,44.5,300.75,191.848,atl
290721,g1_p303_L12,2009120100,47.5,298.75,191.848,atl
290721,g1_p303_L24,2009113012,45.25,288.75,191.848,atl
446180,g1_p305_L0,2025121412,38.0,286.25,,atl
301056,g1_p307_L0,2010122612,33.25,283.25,57.473,atl
310980,g1_p308_L0,2011123000,65.75,328.0,157.671,atl
310980,g1_p308_L12,2011122912,66.5,327.5,157.671,atl
310980,g1_p308_L24,2011122900,66.5,328.25,157.671,atl
290760,g1_p311_L0,2009120412,58.25,358.5,313.537,atl
290760,g1_p311_L12,2009120400,56.5,1.25,313.537,atl
290760,g1_p311_L24,2009120312,55.75,0.0,313.537,atl
330314,g1_p314_L0,2013122712,46.5,303.5,,atl
271735,g1_p315_L0,2007122212,64.75,350.0,13.332,atl
271735,g1_p315_L12,2007122200,59.0,347.5,13.332,atl
445982,g1_p317_L0,2025120112,49.5,297.75,69.531,atl
445982,g1_p317_L12,2025120100,46.25,283.75,69.531,atl
445982,g1_p317_L24,2025113012,43.5,276.25,69.531,atl
252207,g1_p318_L0,2005121012,62.75,344.5,38.704,atl
252207,g1_p318_L12,2005121000,59.0,339.5,38.704,atl
252207,g1_p318_L24,2005120912,51.25,332.5,38.704,atl
397403,g1_p321_L0,2020120712,33.5,284.25,,atl
349584,g1_p322_L0,2015121912,50.0,300.75,43.955,atl
349584,g1_p322_L12,2015121900,48.0,298.0,43.955,atl
349584,g1_p322_L24,2015121812,44.0,294.75,43.955,atl
416779,g1_p323_L0,2022122300,41.5,275.75,123.727,atl
300667,g1_p328_L0,2010120512,38.0,292.25,,atl
426511,g1_p329_L0,2023121400,51.5,304.5,,atl
436470,g1_p330_L0,2024121200,46.25,288.0,23.374,atl
436470,g1_p330_L12,2024121112,41.0,283.5,23.374,atl
242784,g1_p331_L0,2004122112,64.0,336.5,112.164,atl
242784,g1_p331_L12,2004122100,64.0,324.25,112.164,atl
242784,g1_p331_L24,2004122012,56.25,308.25,112.164,atl
281561,g1_p333_L0,2008122412,43.75,270.5,,atl
281492,g1_p334_L0,2008122100,36.75,274.25,82.643,atl
281476,g1_p335_L0,2008121912,47.0,325.0,55.394,atl
281476,g1_p335_L12,2008121900,42.75,316.75,55.394,atl
271715,g1_p338_L0,2007122212,34.25,262.25,90.0,atl
407304,g1_p339_L0,2021122200,31.5,282.0,35.395,atl
349387,g1_p340_L0,2015120612,45.5,333.0,29.281,atl
349387,g1_p340_L12,2015120600,43.25,330.0,29.281,atl
252326,g1_p341_L0,2005121700,63.25,323.25,29.363,atl
339944,g1_p342_L0,2014121212,64.25,317.5,,atl
310694,g1_p343_L0,2011120712,37.5,281.25,,atl
368537,g1_p344_L0,2017121000,40.25,290.75,40.015,atl
368537,g1_p344_L12,2017120912,35.25,285.0,40.015,atl
397514,g1_p348_L0,2020121412,34.5,276.25,64.11,atl
397514,g1_p348_L12,2020121400,32.0,268.5,64.11,atl
252123,g1_p349_L0,2005120112,38.25,290.0,,atl
320870,g1_p350_L0,2012122900,31.25,270.75,73.7,atl
271623,g1_p351_L0,2007121412,40.75,301.0,82.089,atl
242716,g1_p353_L0,2004121300,52.25,318.75,,atl
261815,g1_p354_L0,2006121300,52.5,333.0,59.896,atl
436507,g1_p356_L0,2024121312,61.25,320.25,,atl
446227,g1_p358_L0,2025121912,49.25,281.25,67.779,atl
446227,g1_p358_L12,2025121900,47.0,273.75,67.779,atl
446227,g1_p358_L24,2025121812,47.75,266.0,67.779,atl
340151,g1_p359_L0,2014122912,46.75,316.0,83.34,atl
340151,g1_p359_L12,2014122900,47.5,300.0,83.34,atl
340151,g1_p359_L24,2014122812,48.5,288.0,83.34,atl
330264,g1_p360_L0,2013122312,55.5,347.0,33.457,atl
330264,g1_p360_L12,2013122300,50.5,338.25,33.457,atl
271497,g1_p361_L0,2007120800,63.0,345.75,325.746,atl
407020,g1_p362_L0,2021120300,48.75,287.0,105.874,atl
407020,g1_p362_L12,2021120212,49.0,279.5,105.874,atl
407020,g1_p362_L24,2021120200,49.75,268.25,105.874,atl
368579,g1_p364_L0,2017121412,40.0,288.25,95.734,atl
368579,g1_p364_L12,2017121400,41.5,274.75,95.734,atl
368579,g1_p364_L24,2017121312,44.25,267.0,95.734,atl
397452,g1_p365_L0,2020121012,40.0,298.75,107.266,atl
290875,g1_p366_L0,2009120900,37.75,266.25,14.765,atl
320548,g1_p371_L0,2012121200,51.25,312.5,70.454,atl
320548,g1_p371_L12,2012121112,49.25,300.25,70.454,atl
320548,g1_p371_L24,2012121100,47.75,286.5,70.454,atl
417207,g0_p378_L0,2023011912,40.5,203.0,,pac
340299,g0_p379_L0,2015010600,36.75,167.0,,pac
350014,g0_p380_L0,2016011800,34.0,137.0,68.096,pac
311039,g0_p381_L0,2012010212,38.0,150.0,43.399,pac
311039,g0_p381_L12,2012010200,32.75,145.25,43.399,pac
330486,g0_p383_L0,2014010900,38.75,147.75,58.726,pac
262080,g0_p384_L0,2007010300,42.5,168.25,60.151,pac
262080,g0_p384_L12,2007010212,38.25,155.75,60.151,pac
272142,g0_p386_L0,2008011912,32.75,164.5,119.025,pac
388610,g0_p387_L0,2020013112,39.5,160.75,,pac
398056,g0_p388_L0,2021011712,31.5,150.75,56.587,pac
378635,g0_p389_L0,2019011100,43.0,156.25,,pac
321228,g0_p390_L0,2013012212,37.5,146.75,71.029,pac
397957,g0_p391_L0,2021011300,41.0,154.0,48.544,pac
397957,g0_p391_L12,2021011212,35.25,144.25,48.544,pac
243408,g0_p392_L0,2005012700,34.0,164.5,79.077,pac
243408,g0_p392_L12,2005012612,32.5,152.25,79.077,pac
243408,g0_p392_L24,2005012600,32.25,144.25,79.077,pac
349774,g0_p393_L0,2016010112,37.75,167.0,87.215,pac
349774,g0_p393_L12,2016010100,36.75,156.75,87.215,pac
417031,g0_p396_L0,2023011000,41.25,151.25,100.056,pac
417031,g0_p396_L12,2023010912,46.25,147.0,100.056,pac
301237,g0_p397_L0,2011010600,39.75,151.5,,pac
378604,g0_p399_L0,2019010912,40.5,164.75,49.604,pac
378604,g0_p399_L12,2019010900,35.0,153.25,49.604,pac
378863,g0_p402_L0,2019012600,35.0,144.0,99.245,pac
262427,g0_p404_L0,2007012900,32.5,185.0,109.915,pac
262427,g0_p404_L12,2007012812,37.0,171.5,109.915,pac
262427,g0_p404_L24,2007012800,38.25,162.0,109.915,pac
272047,g0_p405_L0,2008011200,34.25,137.75,,pac
426805,g0_p406_L0,2024010400,38.5,145.0,90.0,pac
349935,g0_p409_L0,2016011312,36.75,175.75,85.244,pac
349935,g0_p409_L12,2016011300,35.75,158.5,85.244,pac
349935,g0_p409_L24,2016011212,30.0,149.0,85.244,pac
330836,g0_p412_L0,2014013100,30.75,191.5,,pac
271908,g0_p414_L0,2008010300,47.25,193.75,,pac
398076,g0_p416_L0,2021011900,42.25,147.0,65.757,pac
398076,g0_p416_L12,2021011812,41.0,142.0,65.757,pac
368942,g0_p419_L0,2018010612,36.0,158.0,78.359,pac
368942,g0_p419_L12,2018010600,34.5,150.0,78.359,pac
368942,g0_p419_L24,2018010512,34.0,142.75,78.359,pac
321203,g0_p421_L0,2013012112,37.5,170.0,53.674,pac
321203,g0_p421_L12,2013012100,33.75,163.0,53.674,pac
321203,g0_p421_L24,2013012012,32.5,156.5,53.674,pac
311184,g0_p423_L0,2012011100,36.0,144.25,,pac
330620,g0_p426_L0,2014011912,35.75,160.5,60.748,pac
330620,g0_p426_L12,2014011900,33.0,154.5,60.748,pac
369219,g0_p427_L0,2018012212,33.25,141.0,63.276,pac
291579,g0_p428_L0,2010012400,34.5,162.25,81.715,pac
291579,g0_p428_L12,2010012312,33.5,151.5,81.715,pac
407670,g0_p429_L0,2022011112,41.25,180.0,,pac
378541,g0_p430_L0,2019010512,42.0,156.0,83.856,pac
378541,g0_p430_L12,2019010500,41.0,145.5,83.856,pac
378764,g0_p431_L0,2019011912,41.5,185.75,41.948,pac
350129,g0_p433_L0,2016012400,37.25,145.75,,pac
252828,g0_p434_L0,2006011700,36.75,149.0,,pac
436812,g0_p436_L0,2025010812,43.75,168.0,57.424,pac
397829,g0_p437_L0,2021010712,40.0,183.25,82.563,pac
397829,g0_p437_L12,2021010700,38.5,171.75,82.563,pac
397829,g0_p437_L24,2021010612,34.25,158.0,82.563,pac
397899,g0_p439_L0,2021011200,47.5,173.0,110.307,pac
397899,g0_p439_L12,2021011112,47.75,171.25,110.307,pac
397899,g0_p439_L24,2021011100,47.25,169.5,110.307,pac
407889,g0_p441_L0,2022012500,35.25,159.5,119.953,pac
407889,g0_p441_L12,2022012412,32.75,149.0,119.953,pac
407889,g0_p441_L24,2022012400,32.0,139.25,119.953,pac
291599,g0_p442_L0,2010012512,50.5,146.25,26.323,pac
291599,g0_p442_L12,2010012500,47.25,141.25,26.323,pac
271952,g0_p443_L0,2008010600,35.5,152.75,,pac
272059,g0_p444_L0,2008011300,52.0,170.75,60.535,pac
397850,g0_p445_L0,2021010700,39.25,135.0,90.0,pac
311068,g0_p447_L0,2012010500,38.5,162.25,68.537,pac
311068,g0_p447_L12,2012010412,36.25,149.5,68.537,pac
311068,g0_p447_L24,2012010400,35.75,142.0,68.537,pac
330503,g0_p448_L0,2014011000,44.75,208.5,42.399,pac
272183,g0_p449_L0,2008012112,32.5,148.75,83.238,pac
252560,g0_p450_L0,2006010100,37.5,176.0,155.613,pac
407806,g0_p451_L0,2022012012,35.0,152.5,79.363,pac
407806,g0_p451_L12,2022012000,34.25,146.5,79.363,pac
243217,g0_p455_L0,2005011512,31.5,141.5,37.502,pac
243217,g0_p455_L12,2005011500,28.0,137.5,37.502,pac
262352,g0_p456_L0,2007012300,36.25,165.5,74.824,pac
262352,g0_p456_L12,2007012212,33.75,154.0,74.824,pac
262352,g0_p456_L24,2007012200,31.75,144.75,74.824,pac
262146,g0_p457_L0,2007010700,42.0,143.5,30.732,pac
262146,g0_p457_L12,2007010612,38.0,142.0,30.732,pac
272206,g0_p458_L0,2008012400,37.0,150.25,59.976,pac
272206,g0_p458_L12,2008012312,34.0,143.75,59.976,pac
436781,g0_p459_L0,2025010600,40.0,206.25,43.314,pac
330574,g0_p460_L0,2014011600,32.25,154.25,60.907,pac
330574,g0_p460_L12,2014011512,28.5,144.75,60.907,pac
368984,g0_p461_L0,2018010900,41.0,146.0,83.332,pac
368984,g0_p461_L12,2018010812,43.25,136.5,83.332,pac
350034,g0_p462_L0,2016011800,40.5,173.0,,pac
359629,g0_p463_L0,2017012100,36.25,151.0,87.042,pac
359629,g0_p463_L12,2017012012,35.75,143.75,87.042,pac
378703,g0_p464_L0,2019011512,37.75,202.25,76.456,pac
359411,g0_p466_L0,2017010812,32.5,138.0,79.662,pac
311406,g0_p467_L0,2012012612,40.5,163.0,33.638,pac
388668,g0_p469_L0,2020020512,41.25,152.0,52.764,pac
388668,g0_p469_L12,2020020500,37.75,145.5,52.764,pac
243932,g0_p470_L0,2005022500,34.25,145.5,67.051,pac
243932,g0_p470_L12,2005022412,31.5,136.0,67.051,pac
292010,g0_p473_L0,2010021612,42.25,160.0,55.962,pac
292010,g0_p473_L12,2010021600,37.75,151.0,55.962,pac
292010,g0_p473_L24,2010021512,34.0,141.5,55.962,pac
253089,g0_p476_L0,2006020300,34.25,210.5,52.409,pac
311941,g0_p477_L0,2012022512,36.0,145.75,47.809,pac
311941,g0_p477_L12,2012022500,34.25,140.25,47.809,pac
350746,g0_p479_L0,2016022912,35.75,185.25,95.63,pac
417577,g0_p482_L0,2023021012,33.5,138.0,70.572,pac
447092,g0_p483_L0,2026020900,40.25,165.0,61.809,pac
447092,g0_p483_L12,2026020812,36.0,153.25,61.809,pac
447092,g0_p483_L24,2026020800,34.5,143.25,61.809,pac
243594,g0_p484_L0,2005020412,38.5,172.25,29.205,pac
321604,g0_p485_L0,2013021300,36.5,144.25,,pac
417526,g0_p487_L0,2023020800,34.5,154.75,64.738,pac
379012,g0_p488_L0,2019020400,41.75,144.25,69.429,pac
398434,g0_p489_L0,2021020900,36.25,160.25,287.224,pac
272478,g0_p490_L0,2008021012,29.25,150.75,69.091,pac
282342,g0_p491_L0,2009021300,36.25,163.0,90.0,pac
282342,g0_p491_L12,2009021212,34.5,153.5,90.0,pac
282342,g0_p491_L24,2009021200,35.25,149.25,90.0,pac
301717,g0_p492_L0,2011020512,30.75,181.25,94.751,pac
301717,g0_p492_L12,2011020500,31.0,173.5,94.751,pac
301717,g0_p492_L24,2011020412,32.5,165.5,94.751,pac
427331,g0_p493_L0,2024020312,41.25,168.0,70.709,pac
447074,g0_p494_L0,2026020800,37.5,165.5,75.851,pac
447074,g0_p494_L12,2026020712,35.0,155.75,75.851,pac
447074,g0_p494_L24,2026020700,33.75,147.0,75.851,pac
272476,g0_p495_L0,2008020912,37.75,176.0,69.222,pac
272476,g0_p495_L12,2008020900,35.25,166.5,69.222,pac
331292,g0_p496_L0,2014022612,42.0,168.0,46.134,pac
331292,g0_p496_L12,2014022600,39.0,161.0,46.134,pac
331292,g0_p496_L24,2014022512,37.25,156.0,46.134,pac
369846,g0_p498_L0,2018022700,37.75,161.75,47.591,pac
369846,g0_p498_L12,2018022612,31.5,150.75,47.591,pac
301771,g0_p499_L0,2011020700,38.25,146.25,59.557,pac
321866,g0_p501_L0,2013022812,41.75,159.25,90.0,pac
321866,g0_p501_L12,2013022800,40.5,153.75,90.0,pac
321866,g0_p501_L24,2013022712,37.25,147.0,90.0,pac
243745,g0_p504_L0,2005021400,34.0,157.75,94.598,pac
291910,g0_p505_L0,2010021200,38.75,190.0,115.132,pac
291910,g0_p505_L12,2010021112,42.75,174.5,115.132,pac
291910,g0_p505_L24,2010021100,43.0,170.75,115.132,pac
330894,g0_p506_L0,2014020412,40.75,153.5,28.419,pac
330894,g0_p506_L12,2014020400,35.75,146.75,28.419,pac
330894,g0_p506_L24,2014020312,35.5,139.25,28.419,pac
360023,g0_p510_L0,2017021612,35.25,182.0,63.904,pac
360023,g0_p510_L12,2017021600,33.0,173.25,63.904,pac
360023,g0_p510_L24,2017021512,32.25,164.75,63.904,pac
321462,g0_p511_L0,2013020712,36.0,172.0,85.289,pac
321462,g0_p511_L12,2013020700,35.5,156.75,85.289,pac
321462,g0_p511_L24,2013020612,35.0,147.5,85.289,pac
263079,g0_p514_L0,2007022812,36.25,148.0,47.955,pac
272396,g0_p515_L0,2008020412,45.5,204.0,,pac
379370,g0_p517_L0,2019022312,36.0,154.0,70.021,pac
379370,g0_p517_L12,2019022300,32.0,144.5,70.021,pac
243536,g0_p519_L0,2005020112,42.0,151.5,17.666,pac
243536,g0_p519_L12,2005020100,38.25,148.75,17.666,pac
272679,g0_p523_L0,2008022300,29.5,184.25,66.159,pac
427706,g0_p524_L0,2024022600,32.5,144.75,64.626,pac
427706,g0_p524_L12,2024022512,31.75,141.25,64.626,pac
437175,g0_p525_L0,2025020312,35.5,158.5,73.88,pac
437175,g0_p525_L12,2025020300,34.0,152.0,73.88,pac
437175,g0_p525_L24,2025020212,32.75,146.5,73.88,pac
321574,g0_p526_L0,2013021200,40.0,172.25,55.352,pac
321574,g0_p526_L12,2013021112,36.0,164.5,55.352,pac
282462,g0_p529_L0,2009021712,48.0,174.0,37.248,pac
282462,g0_p529_L12,2009021700,39.0,161.5,37.248,pac
311646,g0_p532_L0,2012021000,41.5,184.25,72.137,pac
311884,g0_p533_L0,2012022312,38.5,147.0,62.249,pac
292890,g0_p535_L0,2010032412,41.0,172.5,73.241,pac
292527,g0_p536_L0,2010031000,47.5,202.0,70.443,pac
292527,g0_p536_L12,2010030912,44.5,189.5,70.443,pac
302503,g0_p537_L0,2011031200,38.0,160.75,67.071,pac
427920,g0_p538_L0,2024030712,28.25,144.0,260.093,pac
427920,g0_p538_L12,2024030700,29.5,143.5,260.093,pac
360895,g0_p539_L0,2017032700,34.25,143.0,83.102,pac
360731,g0_p541_L0,2017032112,34.0,143.5,63.316,pac
360731,g0_p541_L12,2017032100,32.0,137.0,63.316,pac
331514,g0_p542_L0,2014030812,39.25,171.0,66.711,pac
331514,g0_p542_L12,2014030800,36.25,162.0,66.711,pac
331514,g0_p542_L24,2014030712,33.5,152.0,66.711,pac
331606,g0_p544_L0,2014031312,38.25,188.0,79.186,pac
331606,g0_p544_L12,2014031300,37.25,178.25,79.186,pac
331606,g0_p544_L24,2014031212,37.0,167.75,79.186,pac
370073,g0_p546_L0,2018030900,42.25,141.5,26.265,pac
292906,g0_p547_L0,2010032512,39.75,147.0,50.386,pac
292906,g0_p547_L12,2010032500,35.75,142.75,50.386,pac
428085,g0_p548_L0,2024031600,40.25,153.75,90.0,pac
428085,g0_p548_L12,2024031512,41.5,142.25,90.0,pac
312700,g0_p549_L0,2012033112,43.75,147.75,46.217,pac
312700,g0_p549_L12,2012033100,40.25,140.75,46.217,pac
438047,g0_p550_L0,2025031912,38.0,147.75,71.304,pac
438047,g0_p550_L12,2025031900,36.25,143.25,71.304,pac
438047,g0_p550_L24,2025031812,33.25,136.5,71.304,pac
282899,g0_p552_L0,2009030912,29.25,135.0,61.859,pac
379530,g0_p553_L0,2019030412,36.5,148.5,76.028,pac
379530,g0_p553_L12,2019030400,35.25,144.5,76.028,pac
283165,g0_p554_L0,2009032100,35.25,154.0,,pac
312452,g0_p555_L0,2012032200,42.75,169.5,54.21,pac
312452,g0_p555_L12,2012032112,38.25,161.0,54.21,pac
312452,g0_p555_L24,2012032100,35.75,151.25,54.21,pac
428024,g0_p558_L0,2024031212,36.75,142.0,51.753,pac
379870,g0_p559_L0,2019031912,37.5,183.25,84.242,pac
379870,g0_p559_L12,2019031900,36.75,172.0,84.242,pac
379870,g0_p559_L24,2019031812,36.25,162.25,84.242,pac
341232,g0_p560_L0,2015030400,36.75,141.75,56.7,pac
360830,g0_p561_L0,2017032500,35.0,160.75,73.974,pac
360830,g0_p561_L12,2017032412,33.5,153.0,73.974,pac
312094,g0_p562_L0,2012030400,48.25,168.75,29.716,pac
312094,g0_p562_L12,2012030312,40.25,160.0,29.716,pac
312094,g0_p562_L24,2012030300,35.25,147.0,29.716,pac
282792,g0_p563_L0,2009030412,37.25,147.25,71.087,pac
370456,g0_p564_L0,2018032200,53.75,175.5,,pac
292971,g0_p565_L0,2010032912,35.5,155.0,67.734,pac
292971,g0_p565_L12,2010032900,29.75,153.0,67.734,pac
408668,g0_p567_L0,2022031112,34.5,174.75,61.364,pac
408668,g0_p567_L12,2022031100,30.0,165.0,61.364,pac
272839,g0_p568_L0,2008030112,38.25,162.0,92.804,pac
437821,g0_p571_L0,2025031000,38.5,154.75,61.294,pac
389424,g0_p576_L0,2020031612,38.0,149.75,80.396,pac
389424,g0_p576_L12,2020031600,37.0,144.75,80.396,pac
428185,g0_p577_L0,2024032000,36.25,141.0,114.553,pac
428185,g0_p577_L12,2024031912,39.0,135.75,114.553,pac
369872,g0_p580_L0,2018030100,39.0,135.5,62.765,pac
427991,g0_p581_L0,2024031012,39.75,159.75,75.419,pac
427991,g0_p581_L12,2024031000,38.0,151.25,75.419,pac
263336,g0_p582_L0,2007031400,34.5,154.0,,pac
409967,g0_p583_L0,2022042912,35.75,142.0,0.0,pac
429034,g0_p584_L0,2024041812,32.0,140.75,70.873,pac
380211,g0_p585_L0,2019040212,35.75,163.5,84.586,pac
380211,g0_p585_L12,2019040200,34.75,152.5,84.586,pac
370834,g0_p587_L0,2018040600,36.75,207.5,93.175,pac
370834,g0_p587_L12,2018040512,38.0,193.75,93.175,pac
370834,g0_p587_L24,2018040500,38.75,189.0,93.175,pac
380448,g0_p588_L0,2019041000,35.0,170.75,67.857,pac
380448,g0_p588_L12,2019040912,32.25,160.0,67.857,pac
283491,g0_p589_L0,2009040200,37.75,147.5,57.692,pac
283491,g0_p589_L12,2009040112,36.5,145.0,57.692,pac
263927,g0_p591_L0,2007040512,39.25,167.25,61.717,pac
263927,g0_p591_L12,2007040500,37.0,162.5,61.717,pac
263927,g0_p591_L24,2007040412,34.75,156.75,61.717,pac
342105,g0_p592_L0,2015041200,42.0,158.5,56.067,pac
322753,g0_p593_L0,2013040212,32.5,138.25,59.339,pac
254489,g0_p595_L0,2006040512,36.0,146.0,73.783,pac
254489,g0_p595_L12,2006040500,34.0,137.25,73.783,pac
322708,g0_p596_L0,2013040100,41.0,156.25,62.739,pac
450023,g0_p599_L0,2026052212,34.5,147.0,90.0,pac
450023,g0_p599_L12,2026052200,35.0,142.25,90.0,pac
400735,g0_p600_L0,2021051412,36.0,151.25,72.828,pac
400735,g0_p600_L12,2021051400,34.5,144.75,72.828,pac
400735,g0_p600_L24,2021051312,32.75,139.0,72.828,pac
395258,g0_p602_L0,2020082912,43.5,170.25,90.0,pac
395258,g0_p602_L12,2020082900,43.75,155.25,90.0,pac
395258,g0_p602_L24,2020082812,44.75,144.75,90.0,pac
338418,g0_p603_L0,2014092600,44.0,152.0,56.808,pac
338418,g0_p603_L12,2014092512,42.0,144.75,56.808,pac
424815,g0_p606_L0,2023092400,44.5,212.0,108.697,pac
424815,g0_p606_L12,2023092312,48.0,199.0,108.697,pac
424815,g0_p606_L24,2023092300,48.25,183.25,108.697,pac
414765,g0_p608_L0,2022091400,28.25,162.0,350.008,pac
425012,g0_p609_L0,2023092800,37.25,165.75,94.787,pac
425012,g0_p609_L12,2023092712,38.0,159.0,94.787,pac
425012,g0_p609_L24,2023092700,36.75,154.25,94.787,pac
396061,g0_p610_L0,2020092612,45.5,198.75,60.287,pac
396061,g0_p610_L12,2020092600,41.5,188.75,60.287,pac
396061,g0_p610_L24,2020092512,39.75,177.25,60.287,pac
288826,g0_p611_L0,2009090612,31.25,155.0,31.41,pac
288826,g0_p611_L12,2009090600,27.75,153.0,31.41,pac
415252,g0_p612_L0,2022092712,30.0,142.25,33.004,pac
415252,g0_p612_L12,2022092700,28.0,141.75,33.004,pac
444711,g0_p615_L0,2025092600,49.75,210.0,66.145,pac
250708,g0_p616_L0,2005092312,28.25,138.5,318.623,pac
250708,g0_p616_L12,2005092300,27.0,139.75,318.623,pac
329312,g0_p618_L0,2013102300,43.25,181.25,73.382,pac
329312,g0_p618_L12,2013102212,42.0,170.5,73.382,pac
445442,g0_p619_L0,2025102800,44.5,215.25,46.933,pac
445442,g0_p619_L12,2025102712,41.75,210.25,46.933,pac
445442,g0_p619_L24,2025102700,40.0,203.0,46.933,pac
251286,g0_p620_L0,2005101312,41.25,175.25,59.098,pac
251286,g0_p620_L12,2005101300,37.0,164.25,59.098,pac
251286,g0_p620_L24,2005101212,36.25,161.25,59.098,pac
260808,g0_p622_L0,2006101700,44.0,174.25,60.373,pac
260808,g0_p622_L12,2006101612,37.75,157.5,60.373,pac
260808,g0_p622_L24,2006101600,34.75,149.25,60.373,pac
270771,g0_p623_L0,2007102700,29.5,136.25,36.724,pac
406331,g0_p624_L0,2021102312,41.0,159.75,48.544,pac
406331,g0_p624_L12,2021102300,37.25,155.0,48.544,pac
406331,g0_p624_L24,2021102212,31.75,144.75,48.544,pac
260835,g0_p626_L0,2006101400,43.5,170.25,57.245,pac
260835,g0_p626_L12,2006101312,40.0,163.75,57.245,pac
348001,g0_p630_L0,2015100112,42.25,136.0,46.021,pac
357722,g0_p631_L0,2016100612,42.75,158.25,76.093,pac
357722,g0_p631_L12,2016100600,41.25,148.0,76.093,pac
357722,g0_p631_L24,2016100512,37.75,139.0,76.093,pac
310008,g0_p633_L0,2011102412,46.75,186.75,80.789,pac
310008,g0_p633_L12,2011102400,45.5,172.75,80.789,pac
406204,g0_p634_L0,2021101612,48.25,142.0,25.84,pac
329434,g0_p635_L0,2013103100,39.5,157.75,55.348,pac
329434,g0_p635_L12,2013103012,36.5,151.5,55.348,pac
299652,g0_p636_L0,2010101300,40.75,215.25,,pac
348356,g0_p637_L0,2015101012,42.5,198.0,84.044,pac
348356,g0_p637_L12,2015101000,42.25,185.0,84.044,pac
348356,g0_p637_L24,2015100912,44.0,174.75,84.044,pac
415907,g0_p639_L0,2022102800,51.75,170.5,61.701,pac
415907,g0_p639_L12,2022102712,46.0,158.25,61.701,pac
415907,g0_p639_L24,2022102700,43.25,153.5,61.701,pac
241609,g0_p640_L0,2004100700,44.75,209.0,74.986,pac
241609,g0_p640_L12,2004100612,43.5,197.75,74.986,pac
406284,g0_p641_L0,2021102100,50.75,173.25,52.368,pac
406284,g0_p641_L12,2021102012,44.25,159.0,52.368,pac
406284,g0_p641_L24,2021102000,39.0,151.25,52.368,pac
310071,g0_p643_L0,2011102712,45.25,213.25,54.617,pac
367465,g0_p644_L0,2017101100,51.0,167.5,40.0,pac
367465,g0_p644_L12,2017101012,46.75,160.5,40.0,pac
367465,g0_p644_L24,2017101000,45.75,154.25,40.0,pac
260580,g0_p646_L0,2006100712,47.25,181.75,145.831,pac
260580,g0_p646_L12,2006100700,49.25,172.25,145.831,pac
260580,g0_p646_L24,2006100612,52.5,164.25,145.831,pac
280449,g0_p647_L0,2008102112,44.75,166.0,54.853,pac
280449,g0_p647_L12,2008102100,39.75,156.75,54.853,pac
280449,g0_p647_L24,2008102012,38.5,153.5,54.853,pac
396798,g0_p650_L0,2020102812,40.25,163.0,45.05,pac
396798,g0_p650_L12,2020102800,36.0,155.75,45.05,pac
299908,g0_p652_L0,2010102600,49.75,155.0,42.132,pac
299908,g0_p652_L12,2010102512,47.5,151.25,42.132,pac
299908,g0_p652_L24,2010102500,45.5,142.25,42.132,pac
406436,g0_p655_L0,2021103000,39.0,158.25,53.673,pac
406436,g0_p655_L12,2021102912,33.5,149.75,53.673,pac
406436,g0_p655_L24,2021102900,29.75,144.25,53.673,pac
338817,g0_p656_L0,2014101200,31.0,166.75,65.597,pac
338817,g0_p656_L12,2014101112,27.5,155.5,65.597,pac
348704,g0_p659_L0,2015102412,43.25,189.0,71.898,pac
348704,g0_p659_L12,2015102400,41.75,179.5,71.898,pac
261329,g0_p661_L0,2006111200,41.5,204.5,68.171,pac
261329,g0_p661_L12,2006111112,38.25,195.25,68.171,pac
261329,g0_p661_L24,2006111100,33.25,189.75,68.171,pac
377913,g0_p662_L0,2018112212,38.5,149.75,55.726,pac
377913,g0_p662_L12,2018112200,34.5,142.25,55.726,pac
368272,g0_p663_L0,2017112312,38.25,147.0,48.8,pac
368272,g0_p663_L12,2017112300,33.25,139.25,48.8,pac
416328,g0_p664_L0,2022112200,36.5,188.75,86.047,pac
426099,g0_p667_L0,2023111900,46.5,157.0,36.713,pac
242325,g0_p668_L0,2004111500,44.0,137.25,60.923,pac
281090,g0_p669_L0,2008112500,36.5,146.5,67.478,pac
290554,g0_p671_L0,2009111800,39.25,150.5,53.01,pac
290554,g0_p671_L12,2009111712,33.5,140.25,53.01,pac
416220,g0_p677_L0,2022111512,34.5,144.5,73.125,pac
416220,g0_p677_L12,2022111500,33.25,141.75,73.125,pac
358815,g0_p679_L0,2016112800,41.75,153.75,39.657,pac
406839,g0_p691_L0,2021112012,36.25,162.75,38.884,pac
406839,g0_p691_L12,2021112000,35.25,157.0,38.884,pac
416403,g0_p692_L0,2022112712,32.0,155.75,72.901,pac
416403,g0_p692_L12,2022112700,30.0,146.5,72.901,pac
416403,g0_p692_L24,2022112612,28.25,139.75,72.901,pac
445638,g0_p693_L0,2025110612,36.25,152.0,,pac
377636,g0_p695_L0,2018110100,39.5,171.5,,pac
436050,g0_p696_L0,2024111212,35.25,160.75,90.0,pac
436050,g0_p696_L12,2024111200,33.75,155.75,90.0,pac
436050,g0_p696_L24,2024111112,33.75,146.5,90.0,pac
310453,g0_p699_L0,2011111800,40.25,167.75,49.893,pac
310453,g0_p699_L12,2011111712,35.75,160.25,49.893,pac
436167,g0_p700_L0,2024111912,42.25,223.0,83.832,pac
436167,g0_p700_L12,2024111900,42.0,209.5,83.832,pac
349179,g0_p702_L0,2015112112,47.25,158.25,69.781,pac
426262,g0_p704_L0,2023112900,47.0,160.75,90.0,pac
426262,g0_p704_L12,2023112812,46.0,151.75,90.0,pac
310414,g0_p707_L0,2011111512,56.5,201.75,82.066,pac
310414,g0_p707_L12,2011111500,55.5,189.5,82.066,pac
310414,g0_p707_L24,2011111412,53.25,179.0,82.066,pac
339572,g0_p710_L0,2014111912,43.0,187.0,74.1,pac
339572,g0_p710_L12,2014111900,40.0,173.0,74.1,pac
339572,g0_p710_L24,2014111812,37.75,159.25,74.1,pac
290788,g0_p712_L0,2009120400,38.75,152.25,48.404,pac
290788,g0_p712_L12,2009120312,34.75,144.75,48.404,pac
290788,g0_p712_L24,2009120300,30.5,137.5,48.404,pac
330189,g0_p713_L0,2013121912,31.75,142.75,59.545,pac
330189,g0_p713_L12,2013121900,31.25,141.0,59.545,pac
330189,g0_p713_L24,2013121812,31.0,138.0,59.545,pac
388031,g0_p715_L0,2019122700,38.0,145.75,97.232,pac
388031,g0_p715_L12,2019122612,37.25,136.25,97.232,pac
436573,g0_p716_L0,2024121912,34.75,154.0,71.857,pac
436573,g0_p716_L12,2024121900,31.5,144.25,71.857,pac
358950,g0_p717_L0,2016120800,35.75,150.5,,pac
271852,g0_p718_L0,2007122912,42.0,144.75,32.496,pac
397476,g0_p719_L0,2020121300,42.0,155.25,53.219,pac
397476,g0_p719_L12,2020121212,38.75,148.0,53.219,pac
397476,g0_p719_L24,2020121200,37.25,142.75,53.219,pac
359222,g0_p723_L0,2016122712,40.25,151.25,75.316,pac
359222,g0_p723_L12,2016122700,37.5,142.25,75.316,pac
387937,g0_p724_L0,2019122212,32.5,139.75,74.412,pac
446163,g0_p727_L0,2025121400,33.0,137.25,71.187,pac
290764,g0_p728_L0,2009120200,39.0,168.0,80.265,pac
290764,g0_p728_L12,2009120112,38.0,161.0,80.265,pac
310765,g0_p730_L0,2011121400,43.5,185.0,62.662,pac
310765,g0_p730_L12,2011121312,40.0,171.0,62.662,pac
436564,g0_p731_L0,2024121812,38.0,156.0,76.616,pac
252341,g0_p732_L0,2005121800,32.0,203.0,86.449,pac
252341,g0_p732_L12,2005121712,31.75,189.75,86.449,pac
426291,g0_p734_L0,2023120100,40.25,165.0,74.317,pac
426291,g0_p734_L12,2023113012,37.75,153.5,74.317,pac
445981,g0_p738_L0,2025120100,44.25,139.75,60.82,pac
358863,g0_p739_L0,2016120100,43.25,188.25,61.226,pac
349680,g0_p741_L0,2015122412,43.25,199.5,18.773,pac
349680,g0_p741_L12,2015122400,38.0,197.0,18.773,pac
271712,g0_p743_L0,2007122112,36.75,177.5,78.25,pac
271712,g0_p743_L12,2007122100,34.5,166.75,78.25,pac
349432,g0_p744_L0,2015120900,39.25,196.5,,pac
378400,g0_p745_L0,2018122712,40.0,161.25,47.895,pac
378400,g0_p745_L12,2018122700,37.0,154.0,47.895,pac
271435,g0_p746_L0,2007120400,46.25,159.0,48.165,pac
271435,g0_p746_L12,2007120312,41.25,149.0,48.165,pac
387906,g0_p750_L0,2019122012,39.25,158.25,65.915,pac
290914,g0_p751_L0,2009121200,33.0,143.0,117.068,pac
290914,g0_p751_L12,2009121112,34.25,140.0,117.068,pac
387717,g0_p753_L0,2019120912,41.0,185.75,86.703,pac
387717,g0_p753_L12,2019120900,40.5,175.25,86.703,pac
387717,g0_p753_L24,2019120812,40.0,164.5,86.703,pac
330083,g0_p755_L0,2013121000,34.0,138.5,,pac
320784,g0_p756_L0,2012122412,37.25,158.75,66.088,pac
320784,g0_p756_L12,2012122400,37.25,148.5,66.088,pac
320784,g0_p756_L24,2012122312,36.0,141.25,66.088,pac
397589,g0_p757_L0,2020121900,43.75,150.5,,pac
406998,g0_p758_L0,2021120100,46.5,138.75,34.542,pac
378258,g0_p759_L0,2018121700,33.0,138.25,71.187,pac
310907,g0_p762_L0,2011122300,33.5,153.25,67.456,pac
310907,g0_p762_L12,2011122212,29.25,141.75,67.456,pac
416581,g0_p763_L0,2022120800,37.5,149.0,,pac
426489,g0_p764_L0,2023121300,48.0,160.0,42.616,pac
426489,g0_p764_L12,2023121212,43.0,152.5,42.616,pac
300622,g0_p765_L0,2010120300,40.5,137.25,16.474,pac
397649,g0_p767_L0,2020122500,45.5,151.25,144.973,pac
397649,g0_p767_L12,2020122412,48.25,151.25,144.973,pac
397649,g0_p767_L24,2020122400,47.5,145.75,144.973,pac
281641,g0_p768_L0,2008123100,37.25,157.75,83.485,pac
290796,g0_p769_L0,2009120312,33.0,193.75,56.961,pac
310858,g0_p770_L0,2011122012,37.75,176.5,70.969,pac
310858,g0_p770_L12,2011122000,35.5,165.25,70.969,pac
310728,g0_p773_L0,2011121012,37.75,173.0,75.805,pac
320877,g0_p774_L0,2012122900,37.5,192.75,,pac
300674,g0_p775_L0,2010120712,34.75,143.25,90.0,pac
300674,g0_p775_L12,2010120700,36.5,141.0,90.0,pac
300674,g0_p775_L24,2010120612,37.5,136.5,90.0,pac
339993,g0_p776_L0,2014121612,37.0,142.5,50.765,pac
436363,g0_p777_L0,2024120612,38.0,178.0,64.551,pac
436363,g0_p777_L12,2024120600,35.5,167.0,64.551,pac
436363,g0_p777_L24,2024120512,33.75,161.25,64.551,pac
407371,g0_p779_L0,2021122500,32.75,141.75,71.237,pac
416672,g0_p780_L0,2022121412,44.75,152.0,43.438,pac
446115,g0_p786_L0,2025121012,33.75,166.25,12.777,pac
446115,g0_p786_L12,2025121000,29.75,162.5,12.777,pac
446115,g0_p786_L24,2025120912,27.0,159.5,12.777,pac
242550,g0_p787_L0,2004120100,38.5,175.75,59.321,pac
242550,g0_p787_L12,2004113012,33.5,162.75,59.321,pac
407597,g1_p378_L0,2022010712,34.0,158.25,86.367,pac
407597,g1_p378_L12,2022010700,33.25,149.25,86.367,pac
407554,g1_p379_L0,2022010400,35.5,148.0,,pac
243302,g1_p380_L0,2005012000,38.25,147.75,44.469,pac
311180,g1_p381_L0,2012011100,45.75,151.75,60.177,pac
281877,g1_p383_L0,2009011900,43.5,140.0,50.404,pac
281877,g1_p383_L12,2009011812,40.75,135.5,50.404,pac
446647,g1_p384_L0,2026011300,41.5,137.25,79.681,pac
330620,g1_p386_L0,2014011900,33.0,154.5,350.478,pac
407889,g1_p387_L0,2022012412,32.75,149.0,83.219,pac
407889,g1_p387_L12,2022012400,32.0,139.25,83.219,pac
243176,g1_p388_L0,2005011100,36.25,151.75,321.116,pac
272281,g1_p389_L0,2008012900,35.25,144.0,60.254,pac
252765,g1_p390_L0,2006011500,37.75,148.75,71.591,pac
252765,g1_p390_L12,2006011412,36.0,141.75,71.591,pac
388348,g1_p391_L0,2020011612,45.0,203.25,,pac
446853,g1_p392_L0,2026012500,38.5,155.5,61.969,pac
446853,g1_p392_L12,2026012412,36.5,149.5,61.969,pac
272114,g1_p393_L0,2008011700,35.75,161.0,29.601,pac
349925,g1_p396_L0,2016011012,42.5,153.5,72.868,pac
291513,g1_p397_L0,2010011912,55.25,136.0,,pac
271944,g1_p399_L0,2008010512,34.75,174.75,60.036,pac
340495,g1_p402_L0,2015012212,35.25,142.25,31.487,pac
340495,g1_p402_L12,2015012200,33.0,135.25,31.487,pac
397814,g1_p404_L0,2021010400,45.75,192.75,,pac
398074,g1_p405_L0,2021011812,36.0,147.0,53.438,pac
320978,g1_p406_L0,2013010512,46.5,141.75,,pac
330821,g1_p409_L0,2014013012,44.25,141.0,132.945,pac
446581,g1_p412_L0,2026010712,40.25,193.25,,pac
359489,g1_p414_L0,2017011312,33.75,173.75,85.09,pac
359489,g1_p414_L12,2017011300,34.0,166.25,85.09,pac
359489,g1_p414_L24,2017011212,34.0,154.25,85.09,pac
272315,g1_p416_L0,2008013100,35.5,150.0,87.395,pac
272315,g1_p416_L12,2008013012,35.5,139.75,87.395,pac
262087,g1_p419_L0,2007010300,47.5,166.75,53.495,pac
321002,g1_p421_L0,2013010612,52.5,160.5,,pac
349935,g1_p423_L0,2016011212,30.0,149.0,75.079,pac
349935,g1_p423_L12,2016011200,27.5,137.25,75.079,pac
252651,g1_p426_L0,2006010612,32.25,141.0,,pac
388418,g1_p427_L0,2020012100,36.0,149.5,85.582,pac
281722,g1_p428_L0,2009010612,36.0,167.0,73.601,pac
252893,g1_p429_L0,2006012100,30.25,140.5,346.136,pac
301501,g1_p430_L0,2011012500,36.25,155.5,84.938,pac
301501,g1_p430_L12,2011012412,35.5,147.75,84.938,pac
416974,g1_p431_L0,2023010500,43.0,165.25,,pac
359427,g1_p433_L0,2017011100,41.25,191.0,71.607,pac
359427,g1_p433_L12,2017011012,40.75,185.0,71.607,pac
359427,g1_p433_L24,2017011000,41.5,179.75,71.607,pac
340627,g1_p434_L0,2015013012,37.0,209.75,,pac
243386,g1_p436_L0,2005012400,43.5,137.25,,pac
369258,g1_p437_L0,2018012412,38.5,151.75,,pac
397960,g1_p439_L0,2021011712,39.75,199.25,90.0,pac
397960,g1_p439_L12,2021011700,38.75,194.5,90.0,pac
397960,g1_p439_L24,2021011612,41.5,192.0,90.0,pac
446701,g1_p441_L0,2026011500,44.75,168.75,64.856,pac
320994,g1_p442_L0,2013010612,39.25,154.75,69.203,pac
301207,g1_p443_L0,2011010400,33.5,146.0,61.406,pac
252966,g1_p444_L0,2006012612,37.0,163.0,,pac
272275,g1_p445_L0,2008012812,39.75,176.0,,pac
378579,g1_p447_L0,2019010800,40.25,190.25,60.178,pac
378579,g1_p447_L12,2019010712,37.0,181.75,60.178,pac
252989,g1_p448_L0,2006012800,32.75,153.0,,pac
321039,g1_p449_L0,2013011012,36.25,168.75,83.568,pac
321039,g1_p449_L12,2013011000,35.0,159.25,83.568,pac
321039,g1_p449_L24,2013010912,34.75,147.75,83.568,pac
359567,g1_p450_L0,2017011712,36.0,165.0,76.114,pac
359567,g1_p450_L12,2017011700,34.5,156.25,76.114,pac
359567,g1_p450_L24,2017011612,37.0,146.0,76.114,pac
311466,g1_p451_L0,2012013100,42.0,181.75,51.083,pac
407962,g1_p455_L0,2022013100,37.5,163.5,71.421,pac
407962,g1_p455_L12,2022013012,35.25,156.25,71.421,pac
407962,g1_p455_L24,2022013000,35.25,148.25,71.421,pac
427206,g1_p456_L0,2024012912,35.5,201.75,142.358,pac
427206,g1_p456_L12,2024012900,40.5,195.75,142.358,pac
427206,g1_p456_L24,2024012812,41.75,192.0,142.358,pac
446777,g1_p457_L0,2026012000,44.0,146.25,347.822,pac
446777,g1_p457_L12,2026011912,40.25,143.25,347.822,pac
291528,g1_p458_L0,2010012012,28.25,171.75,44.097,pac
321244,g1_p459_L0,2013012512,32.0,173.75,79.718,pac
321244,g1_p459_L12,2013012500,30.5,163.25,79.718,pac
321244,g1_p459_L24,2013012412,29.75,155.0,79.718,pac
243509,g1_p460_L0,2005013012,32.75,144.0,,pac
272048,g1_p461_L0,2008011200,37.75,151.0,,pac
311227,g1_p462_L0,2012011612,28.25,191.0,77.208,pac
330654,g1_p463_L0,2014012100,38.25,147.25,84.803,pac
262224,g1_p464_L0,2007011312,37.25,151.75,81.593,pac
417031,g1_p466_L0,2023010912,46.25,147.0,78.328,pac
378776,g1_p467_L0,2019012000,39.5,139.0,,pac
282684,g1_p469_L0,2009022800,29.0,223.25,,pac
417455,g1_p470_L0,2023020400,36.0,172.5,,pac
331334,g1_p473_L0,2014022712,32.75,222.5,,pac
272431,g1_p476_L0,2008020612,33.5,141.75,,pac
292010,g1_p477_L0,2010021512,34.0,141.5,64.869,pac
272504,g1_p479_L0,2008021212,37.75,146.0,51.675,pac
272504,g1_p479_L12,2008021200,33.25,138.0,51.675,pac
282423,g1_p482_L0,2009021512,35.25,139.5,129.227,pac
388778,g1_p483_L0,2020021112,35.25,163.5,72.139,pac
388778,g1_p483_L12,2020021100,33.25,154.25,72.139,pac
291910,g1_p484_L0,2010021112,42.75,174.5,96.474,pac
291910,g1_p484_L12,2010021100,43.0,170.75,96.474,pac
291910,g1_p484_L24,2010021012,43.5,167.75,96.474,pac
359867,g1_p485_L0,2017020512,39.5,137.0,80.196,pac
331292,g1_p487_L0,2014022600,39.0,161.0,68.892,pac
331292,g1_p487_L12,2014022512,37.25,156.0,68.892,pac
243536,g1_p488_L0,2005020100,38.25,148.75,49.672,pac
282503,g1_p489_L0,2009021912,31.5,167.5,70.356,pac
302026,g1_p490_L0,2011021800,37.0,141.75,65.236,pac
282613,g1_p491_L0,2009022500,46.5,145.25,67.458,pac
398639,g1_p492_L0,2021022212,39.75,142.0,0.0,pac
398639,g1_p492_L12,2021022200,40.0,139.5,0.0,pac
340703,g1_p493_L0,2015020500,31.25,138.5,,pac
437250,g1_p494_L0,2025020712,36.5,140.75,97.87,pac
398571,g1_p495_L0,2021021700,36.0,140.5,,pac
379316,g1_p496_L0,2019022000,41.0,151.25,60.054,pac
253155,g1_p498_L0,2006020700,35.75,141.25,,pac
282129,g1_p499_L0,2009020100,40.5,153.25,37.25,pac
312023,g1_p501_L0,2012022900,42.0,179.25,33.448,pac
350319,g1_p504_L0,2016020500,35.5,181.75,78.43,pac
350319,g1_p504_L12,2016020412,34.5,175.5,78.43,pac
253242,g1_p505_L0,2006021112,35.75,143.0,94.404,pac
262831,g1_p506_L0,2007021800,33.5,139.25,79.547,pac
350278,g1_p510_L0,2016020200,37.5,167.0,76.861,pac
243797,g1_p511_L0,2005021612,34.5,178.0,,pac
291993,g1_p514_L0,2010021500,36.5,184.0,90.0,pac
291993,g1_p514_L12,2010021412,36.25,175.5,90.0,pac
388964,g1_p515_L0,2020022212,36.0,188.0,,pac
398311,g1_p517_L0,2021020112,46.75,142.0,73.728,pac
282211,g1_p519_L0,2009020512,31.25,150.0,,pac
389063,g1_p523_L0,2020022812,37.25,169.75,65.163,pac
311941,g1_p524_L0,2012022500,34.25,140.25,,pac
437397,g1_p525_L0,2025021700,36.75,154.5,180.0,pac
437397,g1_p525_L12,2025021612,37.25,152.0,180.0,pac
272637,g1_p526_L0,2008022100,37.0,156.0,57.951,pac
359921,g1_p529_L0,2017020912,34.75,143.25,57.012,pac
359921,g1_p529_L12,2017020900,32.5,136.25,57.012,pac
301772,g1_p532_L0,2011020900,35.5,142.0,60.824,pac
360060,g1_p533_L0,2017021712,44.25,149.25,,pac
350949,g1_p535_L0,2016030900,35.0,211.25,97.725,pac
418543,g1_p536_L0,2023032612,37.5,142.25,44.761,pac
292971,g1_p537_L0,2010032900,29.75,153.0,52.48,pac
263448,g1_p538_L0,2007031900,31.5,174.75,,pac
428498,g1_p539_L0,2024033000,43.25,192.0,39.775,pac
428498,g1_p539_L12,2024032912,40.25,188.0,39.775,pac
389129,g1_p541_L0,2020030212,35.0,145.5,58.601,pac
282713,g1_p542_L0,2009030212,34.0,159.5,71.79,pac
282713,g1_p542_L12,2009030200,32.25,151.75,71.79,pac
282713,g1_p542_L24,2009030112,31.75,146.25,71.79,pac
302256,g1_p544_L0,2011030100,35.25,216.0,43.614,pac
302256,g1_p544_L12,2011022812,30.75,212.5,43.614,pac
370071,g1_p546_L0,2018030812,56.5,200.0,,pac
331551,g1_p547_L0,2014030900,27.5,135.0,,pac
283382,g1_p548_L0,2009032912,35.75,164.5,90.0,pac
283382,g1_p548_L12,2009032900,34.75,156.75,90.0,pac
408815,g1_p549_L0,2022031700,35.25,153.0,,pac
350880,g1_p550_L0,2016030612,36.75,187.25,67.412,pac
399395,g1_p552_L0,2021032600,40.75,148.0,,pac
379460,g1_p553_L0,2019030112,43.5,159.25,50.404,pac
379460,g1_p553_L12,2019030100,39.5,152.0,50.404,pac
379460,g1_p553_L24,2019022812,35.0,143.75,50.404,pac
360569,g1_p554_L0,2017031400,28.75,139.75,95.664,pac
244158,g1_p555_L0,2005030400,41.5,177.25,,pac
244090,g1_p558_L0,2005030212,41.5,179.0,77.454,pac
244090,g1_p558_L12,2005030200,40.5,169.0,77.454,pac
244090,g1_p558_L24,2005030112,39.0,163.5,77.454,pac
244443,g1_p559_L0,2005031712,41.0,143.25,59.291,pac
273545,g1_p560_L0,2008032812,36.25,146.75,83.369,pac
408817,g1_p561_L0,2022031712,27.0,171.5,49.911,pac
263141,g1_p562_L0,2007030412,36.0,193.25,,pac
398796,g1_p563_L0,2021030212,43.5,148.5,61.655,pac
398796,g1_p563_L12,2021030200,40.5,139.5,61.655,pac
438001,g1_p564_L0,2025031612,37.0,144.0,41.939,pac
312332,g1_p565_L0,2012031900,47.25,207.0,70.882,pac
312332,g1_p565_L12,2012031812,45.25,198.75,70.882,pac
312332,g1_p565_L24,2012031800,42.5,191.25,70.882,pac
254005,g1_p567_L0,2006031900,33.25,141.25,77.363,pac
312352,g1_p568_L0,2012031800,38.25,146.0,59.938,pac
312352,g1_p568_L12,2012031712,35.0,139.5,59.938,pac
428185,g1_p571_L0,2024031912,39.0,135.75,,pac
263670,g1_p576_L0,2007032712,30.5,135.0,77.723,pac
292292,g1_p577_L0,2010030100,43.25,161.25,47.533,pac
292292,g1_p577_L12,2010022812,36.25,150.25,47.533,pac
292292,g1_p577_L24,2010022800,33.0,141.0,47.533,pac
312692,g1_p580_L0,2012033112,38.0,188.75,54.052,pac
312692,g1_p580_L12,2012033100,33.0,176.75,54.052,pac
312692,g1_p580_L24,2012033012,32.5,173.25,54.052,pac
447582,g1_p581_L0,2026030212,55.25,212.5,66.318,pac
447582,g1_p581_L12,2026030200,54.25,207.5,66.318,pac
447582,g1_p581_L24,2026030112,51.25,197.5,66.318,pac
409022,g1_p582_L0,2022032600,38.25,213.75,,pac
293248,g1_p583_L0,2010040800,36.25,158.0,59.735,pac
293248,g1_p583_L12,2010040712,32.25,150.75,59.735,pac
438719,g1_p584_L0,2025041112,29.0,145.25,66.792,pac
264176,g1_p585_L0,2007041300,34.0,174.25,63.075,pac
380927,g1_p587_L0,2019042700,34.25,143.5,85.929,pac
380927,g1_p587_L12,2019042612,35.5,138.25,85.929,pac
380927,g1_p587_L24,2019042600,36.5,138.0,85.929,pac
390097,g1_p588_L0,2020041012,36.75,152.25,72.672,pac
293384,g1_p589_L0,2010041300,42.5,136.5,18.793,pac
342566,g1_p591_L0,2015042712,41.75,220.75,41.036,pac
409642,g1_p592_L0,2022041912,39.25,155.25,77.163,pac
409642,g1_p592_L12,2022041900,37.0,146.75,77.163,pac
360987,g1_p593_L0,2017040312,40.0,198.0,81.747,pac
360987,g1_p593_L12,2017040300,38.5,179.25,81.747,pac
360987,g1_p593_L24,2017040212,37.5,170.0,81.747,pac
332261,g1_p595_L0,2014040600,36.75,145.75,61.365,pac
439043,g1_p596_L0,2025042100,36.0,150.75,38.973,pac
255586,g1_p599_L0,2006051100,47.75,145.75,73.435,pac
255586,g1_p599_L12,2006051012,45.5,137.25,73.435,pac
255586,g1_p599_L24,2006051000,47.0,138.0,73.435,pac
255787,g1_p600_L0,2006051712,36.75,169.5,,pac
240217,g1_p602_L0,2004081900,41.5,157.75,61.894,pac
240217,g1_p602_L12,2004081812,40.75,149.75,61.894,pac
414866,g1_p603_L0,2022091312,54.75,158.5,0.0,pac
414866,g1_p603_L12,2022091300,60.5,158.25,0.0,pac
269923,g1_p606_L0,2007092200,48.75,158.75,73.126,pac
269923,g1_p606_L12,2007092112,47.5,149.75,73.126,pac
269923,g1_p606_L24,2007092100,44.25,138.0,73.126,pac
395866,g1_p608_L0,2020091812,44.5,148.5,59.707,pac
395866,g1_p608_L12,2020091800,40.5,142.5,59.707,pac
250762,g1_p609_L0,2005092112,43.0,167.5,,pac
424767,g1_p610_L0,2023091912,51.0,142.0,83.953,pac
424767,g1_p610_L12,2023091900,49.25,135.0,83.953,pac
298833,g1_p611_L0,2010091412,41.0,164.75,85.114,pac
298833,g1_p611_L12,2010091400,40.25,156.25,85.114,pac
298833,g1_p611_L24,2010091312,39.0,156.25,85.114,pac
308484,g1_p612_L0,2011090412,55.25,182.0,95.725,pac
308484,g1_p612_L12,2011090400,55.75,166.5,95.725,pac
308484,g1_p612_L24,2011090312,51.75,148.25,95.725,pac
299119,g1_p615_L0,2010092412,46.25,165.75,65.681,pac
299119,g1_p615_L12,2010092400,43.5,157.5,65.681,pac
299119,g1_p615_L24,2010092312,40.25,151.5,65.681,pac
260210,g1_p616_L0,2006092100,46.25,196.5,35.52,pac
260210,g1_p616_L12,2006092012,34.75,183.75,35.52,pac
260210,g1_p616_L24,2006092000,34.25,180.5,35.52,pac
445290,g1_p618_L0,2025101812,46.75,147.0,53.881,pac
386441,g1_p619_L0,2019100512,45.0,152.25,33.423,pac
386441,g1_p619_L12,2019100500,39.5,146.25,33.423,pac
386441,g1_p619_L24,2019100412,38.5,141.5,33.423,pac
290201,g1_p620_L0,2009102912,48.5,140.5,,pac
242060,g1_p622_L0,2004103100,54.25,191.75,82.5,pac
242060,g1_p622_L12,2004103012,53.5,185.0,82.5,pac
242060,g1_p622_L24,2004103000,52.5,178.25,82.5,pac
445184,g1_p623_L0,2025101312,53.75,163.5,68.301,pac
251286,g1_p624_L0,2005101212,36.25,161.25,,pac
358226,g1_p626_L0,2016102312,41.75,156.0,,pac
251177,g1_p630_L0,2005100812,47.25,201.5,66.573,pac
251177,g1_p630_L12,2005100800,44.5,191.0,66.573,pac
310008,g1_p631_L0,2011102400,45.5,172.75,92.476,pac
241970,g1_p633_L0,2004102400,45.0,170.25,27.938,pac
367853,g1_p634_L0,2017102812,41.0,180.5,62.076,pac
339249,g1_p635_L0,2014103012,47.75,174.25,69.604,pac
358316,g1_p636_L0,2016102900,38.25,148.0,69.093,pac
358316,g1_p636_L12,2016102812,33.25,136.75,69.093,pac
377252,g1_p637_L0,2018101212,48.25,158.25,57.234,pac
377252,g1_p637_L12,2018101200,43.25,147.25,57.234,pac
270654,g1_p639_L0,2007101912,39.5,186.25,95.693,pac
386921,g1_p640_L0,2019102212,47.0,196.25,41.728,pac
386921,g1_p640_L12,2019102200,41.25,187.0,41.728,pac
386921,g1_p640_L24,2019102112,38.75,177.5,41.728,pac
348838,g1_p641_L0,2015103100,50.75,160.75,21.274,pac
445146,g1_p643_L0,2025101400,43.25,175.25,71.056,pac
445146,g1_p643_L12,2025101312,41.0,165.25,71.056,pac
445146,g1_p643_L24,2025101300,39.5,157.25,71.056,pac
242058,g1_p644_L0,2004102812,53.5,204.75,,pac
425588,g1_p646_L0,2023102012,44.75,145.75,41.974,pac
425588,g1_p646_L12,2023102000,40.25,139.25,41.974,pac
329312,g1_p647_L0,2013102212,42.0,170.5,,pac
299842,g1_p650_L0,2010102112,38.75,203.0,,pac
377467,g1_p652_L0,2018102212,55.25,220.25,353.496,pac
377467,g1_p652_L12,2018102200,53.5,219.5,353.496,pac
367408,g1_p655_L0,2017100800,55.25,155.25,77.631,pac
367408,g1_p655_L12,2017100712,53.75,147.5,77.631,pac
338817,g1_p656_L0,2014101112,27.5,155.5,318.427,pac
299997,g1_p659_L0,2010102912,41.0,160.75,61.383,pac
299997,g1_p659_L12,2010102900,36.75,149.0,61.383,pac
299997,g1_p659_L24,2010102812,33.25,140.5,61.383,pac
416238,g1_p661_L0,2022112300,61.5,207.25,355.453,pac
416238,g1_p661_L12,2022112212,59.0,210.0,355.453,pac
416238,g1_p661_L24,2022112200,58.75,208.5,355.453,pac
387301,g1_p662_L0,2019111100,37.25,174.0,77.356,pac
387301,g1_p662_L12,2019111012,35.0,161.25,77.356,pac
387301,g1_p662_L24,2019111000,32.5,153.5,77.356,pac
271302,g1_p663_L0,2007112412,39.75,188.5,,pac
426204,g1_p664_L0,2023112412,45.5,153.5,,pac
368341,g1_p667_L0,2017112712,51.75,173.25,77.006,pac
368341,g1_p667_L12,2017112700,50.5,163.25,77.006,pac
368341,g1_p667_L24,2017112612,48.0,154.5,77.006,pac
426262,g1_p668_L0,2023112812,46.0,151.75,,pac
329518,g1_p669_L0,2013110400,40.5,154.5,,pac
406960,g1_p671_L0,2021112712,39.0,166.75,74.042,pac
436128,g1_p677_L0,2024111700,48.25,143.5,45.821,pac
320219,g1_p679_L0,2012111912,36.75,143.5,,pac
261591,g1_p691_L0,2006112612,33.0,136.0,,pac
368351,g1_p692_L0,2017112900,49.75,141.25,77.533,pac
397085,g1_p693_L0,2020111700,48.5,162.5,,pac
358449,g1_p695_L0,2016110512,42.75,142.5,75.676,pac
290605,g1_p696_L0,2009112200,44.75,198.0,63.303,pac
290605,g1_p696_L12,2009112112,40.75,185.75,63.303,pac
290605,g1_p696_L24,2009112100,38.0,174.75,63.303,pac
358581,g1_p699_L0,2016111500,39.5,181.0,59.115,pac
358581,g1_p699_L12,2016111412,37.25,175.0,59.115,pac
358581,g1_p699_L24,2016111400,36.25,169.75,59.115,pac
406639,g1_p700_L0,2021110800,43.5,210.25,90.0,pac
406639,g1_p700_L12,2021110712,44.0,202.5,90.0,pac
348967,g1_p702_L0,2015110800,60.0,182.0,,pac
242279,g1_p704_L0,2004111300,48.25,161.25,69.422,pac
242279,g1_p704_L12,2004111212,42.0,150.0,69.422,pac
242279,g1_p704_L24,2004111200,45.25,147.0,69.422,pac
397077,g1_p707_L0,2020111612,42.0,225.75,41.726,pac
397179,g1_p710_L0,2020112300,42.0,152.5,72.749,pac
387757,g1_p712_L0,2019121112,43.25,136.25,65.409,pac
340171,g1_p713_L0,2014122912,39.5,148.0,47.21,pac
340171,g1_p713_L12,2014122900,34.25,139.5,47.21,pac
359079,g1_p715_L0,2016121612,36.0,154.0,74.079,pac
359079,g1_p715_L12,2016121600,34.0,144.25,74.079,pac
446025,g1_p716_L0,2025120300,35.75,142.75,,pac
281274,g1_p717_L0,2008120700,38.25,192.5,33.202,pac
281274,g1_p717_L12,2008120612,32.75,185.25,33.202,pac
281274,g1_p717_L24,2008120600,30.25,180.0,33.202,pac
252174,g1_p718_L0,2005120612,52.25,180.0,270.0,pac
252174,g1_p718_L12,2005120600,51.25,183.75,270.0,pac
252174,g1_p718_L24,2005120512,48.25,182.5,270.0,pac
446145,g1_p719_L0,2025121212,30.25,183.75,29.937,pac
446145,g1_p719_L12,2025121200,28.0,180.5,29.937,pac
426533,g1_p723_L0,2023121600,38.75,145.0,57.335,pac
426533,g1_p723_L12,2023121512,38.5,144.5,57.335,pac
261765,g1_p724_L0,2006121000,37.0,149.0,69.412,pac
368641,g1_p727_L0,2017121712,49.0,166.5,38.212,pac
368641,g1_p727_L12,2017121700,40.25,153.5,38.212,pac
368641,g1_p727_L24,2017121612,37.0,142.25,38.212,pac
349680,g1_p728_L0,2015122400,38.0,197.0,,pac
242746,g1_p730_L0,2004121600,37.0,143.0,,pac
339880,g1_p731_L0,2014120612,41.5,217.5,,pac
271874,g1_p732_L0,2007123100,44.25,211.75,29.815,pac
416515,g1_p734_L0,2022120400,50.5,154.75,46.672,pac
349676,g1_p738_L0,2015122400,33.0,140.0,,pac
271712,g1_p739_L0,2007122100,34.5,166.75,69.997,pac
340043,g1_p741_L0,2014122012,45.75,139.5,59.158,pac
330374,g1_p743_L0,2013123112,39.5,162.0,75.469,pac
300599,g1_p744_L0,2010120112,47.75,159.25,51.784,pac
320884,g1_p745_L0,2012123012,36.5,141.5,49.696,pac
252255,g1_p746_L0,2005121212,33.25,152.5,71.137,pac
252255,g1_p746_L12,2005121200,31.5,150.75,71.137,pac
416645,g1_p750_L0,2022121300,35.0,174.0,61.517,pac
416645,g1_p750_L12,2022121212,40.25,172.5,61.517,pac
378135,g1_p751_L0,2018120700,40.75,139.75,,pac
281204,g1_p753_L0,2008120112,39.0,174.25,,pac
300827,g1_p755_L0,2010121400,41.5,145.0,44.96,pac
291045,g1_p756_L0,2009121912,39.75,162.75,85.867,pac
291045,g1_p756_L12,2009121900,38.25,155.0,85.867,pac
407468,g1_p757_L0,2021123000,37.25,144.0,101.365,pac
301070,g1_p758_L0,2010122700,38.0,156.25,56.72,pac
252092,g1_p759_L0,2005120200,32.0,174.5,71.381,pac
252092,g1_p759_L12,2005120112,30.0,168.0,71.381,pac
252092,g1_p759_L24,2005120100,29.75,160.0,71.381,pac
290914,g1_p762_L0,2009121512,36.25,189.5,93.734,pac
290914,g1_p762_L12,2009121500,38.0,179.75,93.734,pac
290914,g1_p762_L24,2009121412,38.75,169.0,93.734,pac
407058,g1_p763_L0,2021120412,54.5,163.75,37.75,pac
407058,g1_p763_L12,2021120400,46.5,153.75,37.75,pac
407058,g1_p763_L24,2021120312,39.0,146.25,37.75,pac
290788,g1_p764_L0,2009120300,30.5,137.5,,pac
242858,g1_p765_L0,2004122312,41.0,163.75,49.576,pac
407372,g1_p767_L0,2021122500,39.5,150.75,65.602,pac
261846,g1_p768_L0,2006121612,40.25,183.75,71.864,pac
261846,g1_p768_L12,2006121600,37.5,168.25,71.864,pac
261846,g1_p768_L24,2006121512,36.0,155.25,71.864,pac
349334,g1_p769_L0,2015120300,32.5,138.5,62.582,pac
252146,g1_p770_L0,2005120300,35.75,155.5,,pac
281459,g1_p773_L0,2008121800,39.0,147.25,44.977,pac
407122,g1_p774_L0,2021120812,46.75,170.25,51.478,pac
407122,g1_p774_L12,2021120800,41.75,160.25,51.478,pac
436607,g1_p775_L0,2024122100,39.0,139.25,,pac
388007,g1_p776_L0,2019122512,38.25,180.75,32.722,pac
388007,g1_p776_L12,2019122500,34.75,177.75,32.722,pac
368406,g1_p777_L0,2017120212,42.25,184.5,61.614,pac
368406,g1_p777_L12,2017120200,39.5,175.5,61.614,pac
368406,g1_p777_L24,2017120112,38.0,167.75,61.614,pac
397608,g1_p779_L0,2020122012,48.5,181.25,,pac
387717,g1_p780_L0,2019120800,37.0,153.75,,pac
271571,g1_p786_L0,2007121200,36.75,151.75,104.973,pac
387631,g1_p787_L0,2019120212,44.75,145.5,54.853,pac
387631,g1_p787_L12,2019120200,39.75,136.75,54.853,pac
