family,basin,var,top,bottom,diff,lo,hi,se,p,mde80,sd,d_std,mde_std,n_top,n_bot,q
S1_latmatched,atl,pc,969.5127314814815,969.8610392394555,-0.3483077579739984,-1.9585549,1.2762115,0.8075839,0.6956521739130435,2.261235,12.49263852143475,-0.027881040292358994,0.18100539728442452,432,258,0.8413687892895657
S1_latmatched,atl,msl_grad,4.199111111111112,4.4129133646701675,-0.2138022535590558,-0.47123644,0.056304086,0.13413396,0.10594702648675662,0.3755751,1.3174543069077747,-0.16228437862173425,0.2850763730065415,432,258,0.3884724304514409
S1_latmatched,atl,gmax,76.45555555555555,76.79695544496968,-0.34139988941413435,-1.0606763,0.33092335,0.35530153,0.33883058470764615,0.99484426,4.646967143487666,-0.07346724839502633,0.21408463350677315,432,258,0.7402965184074629
S1_latmatched,atl,wsmax,50.77268518518519,50.93484454210247,-0.16215935691727879,-0.73655087,0.3690786,0.27810377,0.5047476261869065,0.7786905,3.84722848473229,-0.04214965593044642,0.202402981792979,432,258,0.7402965184074629
S1_latmatched,atl,a_g48,636742.0578703703,559326.846971503,77415.21089886734,11664.826,145410.55,33623.293,0.017991004497751123,94145.22,388328.6050422931,0.19935490173441128,0.2424369915776526,432,258,0.13193403298350823
S1_latmatched,atl,gmax_r,306.7291666666667,296.12936447856913,10.599802188097556,-18.700157,41.907333,15.237868,0.48375812093953025,42.66603,204.13412820551784,0.051925673973662566,0.20900978811751567,432,258,0.7402965184074629
S1_latmatched,atl,g48_rmax,1008.5648148148148,968.347146558812,40.21766825600275,1.0343816,80.54358,20.500381,0.04697651174412794,57.401066,246.67315248659395,0.16304031407791117,0.23270090501452367,432,258,0.20669665167416293
S1_latmatched,atl,g48_right,0.7675516372795971,0.71795263041426,0.049599006865337025,0.01660361,0.08424055,0.017015258,0.004997501249375313,0.047642723,0.21528856982626823,0.2303838374018742,0.22129703757294011,397,242,0.05497251374312844
S1_latmatched,atl,d2m_500,0.6788425925925926,0.9863132241983195,-0.30747063160572685,-1.1604317,0.5552776,0.43907326,0.4707646176911544,1.2294052,7.356253883087805,-0.0417971750964997,0.1671238084298665,432,258,0.7402965184074629
S1_latmatched,atl,gust_factor,1.509988425925926,1.5109769708874277,-0.0009885449615016917,-0.013045039,0.012586578,0.006662564,0.9445277361319341,0.018655179,0.08439012283111541,-0.01171398889275234,0.22105879743509302,432,258,0.9895052473763118
S1_latmatched,atl,a_hf,14791.199074074075,13004.301486038848,1786.8975880352264,-1908.5762,5293.6855,1858.049,0.3218390804597701,5202.537,23180.63216862999,0.0770858005526445,0.22443465180451452,432,258,0.7402965184074629
S1_latmatched,pac,pc,973.4460227272727,973.8685329248091,-0.4225101975363259,-2.03064,0.772203,0.6986958,0.41879060469765117,1.9563482,11.743407770181673,-0.03597850009169779,0.16659118196835032,353,223,0.7402965184074629
S1_latmatched,pac,msl_grad,4.391647727272727,4.624050580245705,-0.23240285297297802,-0.38148278,-0.07555126,0.077118695,0.00399800099950025,0.21593234,1.3538158293842277,-0.17166504330111473,0.1594990505673659,353,223,0.05497251374312844
S1_latmatched,pac,gmax,76.07045454545454,76.0832487728458,-0.01279422739126801,-0.80157405,0.6984026,0.38448662,0.992503748125937,1.0765625,4.429323152920225,-0.002888528777321848,0.24305350652324542,353,223,0.992503748125937
S1_latmatched,pac,wsmax,50.22528409090909,50.12927410891675,0.09600998199233857,-0.6606328,0.82742655,0.38310778,0.8055972013993004,1.0727018,4.042684333256492,0.02374906722311408,0.26534394559725016,353,223,0.8861569215392304
S1_latmatched,pac,a_g48,560369.4517045454,525617.2453525779,34752.20635196753,-12567.362,91396.22,26105.465,0.15292353823088456,73095.3,363343.6569741962,0.09564555671997199,0.20117400007396044,353,223,0.48061683443992287
S1_latmatched,pac,gmax_r,249.47727272727272,239.63075151005026,9.84652121722246,-21.90577,43.02328,16.501684,0.5047476261869065,46.204716,192.52716465588637,0.0511435424441099,0.2399906309914438,353,223,0.7402965184074629
S1_latmatched,pac,g48_rmax,941.3068181818181,928.8964742142448,12.41034396757334,-31.924356,56.049774,22.405926,0.5567216391804098,62.73659,273.16699051518947,0.04543134565478643,0.22966388149897216,353,223,0.7654922538730635
S1_latmatched,pac,g48_right,0.7955259938837921,0.7579798682431711,0.037546125640620986,0.0052735135,0.06879413,0.016051883,0.026986506746626688,0.04494527,0.1649652222489299,0.2276002488813338,0.2724530007618978,330,210,0.14842578710644677
S1_latmatched,pac,d2m_500,5.423068181818182,5.172859351610472,0.25020883020770945,-0.7158562,1.3278595,0.5245166,0.6166916541729135,1.4686464,6.430927962106585,0.03890711133479224,0.22837239287723174,353,223,0.7980715524590645
S1_latmatched,pac,gust_factor,1.5194772727272727,1.52271482451312,-0.0032375517858471703,-0.02003726,0.013996105,0.008922873,0.7266366816591704,0.024984045,0.08993600918871301,-0.035998392802306864,0.277798016384701,353,223,0.8413687892895657
S1_latmatched,pac,a_hf,8147.926136363636,9281.274551957604,-1133.3484155939677,-3398.8354,1206.0455,1152.0205,0.3568215892053973,3225.6575,13058.155433613232,-0.08679238207538832,0.2470224441041575,353,223,0.7402965184074629
