test,delta_deg_per_sd,power
P1,0.5,0.09666666666666666
P1,1.0,0.22
P1,1.5,0.4766666666666667
P1,2.0,0.7033333333333334
P1,2.5,0.8866666666666667
P1,3.0,0.96
P1,3.5,0.9966666666666667
P1,4.0,0.9966666666666667
P1,5.0,1.0
P1,6.0,1.0
P2,0.5,0.65
P2,1.0,0.9966666666666667
P2,1.5,1.0
P2,2.0,1.0
P2,2.5,1.0
P2,3.0,1.0
P2,3.5,1.0
P2,4.0,1.0
P2,5.0,1.0
P2,6.0,1.0
S3,0.5,0.1
S3,1.0,0.26666666666666666
S3,1.5,0.53
S3,2.0,0.7433333333333333
S3,2.5,0.9633333333333334
S3,3.0,0.99
S3,3.5,0.9933333333333333
S3,4.0,1.0
S3,5.0,1.0
S3,6.0,1.0
