basin,mode,stat,log_est,est,lo,hi,se_log,p_perm,mde_rr,era_coef,corr_x_era
atl,trend,h1,0.212914,1.23728,1.15764,1.33824,0.0379428,0.00049975,1.11209,-0.0174976,0.145632
atl,trend,h2,0.24288,1.27492,1.18339,1.39062,0.0379347,0.00049975,1.11206,-0.0608385,0.145632
atl,trend,h3,0.307737,1.36034,1.27288,1.47533,0.0366595,0.00049975,1.1081,-0.0757023,0.145632
atl,trend,b,0.155691,1.16846,1.01285,1.35806,0.0769421,0.0204898,1.2404,0.105098,0.145632
atl,trend,m,0.114357,1.12115,0.958667,1.36561,0.0874065,0.108946,1.27729,-0.0357082,0.145632
atl,trend,h2-h1,0.0299661,1.03042,0.980022,1.06749,0.0199597,0.109445,1.05748,,0.145632
atl,trend,h3-h1,0.0948234,1.09946,1.03497,1.16659,0.02889,0.00349825,1.08425,,0.145632
atl,trend,h3-b,0.152047,1.16421,0.997507,1.34577,0.076656,0.0584708,1.23941,,0.145632
pac,trend,h1,0.175608,1.19197,1.10458,1.30856,0.0428394,0.00049975,1.12744,0.00927721,0.0553
pac,trend,h2,0.197072,1.21783,1.11186,1.38199,0.0535028,0.00049975,1.16161,-0.0404452,0.0553
pac,trend,h3,0.249931,1.28394,1.15107,1.48695,0.064134,0.00049975,1.19671,-0.101523,0.0553
pac,trend,b,0.132934,1.14217,1.00874,1.27773,0.0581724,0.0564718,1.1769,0.128692,0.0553
pac,trend,m,0.0735705,1.07634,0.961433,1.21218,0.0561259,0.292854,1.17017,0.109182,0.0553
pac,trend,h2-h1,0.0214639,1.0217,0.988987,1.06608,0.0187487,0.254873,1.0539,,0.0553
pac,trend,h3-h1,0.0743227,1.07715,1.01782,1.16352,0.03394,0.0124938,1.09969,,0.0553
pac,trend,h3-b,0.116997,1.12412,0.973774,1.37302,0.0874841,0.149925,1.27756,,0.0553
