basin,test,planted_rr,power
atl,T1,1.03,0.8775
atl,T1,1.05,1.0
atl,T1,1.08,1.0
atl,T1,1.1,1.0
atl,T1,1.15,1.0
atl,T1,1.2,1.0
atl,T2,1.03,0.1125
atl,T3,1.03,0.1175
atl,T2,1.05,0.2725
atl,T3,1.05,0.265
atl,T2,1.08,0.6325
atl,T3,1.08,0.645
atl,T2,1.1,0.8025
atl,T3,1.1,0.7875
atl,T2,1.15,0.985
atl,T3,1.15,0.975
atl,T2,1.2,1.0
atl,T3,1.2,1.0
atl,T4,1.03,0.255
atl,T4,1.05,0.49
atl,T4,1.08,0.9025
atl,T4,1.1,0.9725
atl,T4,1.15,1.0
atl,T4,1.2,1.0
atl,T5,1.03,0.755
atl,T5,1.05,0.985
atl,T5,1.08,1.0
atl,T5,1.1,1.0
atl,T5,1.15,1.0
atl,T5,1.2,1.0
atl,T6,1.03,0.065
atl,T6,1.05,0.0825
atl,T6,1.08,0.1475
atl,T6,1.1,0.165
atl,T6,1.15,0.3025
atl,T6,1.2,0.4625
atl,T7,1.03,0.165
atl,T7,1.05,0.31
atl,T7,1.08,0.67
atl,T7,1.1,0.765
atl,T7,1.15,0.9875
atl,T7,1.2,1.0
atl,T8,1.03,0.235
atl,T8,1.05,0.445
atl,T8,1.08,0.835
atl,T8,1.1,0.935
atl,T8,1.15,0.9975
atl,T8,1.2,1.0
pac,T1,1.03,0.7825
pac,T1,1.05,0.995
pac,T1,1.08,1.0
pac,T1,1.1,1.0
pac,T1,1.15,1.0
pac,T1,1.2,1.0
pac,T2,1.03,0.1025
pac,T3,1.03,0.1075
pac,T2,1.05,0.3075
pac,T3,1.05,0.28
pac,T2,1.08,0.57
pac,T3,1.08,0.5575
pac,T2,1.1,0.7575
pac,T3,1.1,0.76
pac,T2,1.15,0.98
pac,T3,1.15,0.96
pac,T2,1.2,1.0
pac,T3,1.2,1.0
pac,T4,1.03,0.1475
pac,T4,1.05,0.3275
pac,T4,1.08,0.6675
pac,T4,1.1,0.85
pac,T4,1.15,0.9875
pac,T4,1.2,1.0
pac,T5,1.03,0.775
pac,T5,1.05,0.995
pac,T5,1.08,1.0
pac,T5,1.1,1.0
pac,T5,1.15,1.0
pac,T5,1.2,1.0
pac,T6,1.03,0.09
pac,T6,1.05,0.0875
pac,T6,1.08,0.185
pac,T6,1.1,0.215
pac,T6,1.15,0.415
pac,T6,1.2,0.59
pac,T7,1.03,0.165
pac,T7,1.05,0.26
pac,T7,1.08,0.4725
pac,T7,1.1,0.655
pac,T7,1.15,0.9225
pac,T7,1.2,0.9875
pac,T8,1.03,0.155
pac,T8,1.05,0.2825
pac,T8,1.08,0.63
pac,T8,1.1,0.8025
pac,T8,1.15,0.9875
pac,T8,1.2,1.0
