basin,term,est,lo,hi
atl,count_e,-0.7836072209604048,-1.8855718092996807,0.48845665691821816
atl,share_e,-8.115386012476646,-13.309364237560368,-1.757470139476591
atl,inter_e,0.1987271375063862,-0.12453871480246756,0.5566960375412383
atl,count_l,7.509256574067737,0.5804976283764474,16.453034185314
atl,share_l,147.08513833044387,95.1405713779562,210.4816109311305
atl,inter_l,3.2201166737763693,0.29721651704975033,6.540750851913776
atl,total,149.11424548235732,97.21199053034663,211.75781155445685
atl,base_entrant_frac,0.08533341370733334,0.0621759576636978,0.11079573195625379
atl,entrant_frac_of_change,-0.05834631069477564,-0.10877993113410364,-0.017065685539657684
atl,count_frac,0.045104002849299114,-0.0008552277172353366,0.11850399208392007
atl,share_frac,0.9319683164303013,0.8402033665978076,0.9985295601624379
atl,inter_frac,0.022927680720399454,0.002860352352400763,0.04370156943243853
atl,count_e_frac,-0.00525507954270619,-0.014560363903012971,0.00292058239509585
atl,count_l_frac,0.0503590823920053,0.0031736108533356885,0.12694100998108546
atl,share_e_frac,-0.054423948471354004,-0.10333127063640454,-0.010854715412144209
atl,share_l_frac,0.9863922649016553,0.8992121089022229,1.0595033730830932
atl,inter_e_frac,0.0013327173192845543,-0.0007899201802594127,0.004115759452774527
atl,inter_l_frac,0.0215949634011149,0.0017444171658838742,0.04137332248114401
atl,entrant_excess_over_baseline,-0.14367972440210897,-0.20068297497425805,-0.09773892320823775
atl,f_share_of_log_RR_HF,0.9524354094511573,0.8844907650871526,1.0050826161109876
pac,count_e,-1.5987428969453679,-4.962566214175243,1.9201084501404073
pac,share_e,10.529407347756694,-2.494728342779668,29.99786811221385
pac,inter_e,-0.2589817040659609,-1.0618368828430567,0.5116828810321977
pac,count_l,10.035368816127956,4.932750015552557,14.843074880120108
pac,share_l,70.84293253009764,31.688230286467036,129.40010330734367
pac,inter_l,2.672687718982618,0.8617364927778614,6.157580465532097
pac,total,92.22267181195357,49.17835173417657,160.76415479672272
pac,base_entrant_frac,0.19637465895839926,0.1416179016433311,0.2538407299673252
pac,entrant_frac_of_change,0.09402983644225077,-0.06207826619592085,0.291601974321291
pac,count_frac,0.0914810398942385,0.040979365251890894,0.15514773162947693
pac,share_frac,0.8823463718745475,0.8143958704012237,0.9468106317448738
pac,inter_frac,0.026172588231214107,0.006544720602920574,0.0441373107291089
pac,count_e_frac,-0.017335681839768,-0.08005972325307457,0.01582429844285262
pac,count_l_frac,0.10881672173400649,0.048650613774030085,0.20204366258895343
pac,share_e_frac,0.11417373993703693,-0.02397921939359424,0.3159369186251605
pac,share_l_frac,0.7681726319375105,0.5539138539754352,0.9158286403504063
pac,inter_e_frac,-0.00280822165501816,-0.013649191320736397,0.004485356601879906
pac,inter_l_frac,0.028980809886232268,0.012989188087231303,0.044752600097994304
pac,entrant_excess_over_baseline,-0.10234482251614849,-0.27990615152883364,0.10802052493923586
pac,f_share_of_log_RR_HF,0.869874436602681,0.7787270648267175,0.9274929420050034
