basin,event_id,valid,category,archive_lat,archive_lon,pres,hsf_lat,hsf_lon,distance_nm,speed_kt_as_archived,speed_kt_if_moved,build_speed_flag
pac,2002200319,2003-03-18T12:00:00Z,HF,41.0,161.0,978,41.0,172.0,498,120,38,1
atl,2005200627,2006-02-28T06:00:00Z,HF,43.9,-50.1,964,54.0,-50.0,606,133,38,1
atl,2005200629,2006-03-06T06:00:00Z,HF,46.5,-44.5,964,57.0,-44.0,631,96,15,1
pac,2006200710,2006-11-10T06:00:00Z,HF,43.0,-139.0,967,54.0,-142.0,671,113,21,1
atl,2006200751,2007-02-21T12:00:00Z,HF,54.8,-56.0,957,55.0,-26.0,1028,174,23,1
atl,2007200808,2007-11-04T18:00:00Z,S,61.0,-63.0,967,51.0,-62.0,601,140,44,1
atl,2007200813,2007-12-03T06:00:00Z,HF,47.0,-56.5,964,48.0,-46.0,430,89,27,0
atl,2007200822,2007-12-29T12:00:00Z,HF,42.2,-41.0,974,52.0,-41.0,588,130,35,1
atl,2007200840,2008-03-17T06:00:00Z,HF,39.5,-50.8,968,39.0,-60.0,429,97,26,1
atl,2008200944,2009-03-10T00:00:00Z,HF,42.4,-39.0,960,52.0,-39.0,576,124,29,1
atl,2011201229,2012-01-30T18:00:00Z,HF,48.1,-40.7,972,59.0,-41.0,655,117,9,1
atl,2011201230,2012-02-06T00:00:00Z,HF,46.7,-48.5,956,56.0,-47.0,561,82,14,0
atl,2012201309,2012-11-11T18:00:00Z,HF,50.6,-35.5,978,61.0,-35.0,625,122,28,1
atl,2013201405,2013-11-10T18:00:00Z,HF,52.2,-32.0,945,62.0,-32.0,588,89,18,0
atl,2013201421,2013-12-30T06:00:00Z,HF,47.0,-38.1,958,57.0,-38.0,600,112,15,1
atl,2013201422,2014-01-02T06:00:00Z,HF,49.0,-45.1,965,49.0,-26.0,750,162,43,1
pac,2013201423,2014-03-09T18:00:00Z,HF,46.5,-160.7,958,46.0,-169.0,346,85,28,0
atl,2014201548,2015-03-12T18:00:00Z,HF,63.9,-46.0,948,54.0,-46.0,594,98,18,1
atl,2014201552,2015-03-19T18:00:00Z,HF,65.1,-51.6,976,55.0,-52.0,607,87,17,0
atl,2014201557,2015-04-20T06:00:00Z,HF,41.6,-57.9,986,42.0,-48.0,444,96,24,1
atl,2015201613,2015-12-21T00:00:00Z,HF,45.2,-44.3,950,55.0,-44.0,589,101,24,1
pac,2015201631,2016-01-24T12:00:00Z,DHF,30.7,155.4,978,40.0,155.0,559,102,27,1
atl,2015201638,2016-02-20T06:00:00Z,HF,38.0,-35.0,1001,38.0,-53.0,850,162,20,1
pac,2016201707,2016-11-01T12:00:00Z,DHF,44.9,-177.4,993,44.0,-157.0,874,184,40,1
pac,2016201726,2017-02-20T00:00:00Z,DHF,46.5,163.1,968,46.0,173.0,412,77,32,0
atl,2016201745,2017-03-14T18:00:00Z,HF,38.3,-38.1,990,47.0,-38.0,522,113,30,1
atl,2017201814,2017-12-10T18:00:00Z,DHF,50.1,-47.9,976,50.0,-58.0,389,94,44,1
atl,2017201819,2017-12-31T18:00:00Z,DHF,39.0,-51.0,992,44.0,-51.0,300,89,44,0
atl,2017201835,2018-02-25T06:00:00Z,DHF,54.3,-44.9,983,44.0,-45.0,618,116,31,1
atl,2017201837,2018-03-06T12:00:00Z,S,45.0,-57.8,980,35.0,-58.0,600,108,25,1
atl,2018201910,2018-11-16T12:00:00Z,DHF,59.6,-25.2,961,59.0,-35.0,302,60,22,0
atl,2018201938,2019-03-09T06:00:00Z,S,50.9,-37.4,967,60.0,-37.0,547,99,9,1
pac,2020202110,2020-12-06T06:00:00Z,S,50.2,-147.7,945,50.0,-157.0,358,74,16,0
pac,2021202214,2021-12-13T18:00:00Z,HF,57.1,165.7,969,52.0,163.0,320,78,49,0
atl,2021202220,2021-12-28T18:00:00Z,S,41.0,-29.9,959,51.0,-30.0,600,88,16,0
pac,2022202332,2023-01-29T18:00:00Z,S,54.6,156.7,954,56.0,164.0,263,62,35,0
atl,2025202612,2025-11-04T06:00:00Z,DHF,50.0,-63.5,989,41.0,-64.0,541,68,41,0
pac,2025202619,2025-12-02T12:00:00Z,S,43.9,-164.8,960,54.0,-165.0,606,91,20,1
