source,basin,metric,n,median,q25,q75,p90,mean,median_lo,median_hi
archive,atl,minp,969,963.000,954.000,972.000,981.000,963.282,962.000,964.000
archive,atl,hf_h,1011,12.000,6.000,24.000,36.000,18.089,12.000,18.000
archive,atl,hf_dist_km,1011,337.064,0.000,886.182,1533.456,600.136,300.024,391.698
archive,atl,hf_spd,744,23.500,15.300,32.025,39.940,25.469,22.100,24.700
archive,atl,deep24,314,11.500,1.300,21.300,29.210,11.399,10.700,14.700
archive,atl,berg,314,0.550,0.060,0.940,1.367,0.544,0.470,0.680
archive,atl,lat_on,1011,55.000,46.900,59.500,62.400,53.010,54.000,56.000
archive,atl,lat_mp,969,56.300,49.900,60.400,62.720,54.421,55.600,57.000
archive,atl,lat_off,1011,57.400,51.100,61.100,63.100,55.303,56.700,58.200
archive,pac,minp,856,964.000,956.000,972.000,980.000,964.150,963.000,964.000
archive,pac,hf_h,856,18.000,6.000,24.000,36.000,18.105,12.000,18.000
archive,pac,hf_dist_km,856,412.070,0.000,915.814,1701.988,652.356,361.140,470.408
archive,pac,hf_spd,641,25.500,18.800,32.900,38.200,26.102,24.600,26.400
archive,pac,deep24,286,12.000,4.000,18.700,26.700,12.189,10.700,13.300
archive,pac,berg,286,0.600,0.203,1.010,1.395,0.635,0.515,0.730
archive,pac,lat_on,856,45.000,41.000,50.000,54.000,45.465,44.000,46.000
archive,pac,lat_mp,856,47.550,43.000,52.000,55.000,47.546,47.000,48.301
archive,pac,lat_off,856,48.200,44.000,53.000,55.900,48.232,47.500,49.000
proxy,atl,minp,1104,963.100,954.475,971.500,979.870,963.232,961.900,964.201
proxy,atl,gust,1104,77.900,74.400,83.325,90.770,80.098,77.200,78.400
proxy,atl,hf_h,1104,12.000,6.000,24.000,36.000,17.957,12.000,12.000
proxy,atl,hf_spd,680,24.545,16.552,31.953,40.088,25.120,23.540,25.755
proxy,atl,maxdeep,1079,1.200,0.790,1.645,1.992,1.193,1.160,1.260
proxy,atl,lat_on,1104,53.500,43.000,61.000,63.925,51.867,52.250,55.000
proxy,atl,lat_mp,1104,57.500,50.000,62.250,65.425,55.376,56.500,58.000
proxy,atl,lat_off,1104,57.500,48.250,62.750,65.000,55.074,56.500,58.500
proxy,pac,minp,896,963.600,955.375,972.300,980.400,963.977,962.500,964.900
proxy,pac,gust,896,77.500,74.200,82.400,89.200,79.458,76.900,78.000
proxy,pac,hf_h,896,12.000,6.000,24.000,36.000,17.940,12.000,12.000
proxy,pac,hf_spd,554,29.370,21.625,35.810,42.129,29.137,28.350,30.060
proxy,pac,maxdeep,883,1.410,1.035,1.800,2.220,1.423,1.370,1.460
proxy,pac,lat_on,896,42.250,38.000,47.500,52.375,42.652,41.500,42.503
proxy,pac,lat_mp,896,47.500,42.500,52.000,55.500,46.560,47.000,48.000
proxy,pac,lat_off,896,46.000,41.500,50.500,55.250,45.977,45.500,46.500
