basin,ranked_by,track,season,date,minp,gust800_kt,lat,lon,tc_linked
atl,depth,72089,1986,19861215,912.3,101.5,60.0,-32.0,False
atl,depth,128894,1992,19930110,914.9,107.9,61.0,-14.2,False
atl,depth,99844,1989,19891029,920.8,80.0,59.0,-32.2,False
atl,depth,100785,1989,19891224,921.8,83.0,62.0,-23.5,False
atl,depth,185946,1998,19990115,922.2,94.5,61.2,-13.0,False
atl,depth,195288,1999,19991231,925.6,92.4,62.8,-35.5,False
atl,depth,120373,1991,19920301,927.9,95.1,54.5,-53.5,False
atl,depth,215022,2001,20020201,928.6,93.4,55.2,-18.8,False
atl,depth,34572,1982,19830105,929.4,92.1,62.0,-21.0,False
atl,depth,43671,1983,19831226,930.3,84.1,58.0,-46.0,False
atl,depth,128249,1992,19921129,931.5,77.5,59.2,-38.5,False
atl,depth,225197,2002,20030308,931.5,94.7,50.5,-38.8,False
atl,depth,81931,1987,19880115,931.8,87.3,59.2,-49.0,False
atl,depth,100803,1989,19900102,932.9,84.0,55.5,-52.8,False
atl,depth,34285,1982,19821219,933.9,92.2,59.0,-27.0,False
atl,gust,155120,1995,19950909,942.7,115.5,32.2,-68.5,True
atl,gust,101000,1989,19900108,934.3,109.8,59.8,-29.8,False
atl,gust,128894,1992,19930110,914.9,107.9,61.0,-14.2,False
atl,gust,167834,1996,19970304,935.0,103.4,63.5,-39.8,False
atl,gust,34186,1982,19821210,960.9,103.0,51.2,-45.8,False
atl,gust,231091,2003,20030905,958.2,102.7,32.0,-65.2,True
atl,gust,63190,1985,19860113,937.7,101.9,61.0,-18.5,False
atl,gust,99001,1989,19890922,960.3,101.7,31.8,-79.0,True
atl,gust,72089,1986,19861215,912.3,101.5,60.0,-32.0,False
atl,gust,82385,1987,19880208,940.9,101.2,55.0,-23.8,False
atl,gust,195889,1999,20000208,950.0,100.8,56.8,-29.8,False
atl,gust,23006,1981,19810916,973.0,100.7,34.2,-58.2,True
atl,gust,119319,1991,19920101,947.8,100.3,65.0,0.8,False
atl,gust,183118,1998,19980902,953.9,100.1,37.2,-63.0,True
atl,gust,25461,1981,19820122,943.9,100.0,52.0,-39.0,False
pac,depth,99891,1989,19891029,923.5,104.1,43.0,160.2,True
pac,depth,23441,1981,19811002,923.9,116.1,39.0,152.2,True
pac,depth,24927,1981,19811221,924.6,88.5,51.0,172.8,False
pac,depth,74098,1986,19870402,933.0,79.9,54.5,173.5,False
pac,depth,177097,1997,19980223,933.4,79.5,51.8,179.8,False
pac,depth,101131,1989,19900118,935.4,88.3,45.5,173.2,False
pac,depth,194661,1999,19991117,936.3,77.9,54.8,170.5,False
pac,depth,42955,1983,19831107,936.3,119.6,30.5,147.0,True
pac,depth,119466,1991,19920110,936.4,87.5,39.8,165.5,False
pac,depth,195752,1999,20000131,936.4,77.9,48.2,174.5,False
pac,depth,204760,2000,20010101,936.8,96.8,41.8,153.0,False
pac,depth,214409,2001,20011223,937.5,77.3,49.8,176.2,False
pac,depth,81441,1987,19871215,937.9,80.8,57.0,177.5,False
pac,depth,223916,2002,20021227,938.2,83.0,54.5,167.8,False
pac,depth,187185,1998,19990321,938.4,93.4,53.0,175.5,False
pac,gust,42955,1983,19831107,936.3,119.6,30.5,147.0,True
pac,gust,23441,1981,19811002,923.9,116.1,39.0,152.2,True
pac,gust,99429,1989,19891007,951.2,111.5,33.5,145.0,True
pac,gust,66374,1985,19860522,954.3,111.3,28.0,153.0,True
pac,gust,71028,1986,19861008,951.1,110.7,35.5,144.2,True
pac,gust,173806,1997,19970903,955.2,110.3,35.2,146.8,True
pac,gust,117494,1991,19910927,954.6,108.8,39.2,135.8,True
pac,gust,202971,2000,20000924,946.0,108.7,38.2,177.0,True
pac,gust,70791,1986,19860929,950.4,106.0,34.2,146.5,True
pac,gust,175081,1997,19971022,956.0,105.5,27.0,140.5,True
pac,gust,136332,1993,19930927,958.5,104.9,30.8,150.0,True
pac,gust,195828,1999,20000205,950.6,104.6,41.0,182.8,False
pac,gust,99891,1989,19891029,923.5,104.1,43.0,160.2,True
pac,gust,157235,1995,19951221,942.9,104.0,42.0,182.5,False
pac,gust,11848,1980,19800804,942.9,103.3,28.5,144.5,False
