year,month,nino3,nino4,nino34,emi_a,emi_b,emi_c
1979,1,298.4154180772455,301.5274612442985,299.6608348609084,301.3445053262223,296.9921014897749,301.06965991134155
1979,2,299.0194444780477,301.7252557103783,299.9697043631265,301.4248545984219,297.95900892773193,300.9877007831181
1979,3,299.8455272687079,301.51966146825816,300.44908837858463,301.3656691259048,298.6648474839671,300.91893336242873
1979,4,300.54430200511877,302.1001652123907,301.1902317573117,301.8899844157828,298.94353109817376,301.49421705374823
1979,5,300.2380512252134,302.03496860722197,301.23077189254366,301.8422614982641,298.1382401504037,301.8770604286625
1979,6,299.3298587112945,302.095359953624,300.6798190845149,301.83555865389746,297.09734218226015,301.92196962715514
1979,7,298.38301317656146,301.9983944388542,300.067227328916,301.6677102757994,295.83366221813884,301.5320920185884
1979,8,298.33777837111415,301.6789227509288,300.1308814575957,301.48058990653806,295.18507553370347,301.33793502717424
1979,9,298.2679563631126,301.45165773242513,300.05922482104256,301.4089805825256,294.83502840096367,301.6611659932784
1979,10,298.14256970896565,301.880059273674,299.86885732229916,301.68988497675116,294.5635099726761,301.57204337409934
1979,11,298.17638377576907,301.8186496839752,299.9319780200309,301.70132312001346,295.26992847949737,301.6460838039685
1979,12,298.379376107583,301.87292710729685,300.071448550629,301.64854358482,296.2818455981641,301.4349280952728
1980,1,298.854036920383,301.8295528427731,300.2224168980168,301.6255935228327,297.56507251044053,301.00719203417145
1980,2,299.3265255820502,301.7440697124743,300.14869602265316,301.5705355710876,298.65513016317266,300.71994016689484
1980,3,300.1096244369112,301.51513689906903,300.4003071217782,301.4592920208263,299.74168359028965,301.095124047355
1980,4,300.6812024034137,301.7727791988617,301.0746996444444,301.760337593615,299.43589540952763,301.2604399045511
1980,5,300.26617330033594,301.8904307072494,301.000983368679,301.74672667768186,298.44241381291727,301.72518964956976
1980,6,299.68089662645133,301.95278358687847,300.8588707186993,301.7454716174392,297.21157702386313,301.97937557435364
1980,7,298.50179242174346,301.6856316824923,299.997603321306,301.5545899729082,295.63027278750235,301.6813727844825
1980,8,297.7302568234523,301.6374209353671,299.4579582645094,301.44165237293305,295.0204428377647,301.60615873105024
1980,9,297.9135517812457,301.579889788871,299.64710504418804,301.46649293575047,294.2479126142341,301.7115554933264
1980,10,297.6121838022924,301.4725563389399,299.5380629236778,301.44671579948425,294.1621812343474,301.7775947495994
1980,11,297.86059891196993,301.4081461584391,299.53002070990607,301.3433322616632,294.66227364229167,302.16265357995485
1980,12,297.8780201223317,301.27335538921204,299.3686624196544,301.207249135721,295.7338097268634,302.0232592518012
1981,1,297.4820295214677,300.8226952727822,298.5965114885636,300.78108990223507,296.69069810411145,301.24383855546216
1981,2,298.256155844047,300.48203365982533,298.58213362560286,300.50959492015573,297.99933372855253,300.99250459037563
1981,3,299.3350614958865,300.63059688849427,299.38395234021664,300.6957124448366,298.9644391144943,301.0468213560892
1981,4,299.6119546893251,301.2290426669782,299.99898182606563,301.1334693286562,298.9688924984025,301.7284306764714
1981,5,299.67647166544407,301.6270069058801,300.33406023109796,301.48997823966863,298.5169889430468,302.21173059886945
1981,6,299.2366421251153,301.4351204875511,300.1546432041811,301.2921340443121,297.0934932851833,302.18973624147395
1981,7,298.52802329307434,301.7290708002698,299.96372341322746,301.4626932014962,295.8405279232502,301.9719260402617
1981,8,297.42570372707496,301.553767933789,299.3701060768675,301.303964492043,294.6432881203774,301.83911072778017
1981,9,297.4729993225183,301.4987101222483,299.3973733934989,301.21855610157877,294.1202545340588,301.7891812604286
1981,10,297.7552568711512,301.34303270678913,299.33899003728925,301.24854092708995,294.3006638046468,301.9579908171576
1981,11,297.6490094102729,301.5017000375227,299.3863166997472,301.4452677511065,294.7639116408671,302.1404150761666
1981,12,298.1410002882199,301.23582751797477,299.3888154742622,301.1660952375063,295.95318033112903,301.7588388720467
1982,1,298.6182049053537,301.2160148264695,299.45107676137945,301.1239990644489,297.1671712790602,301.4417340753481
1982,2,299.2779209817007,301.2451434831639,299.67873701007693,301.1275974713648,298.34793697146466,301.18850321906405
1982,3,300.1967899370485,301.6897825647303,300.3779901718413,301.53849348062306,298.6472856726266,301.27011751413505
1982,4,301.18182405276116,302.35139263112995,301.4847324567593,302.1778491992123,298.6716674876491,301.80229941538994
1982,5,300.9590639197072,302.7523805532812,301.73841600132107,302.39166570663764,297.97858889663,301.6689158168375
1982,6,300.5765016726347,302.8628973870427,301.79235051008123,302.44181392950617,296.9554287439978,301.78803460625267
1982,7,299.62733766898793,302.5806574996948,301.25898881450655,302.2414473188482,296.15947508110094,301.35315019234866
1982,8,299.2817789592994,302.57896798696083,301.1779423338783,302.2672823864393,295.3736350102216,301.0824857029274
1982,9,299.7837013677894,302.4953286351591,301.4296288219549,302.26557880595533,295.4515523431016,300.89412182009954
1982,10,300.34535634147636,302.6593883115385,301.97179222166034,302.53740122449415,295.95628818604825,301.32465037254076
1982,11,300.9249884403273,302.7379744778036,302.35762909164123,302.5621591791147,296.7734266746532,301.25952874677455
1982,12,301.3821558045333,302.3691947494849,302.39741094152544,302.0790736495019,297.96408073550384,301.60369918673825
1983,1,301.7676372503903,302.1043266198071,302.36292632349057,301.8197498895963,298.9424881464596,301.0489010234387
1983,2,301.96333088463024,301.7707187643268,301.9189716777678,301.5444506184572,300.1554008046011,300.71317930411465
1983,3,302.07146073273253,301.79377866002864,301.98051625640693,301.5850115182637,300.55431445476677,300.80308532152947
1983,4,302.2931686580704,301.65526518293257,301.93765412397903,301.51782426969214,300.7555887933762,301.3277021271516
1983,5,301.7310824263286,301.9754583329462,301.80049495222585,301.7718820150818,300.0896472410323,301.5813766256389
1983,6,301.2834447127344,301.9339750548844,301.40135772903886,301.6858416486127,299.45928151397635,301.9274813838349
1983,7,299.8160844118787,301.63483511420173,300.21649134388883,301.30484639942347,298.41417171305875,301.75803204482975
1983,8,298.91985906655395,301.2449714328725,299.5550578381533,301.12342186390777,297.18254119310996,301.5967233215804
1983,9,298.16659383264914,301.19360772797313,299.40583242495205,301.15504899499246,296.1172357339296,302.001335740806
1983,10,297.81258484278214,300.80677163293456,299.05370495496066,301.01585511063723,295.7374157745419,302.18249142203615
1983,11,297.56619124107516,300.59476283587315,298.7765345182638,300.84631402433,296.08099727407557,302.2472308079067
1983,12,297.65027131929,300.6414523987351,298.71623105816246,300.81133227427404,296.65461556998173,301.7576220887684
1984,1,298.2660414561862,300.6149043192224,299.01769725149586,300.78992426385923,297.883836027765,301.312588752214
1984,2,299.2149074211751,300.27128168342864,299.25212096904795,300.5753885029851,298.69095862625323,301.1117617499168
1984,3,300.1023417910953,300.25754552761856,299.60857643806855,300.5732835385628,299.25136994577264,301.15434627812243
1984,4,300.6356054623807,300.6645520911977,300.4029265560706,300.88026392715255,299.125143919301,301.7616873513715
1984,5,299.7997919815253,300.9558691441194,300.5311533994259,301.0805173875615,298.27457131911297,302.1534066254652
1984,6,298.4479134026965,301.02654728296153,299.7809378987552,301.00496595518814,296.8222825917609,301.98801635319967
1984,7,298.10268213595543,301.4131023401638,299.7546683543332,301.11689540143993,295.6222844154801,301.8806578631422
1984,8,297.6803577092441,301.2858072072176,299.56555854696364,301.1240812601602,294.8657004891294,301.8118922602972
1984,9,297.6410202449855,301.70696178484616,299.5964208878173,301.47300324965056,294.5548190025777,301.9028545759336
1984,10,296.9601472416574,301.27067339828415,299.0502528432294,301.1536903941689,294.1752537236063,301.8682750999306
1984,11,296.958923366722,301.0477146161976,298.53729807999594,300.986118239462,294.776420941713,301.92887383093637
1984,12,296.9777028032889,300.76838278976084,298.3938027915365,300.7584042334422,295.8209578276867,301.7738223102203
1985,1,297.68888778585074,300.70569831257967,298.5850090472054,300.5778168817599,297.0119939368877,301.05420547989684
1985,2,298.4368583977579,300.74733384087597,299.0175961328851,300.6895452362111,298.17288635461114,301.10580775262133
1985,3,299.3284512550037,300.4286805848154,299.5591875468357,300.573041331015,299.06917384511326,301.13745769044436
1985,4,299.8696954163445,300.91364737795976,300.0067953401915,300.92869792435613,298.52681974553406,301.6402041767268
1985,5,299.29211575978286,301.37340279086993,300.22793268022906,301.2630655323001,297.58511590983136,301.88937261383137
1985,6,299.0158380952546,301.33661405081625,300.1812856406348,301.19921866432094,296.4243127981495,302.07149668051363
1985,7,297.96933080045403,301.36203636288826,299.78713816271016,301.20338893339067,295.36357830997747,301.3656264441758
1985,8,297.50075739126686,301.5738350128225,299.6380846798869,301.31609534213646,294.31719924831316,301.33935650884956
1985,9,297.2047040553174,301.57199425383544,299.29303874171086,301.37967750640394,293.73074613429037,301.3643849677684
1985,10,297.5127488983425,301.3927724541896,299.36718929863446,301.3133967070205,293.8712313490935,301.73218171915573
1985,11,297.41512519496814,301.60908462128884,299.3625220079061,301.44623255666437,294.5215101853815,302.1849008941325
1985,12,297.46490268445694,301.46762254815053,299.20988922729225,301.2407572875343,295.3316913020859,301.9141869493727
1986,1,297.86468798874273,300.96155793175734,298.80914303751655,300.8171714638452,296.7873892312815,301.1436261609506
1986,2,298.95303657090324,300.9128071087674,299.0359535872008,300.8263724828587,298.488382378185,300.6490453660977
1986,3,299.83492732984246,301.00715855153715,299.7026921546546,301.0618517989798,298.77585523575556,300.92180488057784
1986,4,300.25582286272896,301.215086808788,300.5106758647973,301.28030257201544,298.5669150908101,301.57247908790544
1986,5,299.801562684459,301.74471715673985,300.5702492635809,301.6376094270787,297.8318102807349,302.4101748141189
1986,6,299.52652098221876,301.8730635289955,300.7576043515318,301.697800444161,296.48302126350666,302.03855449427505
1986,7,298.812494219999,301.8637025749795,300.4159560003113,301.56486356730755,295.45582547143465,301.7648652886971
1986,8,298.2163324231003,302.2819228087923,300.44467725709535,301.809555115668,294.8045337103143,301.5253385490156
1986,9,298.2855686663156,302.2618893849152,300.42348525198486,301.8974535098826,294.41690048879354,301.4837951489125
1986,10,298.85159984386223,302.48220163682527,300.72674301092206,302.17786330499433,294.553399310642,301.9381395648086
1986,11,299.07143366526554,302.57840471769055,300.9127554951567,302.27504706354796,294.9350582754075,301.95920688383916
1986,12,299.3002346412741,302.2803689037242,301.0134795413376,302.00607340553813,296.15954489937644,301.54077408609885
1987,1,299.8806412612565,302.07779272716334,301.08567661028974,301.78622814626453,297.32842077895475,300.9327306729067
1987,2,300.4603954874187,301.67607128428295,300.8839091259851,301.49761226644915,298.8553908049999,300.60191038547293
1987,3,301.1338034956024,302.1684514548687,301.49602693707436,301.80194380900986,299.68030972466704,301.03064116435115
1987,4,301.4763021787393,302.1668853767398,301.71778346114934,301.85158383505484,299.47406879977984,301.60487617003184
1987,5,301.3383164951054,302.19337074751957,301.8311321032615,302.021493117773,298.80861040494653,302.13331082619493
1987,6,300.8673043279474,302.43111074961035,302.08742018328394,302.1457674595928,297.80178951538426,302.01719250711506
1987,7,300.30006681043017,302.2852184442494,301.83315375246576,302.077950403737,296.8578243467901,301.63831859611184
1987,8,299.8570330818964,302.1563116963397,301.7858994015431,302.07124135752724,296.0124584930242,301.3900225090286
1987,9,299.61446917644435,302.3983008595637,301.41859414271994,302.22551864842217,295.64576780732983,301.4271391726677
1987,10,299.5021958475419,302.57038157901457,301.16412986762344,302.3564209737176,295.66174906866866,301.9696211794636
1987,11,299.32593961383395,302.70544587915225,301.0125153572543,302.41261997942865,295.854525662162,302.1325895699731
1987,12,299.33935642122685,302.2980895870364,300.59061624970326,302.02519129764056,296.5932785953911,301.84411212913676
1988,1,299.2909570648493,302.1975508602261,300.4483871617213,301.8696508286708,297.5509801194281,301.4872573073731
1988,2,299.7241766315883,301.6594378356314,300.28381998111104,301.5242667718054,298.52265571936664,301.2222874762211
1988,3,300.17739223098556,301.32235653462465,300.31175896867046,301.3241023463933,298.95334370364907,301.43077915428614
1988,4,299.91794013900636,301.3142624918525,300.5211425350715,301.4553054976735,298.86705509326436,302.15367220876146
1988,5,298.4976713974834,301.4170749723381,299.58883257816774,301.37833956549844,298.13839220103,302.35566491812654
1988,6,297.636093025597,301.3564130014107,299.2777454205932,301.218065688989,296.56094721307534,302.156142371155
1988,7,296.94505598487615,301.14252871522524,298.81785726394213,301.0759750157437,295.1609328431374,302.0327454886726
1988,8,296.6279259947859,300.91361617276857,298.48960926597454,300.84824596634655,294.1644708774134,302.0488959807694
1988,9,296.5342834215395,300.41525291368,298.23144624391495,300.5256375633639,294.1151875202026,302.46707338049066
1988,10,296.1440775063774,299.8065463342381,297.3904476541286,300.0435624410579,294.09345488592476,302.3564085411367
1988,11,296.2234522393207,299.7805056659327,297.38059111672663,300.0201773933026,294.30056186676177,302.328233522869
1988,12,296.3517223324288,299.9137647795062,297.51239083043106,300.09262762115594,295.0922732477266,301.96380469551656
1989,1,297.02359224257845,299.73182673337976,297.62179434471716,299.8645341497632,296.5216051924045,301.7272370098544
1989,2,298.69322035690885,299.64273651758333,298.5336509640248,299.9579530656242,298.3657734529813,301.31943432358497
1989,3,299.12541832265117,300.2070026593665,298.9665291042222,300.3473926734359,298.8758691360405,301.53510471911835
1989,4,299.618272016827,300.4524807677518,299.6371741333401,300.6314758084288,298.49932531485985,301.8683117942246
1989,5,299.51122367780476,301.07894681773803,300.0723096041271,301.02716372511975,297.6255023386093,302.2798393608286
1989,6,299.1744733490707,301.20195817705815,300.18965599279204,301.03973223401033,296.2837013961548,302.11341750987214
1989,7,298.4331565574373,301.31479413613624,299.87644083591164,301.01742954677957,295.38983260552965,302.00375684595485
1989,8,297.72705136380455,300.98371708815137,299.4102425488617,300.8349002320308,294.47718017404617,301.64590491595806
1989,9,297.39121773262156,301.33409090480336,299.21939573765724,301.0612228019892,293.9468535041558,301.8656302935093
1989,10,297.52507589304923,301.4602315859687,299.34209550551265,301.22254126766757,293.9410374556795,302.1197450547571
1989,11,297.662261888539,301.2741183294678,299.348600460457,301.2222737016108,294.6400423245757,302.1553017676646
1989,12,297.7945574835614,301.6433813375064,299.4262867607404,301.4062664688168,295.58473896291287,301.7747185809552
1990,1,298.37827457286505,301.5975403639791,299.6263987335078,301.27973223667396,296.96784161150407,301.06257841648636
1990,2,299.3636055251036,301.6130420889906,299.8852240320596,301.2989392536883,298.25522718026883,301.1122195746002
1990,3,299.82608082698846,301.6372479058034,300.1874352946678,301.3462019820914,298.8298870249993,301.1088658290164
1990,4,300.66105790382665,302.0147964211137,301.17548582007475,301.77232024389843,298.61727003895373,301.7910495483312
1990,5,300.479795292395,302.0268035299478,301.1647062769045,301.7923517721829,297.7829038554048,302.25079290909457
1990,6,299.77669089090625,302.25194867431264,300.8817938352778,301.800544495634,296.55805721271855,302.05997662792936
1990,7,298.76441096682413,302.1904366501328,300.5096810396532,301.77363556005554,295.1520934505101,301.73553884306864
1990,8,298.08601996194125,302.1822506570373,300.2438431379805,301.7475449442708,294.30672830625724,301.7419942378699
1990,9,298.0522307435931,302.17255639242023,300.02139827031397,301.83651339227606,293.9450219663731,301.23595527547303
1990,10,298.0185380998919,302.21246306646026,300.0565657177773,301.94850744569294,293.9234683776,301.86329417981267
1990,11,297.8537953230893,302.1617054515233,299.87209880021345,301.91859219965295,294.17195345005183,301.9316823475738
1990,12,298.1104333388761,302.4234695615037,299.9924599298919,301.9977789345047,295.4086112207544,301.456464170076
1991,1,298.65796778010247,302.24617849548076,300.235617991157,301.91550338376237,296.63602498348683,301.0058551817691
1991,2,299.3584672013512,301.82093291403885,300.02882343849546,301.5732403524724,297.8675347371916,300.82853646946694
1991,3,300.012159202307,301.68658952923585,300.24757698339954,301.52118097405827,298.65108609008655,300.8998880849575
1991,4,300.5282022441914,302.1649777071059,301.0685128885934,301.9124754547436,298.5596287988183,301.4273368301683
1991,5,300.7247132632966,302.4339069843198,301.41372529513984,302.10345535376115,298.1586645955277,301.4497036833218
1991,6,300.8741742450388,302.6287762045847,301.78088173204156,302.3334993960244,297.4270891603387,301.87895945843195
1991,7,299.49790783998174,302.123439129599,300.86186837277637,301.90560593424294,296.06599962385945,301.77482336047325
1991,8,298.46878855436916,301.9939985800826,300.30390223194615,301.76219707480044,294.53221094161444,301.4211170314302
1991,9,298.23883392242664,302.22717222895994,300.23378351093805,301.95547434312937,294.46207794807685,301.32774633768605
1991,10,298.66726501782784,302.5266777202604,300.72379996010005,302.2445042067732,294.4958769038445,301.31058415591303
1991,11,299.12060140732154,302.54067659456587,301.02396408833386,302.2319066967776,295.0009962882806,301.54029933704743
1991,12,299.4066730275277,302.44482115961296,301.27863115976464,302.0668742489481,295.89549564144033,301.3289556021748
1992,1,300.01718740268313,302.1991889917533,301.44100273499873,301.8300680992586,297.14232861065415,300.7880033247045
1992,2,300.64824894760784,302.0331052388833,301.6059612020621,301.69871273761055,298.5345066981727,300.7829183965063
1992,3,301.1630990509217,301.93711323020943,301.61215353846165,301.64190245297914,299.50800985614205,300.73959321852453
1992,4,301.68550721817314,302.29204537658325,302.0820695921123,301.9926562953508,299.55738507025586,301.35526825887814
1992,5,301.38543931744994,302.2719070898419,301.91001423017315,301.9985380457899,298.9645881612433,301.8987968031061
1992,6,299.90363458202313,302.2999657329523,301.12900729518674,301.98730934990056,297.267363425551,302.0723150172971
1992,7,298.834088709963,302.4186611885402,300.7305997515318,302.07623493309234,295.9002772198157,301.5097825000222
1992,8,297.86580993189943,302.1373286708904,299.87464055376813,301.84932286941626,295.10907577662414,301.60084640123534
1992,9,297.6794703639096,301.988021919017,299.7189788224525,301.7837671587771,294.7028940049275,301.65688817641
1992,10,297.6957249107213,301.7712950748482,299.51347618289486,301.6933154090215,294.5112773142539,301.7189956391368
1992,11,297.94259571440097,301.91178706276355,299.7309244257276,301.74168087679425,295.0158515071588,301.54756595031154
1992,12,298.24038721657746,301.8407704674968,299.9465554882863,301.65811532136433,295.9424790466037,301.21716616238456
1993,1,298.7119506524584,301.79778241067663,299.99814026399173,301.5658348668798,297.17301967495865,300.9429162860382
1993,2,299.5330227967501,301.47066656045956,300.04817935585993,301.3059882669455,298.7426074701641,300.7398665908911
1993,3,300.5423449180827,301.6027593711335,300.7313322292437,301.49878920151565,299.52616618944165,300.9068082002031
1993,4,301.39592698587137,301.82035488059137,301.5140511459502,301.71143192934255,299.4054652551523,301.3788433646083
1993,5,301.2182407075089,302.2044853518705,301.8990814506297,302.05031447883414,298.5748613837996,301.70091088229964
1993,6,300.3905049837538,302.23196884694664,301.50293275858127,302.0245726562172,297.3995098949931,301.88532316007513
1993,7,299.15116147149377,302.2776579852861,300.83068488235165,301.9364971932401,296.1290920894794,301.48632893885554
1993,8,298.1404963993407,302.16822356390435,300.11997217894185,301.86344004915054,295.10945871890675,301.29827927864375
1993,9,298.3034339265723,302.1472732369806,300.2203076733455,301.9713187255319,294.84065848471386,301.31372258516257
1993,10,298.4365661815538,302.04185236103797,300.176423663464,301.90176900808876,295.05787290968976,301.5081181157678
1993,11,298.4215725140032,302.1602813279103,300.16971444012484,302.0163809703373,295.1543928940206,301.9794218722161
1993,12,298.4581969102339,301.9432583412266,299.98284353748835,301.7579148766405,295.85573774641415,301.6545820151176
1994,1,298.5985851987971,301.4402470438429,299.52186117960275,301.3102912639601,297.11178258147663,301.1741989831994
1994,2,299.32493148426016,301.2238411814431,299.8361684331021,301.195309427904,298.38893809859076,301.14674543086426
1994,3,300.11437154680993,301.223947839312,300.3389675910487,301.33811022870793,298.9346141466813,301.25261411657664
1994,4,300.1831874255131,301.58643942972435,300.8758441189598,301.6576139860691,298.8000091858712,301.8572067941854
1994,5,300.02267503089587,301.9470348409443,301.06151702534237,301.8427118183221,298.0517238410864,302.13578381545057
1994,6,299.7575242234328,302.3458287556638,301.15587054851414,302.0309524070086,296.77949260643965,302.08583851725695
1994,7,298.4417092789497,302.3881621601641,300.45167930881394,301.9693747674038,295.70326671677776,301.5537113362327
1994,8,297.9691590898154,302.63903469080736,300.51120394353285,302.21450108397244,294.62291823123894,301.33184858757545
1994,9,298.05756169214953,302.2180094417487,300.1509422603406,301.97438548432837,294.5086502725421,301.35607446363576
1994,10,298.7525529906983,302.5484352507825,300.7353978095353,302.27172558489167,294.7188142037552,301.5699286991096
1994,11,299.1086403405583,302.60962786361847,301.0823265278809,302.30476997237133,295.3835173742393,301.75817599638106
1994,12,299.29631946253005,302.36412824799237,300.93577749049183,302.04137973647084,296.25506018013573,301.3819271504567
1995,1,299.39161471823877,302.0405764773026,300.504945639595,301.6481562832461,297.4356719262638,300.9178019835022
1995,2,300.04738622214313,302.0608766904194,300.6795131858583,301.7183134932401,298.6391732649076,300.9358005331712
1995,3,300.0481703630211,301.94247261043034,300.57252227782277,301.74817397217697,299.15388546127497,300.6988237752963
1995,4,300.2225256269707,302.0060034968243,301.1096382565404,301.9117491952496,298.8188279231096,301.30750742288086
1995,5,299.54777256892305,302.2067945882877,300.7159948529029,302.01387946723315,297.88245184790827,302.0252654629443
1995,6,299.22206247842996,302.0598831928687,300.6184624672611,301.85663543738724,296.693362456269,302.28511967763313
1995,7,298.6531142116007,301.88872595436095,300.21798638047665,301.678273639917,295.5751209475158,302.12490244056403
1995,8,297.54579466491134,301.50915225490706,299.46933209005556,301.47855810608837,294.47983261283605,302.0956504897757
1995,9,297.09971197344885,301.146488045467,298.9026106347689,301.19248994122665,294.1683958504666,302.06531362074634
1995,10,297.0500083421653,301.0580708297992,298.6975950321246,301.14803248390535,294.074321840415,302.3735254640103
1995,11,297.06421450198366,300.94937616084746,298.6747812123366,301.0196551608662,294.60610820822757,302.6094045959334
1995,12,297.182843878854,300.99513205994566,298.6361341038486,300.90023724341904,295.66199359895006,302.20483700461045
1996,1,297.9511111007811,300.97738398500235,298.8561592836743,300.8215731920299,296.93093574498664,301.33213857185456
1996,2,298.6837579383405,300.7267136940566,298.8938893057182,300.7320372590692,298.3206662744161,300.8721601725081
1996,3,299.70316489703913,300.7912358528938,299.56173873035243,300.8711232621175,298.9731670470368,301.1416114089893
1996,4,299.8058516146895,301.1490544477599,300.39947342258927,301.2278347234845,298.4055423153191,301.718720527495
1996,5,299.45026846904227,301.4496347045358,300.312816304688,301.3472082431177,297.5555304845422,302.0159697755578
1996,6,299.04452153071,301.56780710371214,300.29370648640827,301.3482265491705,296.5193915729123,302.35927670958836
1996,7,298.5404323339943,301.6700034242782,300.3310628100765,301.4388194663847,295.35058303182984,302.35687150882643
1996,8,297.71515303787055,301.62684340299904,299.6330395392047,301.3865077466585,294.5706400645397,302.006126778491
1996,9,297.37382631729463,301.47890938918994,299.4185479246495,301.3541542701321,293.97695817615954,302.28654559323513
1996,10,297.5210966260322,301.48087288996555,299.4587066334283,301.41865236081674,294.0760308004101,302.47488437134245
1996,11,297.52583463328995,301.3883952509078,299.3407708307468,301.3696569782666,294.53722484133186,302.2285174042611
1996,12,297.23054493092246,301.4300545246539,299.0381278367234,301.25406908740547,295.3316737295627,301.88913203995844
1997,1,297.71595639149024,301.35657214870554,298.9577295241027,301.1435072884709,296.72265358515676,300.95761074651716
1997,2,298.8628242588901,301.2463482629131,299.4101785120621,301.1232286540051,298.1937118360776,300.95375476215537
1997,3,300.1055101295981,301.5069876881213,300.005492943667,301.29709984187593,299.35928538657686,300.77537873705614
1997,4,300.7271271575899,302.28446521139347,301.04077590696625,301.9097690170557,299.2632315025524,301.4435204554429
1997,5,301.14973389040864,302.56220710909815,301.5771395882224,302.1564724786716,299.26227762356166,301.9255389638864
1997,6,301.31472870855896,302.5435386775615,301.9934170476907,302.20995529128027,298.5922831558213,302.0819225949356
1997,7,301.3037287134278,302.5731843463376,302.1642331386464,302.20048437758027,297.81295997139955,301.6285127416827
1997,8,300.99298012907593,302.413132563778,301.97515216842055,302.1952080751007,297.35610245632387,301.26277556108283
1997,9,301.0588442294077,302.48828972290374,302.06967710708966,302.37253697281886,297.30191007236476,301.3491200754403
1997,10,301.4760545831721,302.4599651322927,302.44119890576604,302.40981708313507,297.1482293217847,302.018998205223
1997,11,301.8286436779585,302.64971878588636,302.590673575891,302.5077249423214,297.57532866955455,301.7499433931695
1997,12,302.03042599863295,302.4572795129126,302.55298245387655,302.256595202484,298.3975163917626,301.78608544235027
1998,1,302.0138282840973,302.24856062758533,302.32874546570605,302.01069222473944,299.31084408384714,301.1383755112921
1998,2,302.1226650513816,302.0584266936128,302.07748528970455,301.84806798394334,300.01601557227485,301.0439077799149
1998,3,302.29434539887984,301.8070553896935,301.87411733151987,301.7055770506434,300.547366032024,301.342644763082
1998,4,302.1974852451237,301.59229029540313,301.79943362181285,301.667389568502,300.4312972652087,301.5233291796351
1998,5,301.42402608291513,301.66960347712853,301.61409240077774,301.7031535729283,299.6139605371723,302.0389464358096
1998,6,299.3484808430876,301.6982433207454,299.9451797706278,301.56077395153335,298.53045726599424,302.3066137460204
1998,7,298.37693732302614,301.14700167231734,298.92527607479997,301.1249614644973,297.3120484808225,302.64534765066924
1998,8,297.53337607619943,300.79875276594504,298.4521652874082,300.86083587301187,296.4157864542034,302.73233744968724
1998,9,297.38004581287095,301.08172108051235,298.7439618053941,301.0340999403876,295.68268886010486,302.81151868483835
1998,10,297.29000803963186,300.52350895965225,298.5312324008329,300.80594911216815,295.3602746969111,302.8126441050074
1998,11,297.2703993405114,300.2427639797055,298.29579883509524,300.5787230943417,295.63888603723706,302.8390408233847
1998,12,296.834400492274,300.240406411087,297.7333350003626,300.34622466762374,296.161564674268,302.46925974279384
1999,1,297.2888930062844,299.55191956233887,297.8444788055606,299.92065667925704,297.1858050991478,301.9413417811881
1999,2,298.73712485962216,299.3839342787239,298.47076398526224,299.84608581033456,298.4822239934328,301.5257455960667
1999,3,299.9010978779403,299.77273955421606,299.3325343816306,300.19102755357574,299.1437396858132,302.0594883829086
1999,4,299.82719633474505,300.3950188048273,299.9773449376896,300.64035613366104,298.52739254067575,302.23494328420804
1999,5,299.80128942102345,300.9681962667179,300.19647640881624,301.0441633814645,297.88903639429736,302.40301265123986
1999,6,298.78496545819735,301.0997932097951,299.7951453590909,300.99514843039924,296.70729748637547,302.35806747600157
1999,7,298.13158649981807,301.18438669981686,299.6637601366443,301.03469935972066,295.521799524508,302.185771388541
1999,8,297.25889130249226,300.9391519886965,298.8643952436186,300.78679851230163,294.64733606225275,301.8387312178477
1999,9,296.78684522353535,300.95134152393007,298.8191226591226,300.88062152794646,294.00554867430924,301.93930015903857
1999,10,296.80015766844883,301.03014363623925,298.79588653185056,300.9860152123944,293.95498059562277,302.4026128042476
1999,11,296.6009170222836,300.6594538896403,298.25927675528624,300.6833163910985,294.46876143377574,302.5732452946685
1999,12,296.50010438614123,300.21211090882497,297.8722304700248,300.2961985452854,295.3947043336485,302.4055601289048
2000,1,297.02197891657846,300.0698620749839,297.78671662001113,300.16570069917634,296.7977189470564,301.9682409202974
2000,2,298.4687147226079,299.7459332294621,298.27260528975677,300.0003650471955,298.57131723282384,301.59336727973295
2000,3,299.80943903568493,299.85346910779344,299.24314740716557,300.2451539925698,299.01317178293755,301.8536834884656
2000,4,300.6219843815792,300.5924554383532,300.25923402444266,300.81728665341313,298.9421734386559,302.3699440447077
2000,5,299.9525322403319,300.9545943417133,300.34284076610805,301.03481621305593,297.8448222042169,302.5365413867922
2000,6,299.0419136604403,301.3601979081477,300.2392500976546,301.26154261094604,296.3114244046665,302.4262298152669
2000,7,298.2800635289586,301.27271957581723,299.8495989364542,301.10763532231493,295.0347394973933,301.8822363505357
2000,8,297.6980753357945,301.60566653525814,299.59727052679125,301.32055466599786,294.5426689556412,301.93251704001403
2000,9,297.58815280727606,301.7241992540793,299.5030228714785,301.4164208190206,294.2211340581651,302.06537472040014
2000,10,297.5749035580994,301.2681089803503,299.2663194739528,301.1690616262239,294.1215178649991,302.36990903232504
2000,11,297.3904414353393,301.26717380715024,299.0192523765111,301.19782949917794,294.7003659439966,302.68314510685894
2000,12,297.47564931905436,300.76649966011456,298.81506699963944,300.78094217995465,295.61721460890647,302.13730303395903
2001,1,298.06329122384363,300.74171320946226,299.02190428692523,300.7466444866702,297.0014223503626,301.818278417808
2001,2,299.1188542223846,300.31817447749495,299.09896951946524,300.4600911043509,298.625717626196,301.6287666180269
2001,3,300.4088719028767,300.71816158073005,299.96885063558034,300.8276870887216,299.55704366125815,301.68767512660247
2001,4,300.81125603051186,301.3311583971615,300.81797990408313,301.3514882789556,299.3788605601698,302.22623639019423
2001,5,300.0555741131301,301.67920844336925,300.79302179412343,301.5681673402407,298.118934378815,302.6013221881937
2001,6,299.48687970017187,302.0953908199246,300.871618740739,301.76396183711233,296.6663964230025,302.62739348126973
2001,7,298.74916484603256,302.27626377373826,300.63271379697477,301.8569981471211,295.38581839968873,302.0571622347115
2001,8,297.8110958376702,302.08071117623734,300.01098785452507,301.74605581354217,294.5361931118694,301.88099942757657
2001,9,297.37871415463826,302.24722118478155,299.6376197636184,301.8100994303277,293.942149986322,302.2297980353762
2001,10,297.5235663208675,302.01657234846346,299.6316915184389,301.73163661973615,293.799726554348,302.74815245703223
2001,11,297.5749618930196,302.0470785487227,299.6254761492974,301.75323178578606,294.28400209068184,302.6109704067121
2001,12,297.70586578733094,301.6477892915374,299.31886764977247,301.41776812202545,295.05193126347,301.99244536379643
2002,1,298.1926304805317,301.91210496654924,299.58150494730205,301.50837851811764,296.3528691703686,301.4276918527184
2002,2,299.3839420525323,301.7536079535022,300.08755494547563,301.39683126624766,298.1448988855659,301.2189843394169
2002,3,300.2084069489095,301.61689725377425,300.34665087981006,301.4361034232304,299.21709353488643,301.444351153243
2002,4,300.676091912694,302.1322477267376,300.97424464957555,301.8769982688084,299.11334148070466,301.958335071164
2002,5,300.32996370751437,302.4625593755512,301.1658812916554,302.1357930820848,298.3988551452577,302.28641130994964
2002,6,300.33059045006013,302.59752954449704,301.5982095050813,302.26970134075293,297.2535234829179,302.3945117992756
2002,7,299.33149388398806,302.5617649768873,301.16279188455434,302.18619661455233,295.74231563242625,301.7851396269904
2002,8,298.70369687005234,302.52469959966675,300.95187883965787,302.15613374472804,294.73436241742775,301.6337010530745
2002,9,298.676349142519,302.6168059331826,300.969810500067,302.3129476069888,294.33329594300744,301.8610623958995
2002,10,299.0508441773908,302.77347798291765,301.11446206491746,302.42977532618687,294.4496213124759,302.2003596144016
2002,11,299.5417463065854,302.9057592480809,301.39531362311175,302.4753896303871,295.15502209034867,302.42236943994135
2002,12,299.63782501578976,302.57486517784065,301.1915154247264,302.1891359177695,295.9208193111681,301.94358854841244
2003,1,299.56350020205855,302.27535765933305,300.7672226722651,301.90017879964887,296.75227531958774,301.24703660194837
2003,2,299.7049393305322,302.04668295354986,300.4441661216158,301.7008583714929,298.23361434977943,301.0873820786913
2003,3,300.4465017471957,302.09822057238875,300.86223349373927,301.87879467469975,298.71518608699114,301.2023646471822
2003,4,300.17649469423145,302.10658378644183,300.8269317797775,301.9146448855254,298.4811555652579,301.9625058993455
2003,5,299.3163276703456,301.9913829628465,300.5328273984551,301.8313771206406,297.51090948150903,302.2435263957673
2003,6,298.9509745234051,302.2449744364012,300.5800716580022,301.9735278860329,296.44564165506256,302.20939363612405
2003,7,298.8988353490497,302.23367016738035,300.5392283498587,301.8824106945963,295.56627259939273,302.0348011660469
2003,8,298.1188517104415,302.20823004962097,299.89809625048713,301.80843064154743,294.7425202202048,301.82838166971294
2003,9,298.0264643367393,302.1496865149398,300.0287432007158,301.8609786045753,294.25314107538657,301.9861600402723
2003,10,298.47774603556326,302.254837717116,300.25543314495906,302.0151813050464,294.46467191322,302.30427384707787
2003,11,298.55855182014113,302.32630192881334,300.2134797338094,302.01589955796146,295.050325146838,302.4447240264067
2003,12,298.71067237318863,302.0979286073605,300.0660691317267,301.809164123887,295.94858284834885,301.8896769965904
2004,1,298.81516826584135,301.76730999843994,299.68637384451813,301.4846682981268,297.14027672418877,301.56830972880005
2004,2,299.5176541548749,301.54951738336143,299.86726843123677,301.402161882108,298.48025983677667,301.34051742696295
2004,3,300.151334622493,301.54009118454076,300.1585837493833,301.4302584233216,299.0790060258829,301.68077264400824
2004,4,300.34615573697107,301.80284955232247,300.8104611519558,301.6495443060483,298.93231615626524,302.17815283639516
2004,5,299.7437865446998,302.23481052156546,301.10025553473497,301.969413019259,297.7623588855026,302.33013327098854
2004,6,299.42400363901424,302.2137433319974,300.86726734888566,301.8987754224263,296.4196268220043,302.1550472689469
2004,7,298.5874716673966,302.5478646333893,300.85292928851277,302.13591955179953,295.2859377434016,301.77634140712456
2004,8,298.2900558684246,302.39388465581294,300.6462074254414,302.0343206666985,294.25245193719223,301.362260014039
2004,9,298.2902926692129,302.67507066256263,300.6007575042314,302.2970071650158,294.12695867071,301.6506847233228
2004,10,298.40748015271095,302.728253194993,300.5475394977009,302.35731054231394,294.3073281141082,301.84729881586884
2004,11,298.58981743184285,302.5972664144486,300.4520423080271,302.2472204974875,294.9523007478649,302.23406944257334
2004,12,298.86457879495333,302.49670611167363,300.45376539299326,302.1841209376856,295.9945422472552,302.2636117053553
2005,1,299.0370301484488,302.240268986306,300.15255373173056,301.90667982377136,297.32805687998007,301.5532813184149
2005,2,299.2477959352889,301.84758439954203,299.97322083116444,301.5384661190251,298.29186081422677,301.08122779062546
2005,3,300.08577690211683,301.9623056844748,300.61961935559435,301.738043197743,299.0269556591453,301.38672866038576
2005,4,300.6831437290356,301.9539487140594,301.069689591228,301.80176981594536,298.7577856978171,301.668920401597
2005,5,300.634379612424,302.2092062313817,301.2679639388518,302.0099907788865,298.3271812928937,302.0916739187375
2005,6,299.95168549565557,302.4000646421748,301.17209308378835,302.06212878850323,296.9991679512842,302.3237174721006
2005,7,299.22193460030553,302.16690414805385,300.6471790038186,301.83333444326195,295.8536504731376,302.08624040171514
2005,8,298.41316805895315,301.9624320254285,299.98960661922393,301.6517983716416,294.86356954183,301.8822637503088
2005,9,297.71486584155224,301.83401288499306,299.73438624403656,301.63235867995735,294.10586208974934,301.94651725693126
2005,10,297.91199623264055,301.9260519099149,299.9310948183287,301.73826586809565,293.9080487578096,302.4081469577742
2005,11,297.5398839095132,301.6955590706186,299.40648581468054,301.55343897402906,294.2914564579285,302.56851883244536
2005,12,297.33702539939304,301.47381890230486,299.01936110993955,301.2984519273485,295.35389295082103,302.2739316388147
2006,1,298.2118167385374,300.83038164665186,298.839900181542,300.82126833460586,297.04189964341936,301.74912752144235
2006,2,299.1872421944154,300.5854620935018,299.1899823855945,300.674390204505,298.6583392420119,301.4764927328549
2006,3,299.5740708313884,300.88629445800785,299.50790904744633,300.914601001483,299.2498311044054,301.5667432980908
2006,4,300.3070719515666,301.4030028172363,300.6437537097986,301.37921280486853,298.80341306575093,302.0114473531272
2006,5,300.2239953772878,301.88117722182557,300.96789806820726,301.69810082337995,297.95910503272205,302.20031871093704
2006,6,299.7359756616697,302.26132021208014,301.03884043894493,301.8918560196306,296.83584211379645,302.4479980058099
2006,7,299.066158569144,302.23472566294913,300.52251304211904,301.82632459695355,295.86604796952884,301.901777856108
2006,8,298.65522603999375,302.3210478209105,300.3630054878139,301.95426389064323,295.2441118053911,301.4466271612754
2006,9,298.95028889932854,302.59574004041286,300.56308279652336,302.2122804305578,295.10737089083426,301.8044452977904
2006,10,299.17838903038916,302.46468370817286,300.62752420132665,302.241516945698,295.3002892767914,301.74123053405947
2006,11,299.24361608854946,302.709817035979,300.82735097320585,302.3929611099847,295.6628118159657,302.24739846976206
2006,12,299.4995760007449,302.5664840131264,300.930243824289,302.17347542367804,296.4419796908361,302.16127003443677
2007,1,299.7185511816738,301.9775295141594,300.41554965530275,301.6652936975137,297.49990147982624,301.62536645054513
2007,2,299.65760529396283,301.61154138289174,299.9781060094611,301.4582883488114,298.6132392428856,301.3593302343229
2007,3,299.8768296197129,301.57275328323817,300.2283026951434,301.53505968589747,299.17045929132615,301.2525771931149
2007,4,300.0694748521434,301.788679433566,300.70459547256223,301.69127818410266,298.8727559746817,301.8696567948498
2007,5,299.51488918456516,301.9691117155193,300.5901892852331,301.7308514239575,297.770766686219,302.42539201960255
2007,6,299.0735416470208,302.1052468300118,300.7582074821189,301.81028444228696,296.4028474008283,302.64503550331904
2007,7,298.0204014509086,301.82203717823063,299.9212435647136,301.5461155459859,295.33964482524306,302.2139237314515
2007,8,297.0435517885586,301.523608708014,299.37850258341587,301.3671853171411,294.0540051419986,301.87345781729414
2007,9,296.66937446627094,301.178089952971,298.7171269260509,301.0977386871838,293.34244259336026,302.24014286575994
2007,10,296.4002806767336,300.8740282948632,298.2863477373902,300.9484547883543,293.0539394164411,302.332743343016
2007,11,296.36925269759814,300.4176649956054,298.1448882194543,300.6334757469035,293.52889306803786,302.5003491716852
2007,12,296.71073828604074,300.4065476190619,298.0747766964795,300.4522672518908,294.5155685787201,302.40460855995923
2008,1,297.16902189423814,299.7556697934265,297.8363467310015,299.9560523469703,296.2192621005793,301.6989383551547
2008,2,298.12871085502474,299.5490363232328,297.9680343734483,299.86080064532905,298.04731198941073,301.65968265865956
2008,3,299.63086599163495,299.9111174424593,299.1319748548066,300.23387086330126,299.0098202687927,301.80746846133786
2008,4,300.2181496656082,300.5230618863656,299.9133287413218,300.6566704278199,298.8181376405776,302.05681515287796
2008,5,300.2135449573582,300.9025466969752,300.257265858824,300.90218157231243,298.0299158653633,302.11549613427746
2008,6,299.683157164968,301.177202536755,300.3146413106922,300.99938760951045,296.96368568250784,301.99169755970047
2008,7,299.2909624297709,301.3824684028775,300.3293925064613,301.12607072587105,296.0423726545418,302.0491907058498
2008,8,298.77074048479864,301.25781940174716,299.9659000425431,301.06353419323545,295.2016990060031,301.9811127375469
2008,9,298.3146496969153,301.209540532657,299.5914347317259,301.1178819085527,294.78213828295,302.41670967565324
2008,10,297.99025480831614,301.4101610442838,299.45535224059057,301.22358847840223,294.5017602417019,302.5700701788325
2008,11,297.96601567215737,301.1944981498693,299.40779578655935,301.1003303507656,294.7342479152572,302.58108093749667
2008,12,297.74191690146466,300.66231279599265,298.87017207830525,300.72983003806223,295.62767552982757,302.4725447633891
2009,1,298.20611357285657,300.4449936456659,298.6377023548122,300.5303476282975,297.2024104734718,301.9187521851488
2009,2,299.0895843673641,300.4270408214527,299.2035489741712,300.5462540203481,298.8027504778188,301.66613023368166
2009,3,299.5421438838807,300.8475089986562,299.78356040499057,300.90750398277305,299.3954929591962,301.6657773734937
2009,4,300.5206255322904,301.4028245234752,300.5839320256497,301.33094428812836,299.43561791122505,302.31111983049135
2009,5,300.5838814996065,302.0192844810862,301.1155053444851,301.7793367981674,298.63461019606564,302.42441837674744
2009,6,300.2956559342987,302.3337048963972,301.26582457964935,302.0330990434871,297.5711783558471,302.3878962669109
2009,7,299.7582795038258,302.33357950104335,301.091635178778,301.9832387667939,296.3419711192778,302.260756761871
2009,8,298.99390388671446,302.3374938901784,300.6588536062104,302.0424527982844,295.2066450411096,302.00158059593133
2009,9,298.80658035835506,302.35263326732775,300.6372404851987,302.12162609132076,294.57881391296917,302.0410748575904
2009,10,298.75496095597566,302.74931851391034,300.6606443961786,302.41623168974354,294.3230393492827,302.17448646717764
2009,11,299.3206360092796,302.98143080190187,301.27694901554617,302.61827205063287,294.88272150408704,302.2639431065517
2009,12,299.73144228340993,302.7114087688882,301.32951799687714,302.3767559892247,295.74472886403015,301.90916623592483
2010,1,299.7851077458406,302.60504541390503,301.1686215585531,302.2463704927015,296.7353360507346,301.34614884454254
2010,2,300.1998350132685,302.1398157703212,300.96115795519603,301.7679496339442,297.9166227171244,301.11580813588455
2010,3,300.89017555148985,302.26404952019556,301.3811463623871,301.8864786844199,298.636540429965,301.6154519281687
2010,4,301.21060637024084,302.28667265624733,301.46283150427223,302.0289229769153,298.7493720684713,302.1229922218336
2010,5,300.1982806859013,301.9960673031364,300.8037229427618,301.8365097825117,297.95722285835035,302.65266981630475
2010,6,298.9445579884349,301.7023683632153,300.12145248768354,301.5975341309188,296.6252480453271,302.9069450592658
2010,7,297.7796115206566,301.3144704507839,299.2999965885475,301.23177930512054,295.09207687575815,302.7233121868104
2010,8,297.0361143031304,300.6537745093909,298.6491916191825,300.77587571266713,294.137528266555,302.4837155510333
2010,9,296.784723992758,300.3078056092219,298.33103585723836,300.53706687859784,293.60380518338377,302.6950363240997
2010,10,296.5691206238223,300.2581517779383,298.23776222010684,300.4283463744887,293.502088695466,302.8652164733163
2010,11,296.52429424675233,300.1573901536647,298.1635095037945,300.3092503115842,293.99669043416384,302.8275179466581
2010,12,296.57996972595646,299.9890995736207,297.9678289990496,300.1220821948816,294.9118242684074,302.6318753123885
2011,1,297.40368570526346,299.83752976284586,297.97724976377026,299.97102584331066,296.41202866120784,302.1143589482504
2011,2,298.84610442032465,300.0221991982061,298.63431257213904,300.1734522390767,298.1841167492923,301.8521556482445
2011,3,299.50806885942313,300.44355535346364,299.2924025110728,300.49522031565687,298.92640060279433,301.77499599407554
2011,4,300.45891058098124,300.95449531836834,300.20622992749077,300.9071219262037,298.7285880247837,301.96362660429895
2011,5,300.2000587589379,301.3258080963289,300.56008503054744,301.2047814834004,298.0769109654208,302.2225204081724
2011,6,299.71061978294944,301.54607831514875,300.568511285138,301.2836596893971,296.97195159575847,302.1247743800455
2011,7,298.9056212943977,301.49198521173145,300.05552572179056,301.1499159278176,295.7213999547371,301.7105510162845
2011,8,297.876660434931,301.32489615017823,299.3271677447872,300.98880576806005,294.75884841174667,301.6771795522278
2011,9,297.4510844065161,301.165885546503,299.105149482795,300.928394678916,293.98901499170097,301.8206189835578
2011,10,297.299683375757,300.9854343046912,298.85668417259507,300.86880777673036,294.0037887049205,302.2266918800765
2011,11,296.97753992118,300.95900376222886,298.59208883199676,300.8533573805646,294.6458524264074,302.4852659513979
2011,12,297.3875955014588,300.4823904278469,298.671329887305,300.567429432008,295.49471023613637,302.2556387111024
2012,1,298.17783525459765,300.16285404480766,298.617111154039,300.3021702910315,297.05559357284767,301.770674527106
2012,2,299.3747992295806,300.16980889741626,299.10459115767327,300.318328378154,298.88992775678196,301.5659640402746
2012,3,300.05351710719395,300.607725882305,299.76503980587546,300.71822803206226,299.53602929163225,301.61182826284613
2012,4,300.6581823990592,301.2936139518109,300.5226651893896,301.2064447205286,299.36795916344073,302.0773821114367
2012,5,300.39912337298153,301.56808998406706,300.866703593235,301.49027091838127,298.6964058981003,302.7315632500728
2012,6,300.2607390204972,301.83031702298683,301.06660376883065,301.62680335172956,297.81576067237273,302.0054129343943
2012,7,299.67716725607465,301.9170820576628,300.8687682918441,301.5898284657286,296.41692448904445,301.93483881947276
2012,8,298.85899525632266,302.27200723496173,300.7456534387911,301.8347864713273,295.35520307600285,301.6243896849743
2012,9,298.4109264503775,302.3138766402494,300.34731228738343,301.8391734837503,294.7386710555576,301.84316999212024
2012,10,298.0046718633966,302.28120713526175,300.0721286678014,301.99116819904225,294.53802522834167,302.01010682607614
2012,11,298.331833829588,302.22151627021685,300.08846261039207,301.89377628572487,295.031586246588,302.30464490007296
2012,12,298.0506798466791,301.92956944997337,299.6379259879519,301.60718027162966,295.6280682772108,302.0965150449302
2013,1,298.3353545293853,301.3704474810575,299.3647772041511,301.2195033930127,296.96814768283275,301.54768983561826
2013,2,299.26230371431734,301.1895849278479,299.6448610411159,301.0795006063438,298.8441968992995,301.42059170990655
2013,3,300.53568626604465,301.1491661943147,300.3022360229762,301.0915921545359,299.54788368320266,301.58069041163145
2013,4,300.55429695621837,301.5287900261202,300.80220465750386,301.4547686405486,298.9200839839921,302.2742525176394
2013,5,299.62350053901866,301.8429373141122,300.711291188204,301.6831687497228,297.80541349063697,302.70602346744164
2013,6,299.0781614709956,301.89332838760697,300.5534799124914,301.65836522614654,296.4448875399107,302.5905443978996
2013,7,298.40141081314135,301.9499602793913,300.15982825617283,301.6363177898579,295.31608116391965,302.3421008850277
2013,8,297.7233905669578,301.8732775688919,299.7441672151364,301.5971716551277,294.3390494210548,301.9700768200139
2013,9,297.93531347130727,301.86734233751815,299.8250548377425,301.6688887718355,294.1609678052031,302.22706179899967
2013,10,297.98609321309243,301.853796379396,299.58113970363047,301.6402793827323,294.01169607074104,302.0511954484411
2013,11,298.15282298691193,302.0232905089562,299.9506046042161,301.7830835703262,294.58569667519475,302.1398232524701
2013,12,298.28646412245007,301.7479513131341,299.72173286885794,301.53310915906144,295.64148841184607,302.1569786587108
2014,1,298.5703275472991,301.20976160037446,299.3564341618418,301.1037728294147,297.12617424246304,301.4898006663851
2014,2,298.9010083553011,301.48344185179184,299.42383122208474,301.2470741375924,298.26892416458685,301.255152892434
2014,3,300.2201141703783,301.8151323619097,300.21187399710607,301.5043262153461,299.18511568182174,301.2436469627291
2014,4,300.8778516119879,302.03222405474975,301.08693521386056,301.7545160095782,298.73692577607187,302.0292588767694
2014,5,300.79404277010246,302.63046759854547,301.36543750369185,302.17027784617574,298.25029965377786,302.73231746772876
2014,6,300.4573708373131,302.51646971507387,301.18970451176176,302.0413560798727,297.36358595485467,302.8491975729114
2014,7,299.36949979222055,302.1911289182333,300.51577909871287,301.8403149368361,296.05691720591074,302.0847658142302
2014,8,298.64102614915987,302.26448418562654,300.2380805771141,301.8756295976808,295.27664063387823,301.7743764395783
2014,9,298.51381964550154,302.3957146362869,300.30766939028075,301.97151748995685,294.65738733047783,301.89321100344375
2014,10,298.8062824662719,302.3660351682943,300.3299882901133,302.0485544347508,294.7399379018502,302.04295206255733
2014,11,299.01868219369186,302.6352778083493,300.59046572256074,302.24770763229174,295.34855747594656,302.3063467805847
2014,12,299.08230254978355,302.4879091453316,300.44209917286986,302.0423952220903,296.10971640556403,302.10758460689436
2015,1,299.18808403133204,302.1061073365968,300.2330618141886,301.77185384843597,297.11506254028995,301.4773973344552
2015,2,299.77414470745293,302.12632325988375,300.40720329067386,301.8364359930647,298.35013207986617,300.99009487718655
2015,3,300.4315659977047,302.1920857540803,300.7702838317583,301.7998630353952,299.2520972975086,300.9224884185074
2015,4,301.33667871288003,302.67902507107647,301.6286228604223,302.1973533821107,299.3513710506771,301.7815220710108
2015,5,301.34941835821144,302.82240655143164,301.8423819050487,302.3615033915713,298.86645402221586,302.1978508190315
2015,6,301.09071389357837,302.9593984429438,301.8753925024611,302.4420201391574,297.9811276283443,302.23949987209267
2015,7,300.7843580409067,302.8920303977292,301.79602575935047,302.49584995585707,297.17193137880855,301.6577983009441
2015,8,300.3337887654749,302.738584695007,301.8878534983737,302.4904830015103,296.1645753940943,301.4936613578489
2015,9,300.4811925338736,302.750718233763,301.9653884648137,302.5741556211686,295.9332917181946,301.80427159691004
2015,10,300.60574920311495,302.8691764719257,302.1537117014285,302.6090571176685,295.94105382635024,301.73049974333844
2015,11,300.97080186054404,303.35752105689863,302.585158055343,302.9065092259217,296.20078816097913,302.2449484323076
2015,12,301.0747812587977,303.0162373615281,302.3278028269184,302.6029943208373,296.943310907366,301.98130079275523
2016,1,301.1958262417464,302.45594134546457,302.0610702637794,302.2027032298483,298.0928486910134,301.6410108096782
2016,2,301.4547271122699,302.3747657081951,302.01252799407314,302.12706560253844,299.4582459800889,301.16532370888564
2016,3,301.7482350037291,302.47435178228375,301.776970118611,302.19280019324697,300.19307349732605,301.69436973449183
2016,4,301.6065229153274,302.4284279749434,302.00402916588877,302.3271765978633,299.898212568989,302.1956742237999
2016,5,300.4732598448424,302.5276228865826,301.43974842524625,302.34801143259006,299.1993999253495,302.70340737970844
2016,6,299.68730884514645,302.4724045673455,300.7820479189802,302.22028499953694,298.0679603574049,302.91444104297454
2016,7,298.58627933687666,302.29094934662294,300.10177498743695,302.0142711892723,296.74402802517517,302.6714799657056
2016,8,297.89785456173854,301.92175042290376,299.58455256786135,301.72894124283386,295.7285406219244,302.35548743994855
2016,9,297.95979327482434,301.66800686747024,299.39635729122466,301.5880508070459,295.15362437229237,302.5129407378052
2016,10,297.8147500278741,301.4927305708961,299.3418605650984,301.5315941732743,295.20536604762384,302.6031123847959
2016,11,297.7292202626542,301.4143473491467,299.3893456870963,301.47699391273954,295.4937705267288,302.5655074324251
2016,12,297.8387183541182,301.4567214286547,299.3408410086416,301.420218034916,296.37399747751783,302.5740757418399
2017,1,298.6277760472265,301.2402930521806,299.34188136613693,301.22033022861507,298.05283659719663,301.9511230877646
2017,2,300.0498794832864,301.1052949680241,299.8861322534678,301.19646346190785,299.6856189134529,301.53766801110794
2017,3,300.6713417914418,301.18566270668157,300.42854889911786,301.39619562861947,300.4462773160221,301.6378462241094
2017,4,301.19262055839926,301.61745239399977,301.1702675366342,301.73001593093926,299.9197003162133,302.07252563927653
2017,5,300.7298648946172,302.1090230805962,301.4529145364965,302.03548020208177,298.97766002448964,302.64639565744505
2017,6,299.8934796810139,302.40512597648967,301.2710726015014,302.1609714818451,297.26888681166974,302.81945749837286
2017,7,299.0826960548954,302.30414735685713,300.83358830868946,302.0406559863644,296.1436630301889,302.58368313508026
2017,8,298.06128380655605,302.0224079972916,299.9299406371863,301.8225565980838,295.1577002325566,302.6368293829725
2017,9,297.318232812254,301.78461148530346,299.479281178648,301.6866749173205,294.39632141423147,302.5202612331983
2017,10,297.5172073792577,301.62222118498653,299.40650706802904,301.6300887065629,294.12365855235055,302.7808033781188
2017,11,297.19508971433646,301.50993770630123,299.06138688045553,301.51596069556496,294.43983398457794,302.72750805409044
2017,12,297.04653955858686,301.2280041816849,298.8060360153966,301.2121857306621,295.11641173486345,302.57832015001156
2018,1,297.6033765990452,301.17820348827524,298.9381609267639,301.09935587616377,296.602016931973,302.14257627118434
2018,2,298.6246868171549,301.0103318939204,299.1348203233498,300.9912820757642,297.9676943623532,301.87974712277685
2018,3,299.40279584052837,301.1686805874368,299.52300496156613,301.11273510357177,298.59011428281974,301.9061250030758
2018,4,300.1278289613542,301.6433343336698,300.4005549172001,301.5693417484218,298.69173861128615,302.14692059777735
2018,5,300.0718049519618,302.0971669069199,300.8230190086289,301.9117628140176,297.9361063505446,302.67466369127106
2018,6,299.9210698382811,302.20279620869024,301.0247741455163,301.95217662961716,296.70809613448125,302.5231397291824
2018,7,299.2362883032398,302.1501032345417,300.74989016810855,301.88310970181,295.6667938704188,302.12177298843085
2018,8,298.2537137510394,302.24962783072493,300.22450894717724,301.97700442175324,294.7759146663249,301.88939723058144
2018,9,298.151763969916,302.2347042160003,300.1075465123457,301.9850810320712,294.2706986166061,301.8153790314308
2018,10,298.84218337738974,302.6444784963228,300.606906315102,302.377225165424,294.5617811738403,302.1796607965169
2018,11,299.0681762662623,302.5617748557888,300.6680708207282,302.3029505463411,294.96368339925056,302.3575171826623
2018,12,299.11608688226806,302.5355173075958,300.5467799693673,302.1492417271954,295.8629247231064,302.21034648466104
2019,1,299.3122751546704,302.1360426870663,300.25516005870116,301.78839311931415,297.14621180484585,301.48459880865227
2019,2,300.0798018599595,302.06686991531507,300.4493965219053,301.7042150071929,298.84880462709936,301.00496932959373
2019,3,300.94912602934073,302.1375396060845,301.21987476662395,301.85418488494196,299.58002806885065,301.3151514430105
2019,4,301.25953799977253,302.2318443185425,301.61154184581324,302.0267496839589,299.3453983450668,301.7822732893704
2019,5,300.8776212737823,302.60287931590136,301.69272783063894,302.32310655022,298.49771939173394,302.50330273703554
2019,6,300.04638808222217,302.67126078902174,301.40533649329143,302.3294125844948,297.24167927091025,302.5137983027056
2019,7,298.94948610592695,302.6396241470618,300.8110688896918,302.350938847482,295.81847753954946,302.15277612191
2019,8,297.89815194457924,302.3978579230899,300.0220045731108,302.08419736007215,294.5967883910848,301.7497317507791
2019,9,297.6076147040111,302.27136803345854,299.67269302202214,302.0058666945472,294.15390638694777,301.5678335138978
2019,10,298.21029374873046,302.62027973107166,300.3202662740131,302.281136401096,294.20888948583865,302.1874109364378
2019,11,298.5807170286457,302.41139977167217,300.32364257403185,302.20397189490836,294.66857220314347,302.47006414309254
2019,12,298.52592243020933,302.39742245347367,300.12780246317413,302.11819351619886,295.6509537314335,302.3890967747509
2020,1,298.9348666603573,302.2255874084216,300.1435692921159,301.8886718213131,296.9480284344144,301.75424910524873
2020,2,299.56843308651133,302.0889601659689,300.2189551184912,301.76102520666007,298.28031668845074,301.44895489735273
2020,3,300.3820393883937,302.04340485409017,300.71916613199846,301.8246360504735,299.33498726406674,301.72116694338484
2020,4,301.01837553769246,302.07199499236145,301.2712634709686,301.99699682255914,299.3520770413717,302.22721367283316
2020,5,300.03132699986844,301.93750241082495,300.7004911115146,301.8750718982233,298.4725819631277,302.55064054896746
2020,6,298.9381632172301,302.03927476293234,300.42522687278523,301.8711413668462,296.93332167237196,302.6404533935371
2020,7,298.34026040861846,301.98713048286623,300.2309391970667,301.80423020230296,295.4739215721389,302.5618080820312
2020,8,297.5720153758425,301.4457044660071,299.3630185984524,301.4212836260984,294.44714214267503,302.5574814289564
2020,9,296.78715139128275,301.2249128804914,298.953807874444,301.25236818507517,293.68384648296006,302.6951139036204
2020,10,296.8164047446213,300.91977457822196,298.58705112912895,301.0772980018256,293.6857915800358,302.8366445988226
2020,11,296.9513593199539,300.8962259460284,298.4734918879355,300.9912404902655,294.1290302632427,302.8248728700865
2020,12,297.3771503441245,300.6101655620222,298.59481364013374,300.7199260456776,295.06318498621437,302.7524896547948
2021,1,298.16692065722657,300.16551930168316,298.6618766005516,300.3959427878867,296.49510202241237,302.30565454015095
2021,2,299.032778086196,300.2591185214635,299.05072079910974,300.42117803334105,297.96501662909174,301.9288482717147
2021,3,299.9142311090076,300.82251935235996,299.77936823129556,300.8699873590372,298.90097339211184,302.04127019126827
2021,4,299.95907564391314,301.4259962597247,300.3524289618768,301.3011887767161,298.447207976993,302.31964992496955
2021,5,299.8477645063229,301.85839341046005,300.67534219520246,301.58678416034303,297.7008907996717,302.55373966860793
2021,6,299.63123238036195,301.95334025494674,300.7369114482525,301.6493733915843,296.7510536553269,302.71954220327075
2021,7,298.81444189960894,301.8040142679772,300.2727683653753,301.53140050980323,295.79756747914047,302.5450150556606
2021,8,297.97418749406444,301.7068771454629,299.60804511564106,301.4769649058183,294.99790075663617,302.49226808749245
2021,9,297.58378238032554,301.39495937843503,299.47001168690605,301.34233756666526,294.1957595720421,302.5963057818228
2021,10,297.36764462814995,301.07253850064484,298.952247909379,301.12911743222463,294.0087627791651,302.83305958344954
2021,11,297.3297180258884,301.02738567512944,298.9250824208552,301.09594582853407,294.4378531878629,302.98303445390553
2021,12,297.1858501745882,300.810368295277,298.7532669913539,300.8216154678763,294.9575674726835,302.50288784919826
2022,1,297.4372166999197,301.05268289778684,298.78279028334475,300.8523149575142,296.12352686331684,301.8748005164324
2022,2,298.383891822676,300.8991094392931,299.0890801491584,300.8002423310299,297.4873320927928,301.7012441939554
2022,3,299.53192575413465,300.49579128877474,299.2823533556235,300.6445848756549,298.40664210136003,301.96603338837434
2022,4,299.74683709777435,300.7910357645212,299.85104378332545,300.89426479196686,298.06904554644865,302.1903560283624
2022,5,299.2776603435492,301.0596242115256,299.92707378979867,301.0614965104522,297.06012191838477,302.5845412472486
2022,6,299.05694815800933,301.38126023477736,300.15067159418874,301.27146314578204,295.9268252532926,302.8820858806883
2022,7,298.6535899574843,300.9897963526513,299.8311180189362,300.9890124823917,294.81366497237445,302.5405745842511
2022,8,297.8133014818054,300.82192959466477,299.143285692189,300.83002271207766,294.169731965126,302.51047485580364
2022,9,297.11242375378333,300.79879316038716,298.89898474692416,300.84587445002893,293.6626698072463,302.70909746519317
2022,10,297.2003563913523,300.70677011852376,298.9895008242085,300.8508915524839,293.38072296094197,302.89147382081194
2022,11,297.12464744470697,300.81373510436174,298.8447542746652,300.8683516509337,293.96270815270407,303.0161601902188
2022,12,297.4163294869776,300.79797170067536,298.84565957603763,300.7808613880759,295.22620722826935,302.6752592832551
2023,1,298.2394722693854,300.6581472222469,298.9556715316189,300.71176435033385,296.9310225323242,301.96665524810544
2023,2,299.42591014943577,300.6623453333089,299.3569168659174,300.7032311999633,298.98969197194634,301.6860906699575
2023,3,300.66862475212287,301.1387398827478,300.31521077869905,301.16862226814857,299.97725368328275,301.9217726505567
2023,4,301.0865211259771,301.86307118386,301.03102967914975,301.75400921092216,300.33323572459676,302.4394752536987
2023,5,301.2645705852098,302.25585535535595,301.4906791411251,302.0634518232351,299.32459888029587,302.77200971279484
2023,6,301.0440400926303,302.64462732322784,301.766682650234,302.32693521355407,298.325996965317,302.45316880200755
2023,7,300.68852195148816,302.63943627795453,301.5289596822578,302.2627910813999,297.40840358391733,302.42485457152003
2023,8,300.262461511797,302.82154668706835,301.36815500934915,302.4007391875639,296.8196165557272,302.07893483305645
2023,9,300.180839150247,302.94546567222255,301.4908086926721,302.57083996191705,296.3872003726344,302.1708064154016
2023,10,300.2132511136466,303.09422284038067,301.4723662823505,302.7194498283402,296.2674334806667,302.43002825867325
2023,11,300.3333040389701,303.16075359335247,301.72095305583923,302.7758530590287,296.50590498031835,302.7440356672433
2023,12,300.3926563264395,303.0211069213431,301.6991552457913,302.6430352800263,296.95059286824375,302.60755776364533
2024,1,300.7117158188682,302.869645297321,301.5065377748881,302.53657157295186,298.0135129442572,302.26596955830155
2024,2,301.06063647205406,302.50720073786965,301.4573837435157,302.27311498074965,299.1853783439182,301.6090799240477
2024,3,301.2967638222078,302.29567951913833,301.62346355824934,302.25455086446675,299.6544460505387,301.7548294101731
2024,4,301.30996860135014,302.55097173223976,301.8871307163871,302.5176129768902,299.50128514950404,302.42747194197835
2024,5,300.1910654513737,302.70366367407496,301.32099891384195,302.53318813707824,298.41615286303954,302.7893891136659
2024,6,299.54478877338454,302.80384804509936,301.1558954898511,302.5446518425042,297.0329554915111,302.91344756879954
2024,7,298.88187798943216,302.4716532878067,300.6394239347375,302.1986274862983,295.87380561434463,302.6019226577072
2024,8,297.9827650894095,302.46778865383686,300.06672742669326,302.10604509406994,294.90557893942923,302.600263140796
2024,9,297.7220903856231,301.9517251061819,299.51190247096145,301.7824839518059,294.21411889722197,302.66290585432705
2024,10,297.8279083705761,301.8025246724523,299.33738746467156,301.7368783941889,294.3398991878298,302.98050759311
2024,11,298.003655882081,301.9269642200982,299.6119845529056,301.8167577348052,294.87883280355345,302.9055995285945
2024,12,297.8203497854675,301.1281014732835,299.0262812885959,301.19647291639683,295.5782867271384,302.75579349727394
2025,1,298.5327514937492,300.7151637151942,298.86304355999255,300.8588823441211,297.05475741894287,302.46701550877316
2025,2,299.53913827962236,300.5804233970596,299.413753841691,300.79519608704754,298.94885346364015,302.0285019937116
2025,3,300.85739575537934,300.86215883609646,300.43996913601245,301.10952149603116,299.9030274466316,302.1887590061941
2025,4,300.7812641095823,301.4879029046825,300.80508977979287,301.5525378518528,299.4197158291782,302.60878686821076
2025,5,300.17047247655114,301.9533419631704,301.0008796565444,301.8649806132622,298.4131047888607,302.92781497065937
2025,6,299.6423953592268,302.1198146199716,300.82228235059654,301.8995451040208,297.15345440966667,302.92493875295156
2025,7,298.92117894067195,301.9757966497627,300.33801661153194,301.7319097017396,295.90919761759494,302.62827376978987
2025,8,297.98775979047286,301.8343822955466,299.6871447431838,301.58750966509945,295.18693308517095,302.4979959563568
2025,9,297.5464275227647,301.48031525002943,299.39872703353404,301.42163342362346,294.43760105653234,302.56286227071735
2025,10,297.6881456119291,301.4798305433776,299.3284359913238,301.4482486140194,294.45491449393694,302.95017584552096
2025,11,297.597469209639,301.27157033025213,299.1724728045648,301.24558633059314,294.8164638586086,302.9000309585415
2025,12,297.58195225086644,301.3281478283051,299.092815367636,301.23147399773234,295.6052128668884,302.63297733614473
2026,1,298.22624666291273,301.35148373436243,299.12875250041384,301.1813687756095,297.27567000541023,302.1769593393287
2026,2,299.46198110355346,301.41123346708326,299.5774811702465,301.2038940341221,299.2187165330654,301.9171892019598
