year,month,front,front_ke,front_oe
2004,9,2.61675,2.08839,2.61114
2004,10,2.72592,2.19758,2.71891
2004,11,2.78692,2.10508,2.77893
2004,12,3.16578,2.66208,3.13906
2005,1,3.06114,2.56968,3.05442
2005,2,2.99981,2.40876,2.96666
2005,9,3.01752,1.84942,3.01646
2005,10,2.85973,2.01248,2.81720
2005,11,2.82616,2.21681,2.77370
2005,12,2.74203,2.33861,2.71515
2006,1,3.04622,2.57827,2.99855
2006,2,3.17833,2.56580,3.15011
2006,9,2.46220,1.86411,2.45837
2006,10,2.39151,1.93429,2.35162
2006,11,2.33465,1.88196,2.31622
2006,12,2.62429,2.11832,2.59096
2007,1,2.96848,2.46556,2.87487
2007,2,2.86664,2.34959,2.85152
2007,9,2.45668,1.93510,2.43395
2007,10,2.48759,2.02483,2.42365
2007,11,2.59805,2.35411,2.43059
2007,12,2.78792,2.50117,2.75013
2008,1,2.92109,2.36965,2.91671
2008,2,3.03346,2.42433,3.02639
2008,9,2.20196,1.53146,2.20196
2008,10,2.30996,2.02115,2.30996
2008,11,2.56341,2.23176,2.55776
2008,12,2.68301,2.17408,2.66943
2009,1,2.93031,2.30239,2.87676
2009,2,2.99097,2.39829,2.94028
2009,9,2.60427,1.75184,2.60097
2009,10,2.84260,2.00256,2.83442
2009,11,3.29497,2.28836,3.29420
2009,12,3.33814,2.24952,3.33737
2010,1,3.24587,2.38591,3.20867
2010,2,3.11313,2.36055,3.03366
2010,9,2.80517,1.64456,2.80004
2010,10,2.76098,2.18613,2.75442
2010,11,2.95362,2.25956,2.94359
2010,12,3.15191,2.17054,3.15134
2011,1,3.24287,2.23653,3.23506
2011,2,3.28051,2.09383,3.26864
2011,9,2.35918,1.43346,2.35918
2011,10,2.49408,1.79898,2.48485
2011,11,2.84206,2.12856,2.83560
2011,12,3.11150,2.50747,3.10538
2012,1,3.01559,2.55680,2.94363
2012,2,2.89427,2.47562,2.80575
2012,9,2.44355,1.20716,2.44348
2012,10,3.02469,2.20693,3.02469
2012,11,2.83604,2.04092,2.83444
2012,12,2.96213,2.10502,2.94296
2013,1,3.09560,2.34425,3.02561
2013,2,3.03273,2.23652,2.99307
2013,9,2.46943,1.76707,2.46570
2013,10,2.53312,1.92553,2.53285
2013,11,2.96224,2.29248,2.96201
2013,12,3.22029,2.33795,3.21647
2014,1,3.26842,2.33126,3.25875
2014,2,3.16222,2.16855,3.16020
2014,9,2.26352,1.73644,2.24644
2014,10,2.81910,2.10969,2.79541
2014,11,3.05637,2.11025,3.04523
2014,12,3.31411,2.14551,3.31395
2015,1,3.24295,2.24386,3.23437
2015,2,3.08630,2.05071,3.05988
2015,9,2.30551,1.96702,2.28401
2015,10,2.57847,2.14872,2.56930
2015,11,2.94477,2.27220,2.92752
2015,12,3.12990,2.44976,3.11637
2016,1,3.21811,2.48194,3.21585
2016,2,3.06989,2.33322,3.05677
2016,9,2.51882,1.41934,2.51882
2016,10,2.77703,2.03694,2.77102
2016,11,3.17911,2.38416,3.16668
2016,12,3.35788,2.61722,3.35518
2017,1,3.13409,2.55470,3.12549
2017,2,2.93753,2.23052,2.92589
2017,9,2.59210,1.79339,2.58520
2017,10,2.64559,1.82423,2.64406
2017,11,3.17817,2.15936,3.17771
2017,12,3.36474,2.29746,3.36186
2018,1,3.29309,2.28796,3.27593
2018,2,3.20303,2.23104,3.19152
2018,9,2.96522,1.93486,2.96516
2018,10,2.68610,2.24198,2.66384
2018,11,3.20156,2.49484,3.19674
2018,12,3.52659,2.71765,3.51496
2019,1,3.62843,2.61940,3.60677
2019,2,3.61925,2.45820,3.61830
2019,9,2.99903,2.21110,2.98715
2019,10,3.14529,2.41223,3.13836
2019,11,3.55844,2.64426,3.55322
2019,12,4.26543,3.13708,4.26384
2020,1,4.21882,3.09963,4.20953
2020,2,3.82039,2.78103,3.76875
2020,9,2.93566,2.08192,2.92764
2020,10,2.99411,2.39400,2.98181
2020,11,3.37611,2.53851,3.35947
2020,12,3.59967,3.00043,3.55399
2021,1,3.83200,3.15810,3.78427
2021,2,3.94594,3.03268,3.90058
2021,9,2.81354,2.32087,2.79220
2021,10,3.07154,2.34035,3.03202
2021,11,3.39549,2.52790,3.34592
2021,12,3.52562,2.34340,3.49539
2022,1,3.75389,2.39626,3.68030
2022,2,3.41903,2.38123,3.41549
2022,9,2.73952,1.42847,2.73952
2022,10,2.74832,1.94580,2.74577
2022,11,2.99054,2.33976,2.94783
2022,12,3.26371,2.53474,3.24191
2023,1,3.38786,2.44461,3.34222
2023,2,3.16278,2.49646,3.08531
2023,9,2.68573,1.59767,2.68246
2023,10,2.83211,2.10038,2.81974
2023,11,3.06531,2.32006,3.06521
2023,12,3.20386,2.42076,3.20373
2024,1,3.50996,2.32877,3.50669
2024,2,3.33374,2.27089,3.32170
2024,9,3.65748,1.43254,3.65717
2024,10,3.56826,1.89687,3.56826
2024,11,3.56536,2.29267,3.55814
2024,12,3.45670,2.58926,3.44548
2025,1,3.67687,2.79422,3.66688
2025,2,3.66485,2.64371,3.62639
2025,9,3.08823,1.77167,3.08823
2025,10,3.31683,2.22852,3.30941
2025,11,3.77401,2.81303,3.76375
2025,12,3.79249,2.75223,3.79024
2026,1,3.85131,2.57909,3.84987
2026,2,3.58935,2.50379,3.58714
