basin,cmp,scalar,label,hf,sf,diff,lo,hi,se,p,mde80,sd,d_std,mde_std,n_hf,n_sf,q
atl,C1,pc,central MSLP (hPa),971.05,983.52625,-12.47625000000005,-13.852457,-11.293129,0.6567498,0.0009995002498750624,1.8388994,12.289603043579154,-1.0151873869122576,0.14963049396204323,400,400,0.001272091227113716
atl,C1,msl_grad,MSLP gradient 0-500 km (hPa/100 km),4.280385,2.6819449999999994,1.5984400000000005,1.4469267,1.766791,0.080013245,0.0009995002498750624,0.22403708,1.2220990853343274,1.307946318904836,0.18332153561992043,400,400,0.001272091227113716
atl,C1,gmax_r,radius of max gust (km),302.185,407.3625,-105.17750000000001,-137.12717,-73.885445,16.4872,0.0009995002498750624,46.164158,237.7918752488718,-0.4423090565643665,0.1941368174127752,400,400,0.001272091227113716
atl,C1,g48_rmax,outer radius of 48-kt gust area (km),945.0325,786.8175,158.21500000000003,124.9346,192.6406,17.521841,0.0009995002498750624,49.061153,302.8340805106816,0.5224478028800311,0.1620067111638538,400,400,0.001272091227113716
atl,C1,g48_right,share of 48-kt area right of motion,0.7363370165745856,0.7180732627300547,0.01826375384453094,-0.01984433,0.05042735,0.018206,0.3588205897051474,0.0509768,0.28481733366091994,0.06412444639438364,0.1789806856500031,362,329,0.40187906046976507
atl,C1,d2m_500,2 m dewpoint within 500 km (C),1.7185249999999999,0.05932500000000001,1.6591999999999998,0.61705,2.6346226,0.51322615,0.001999000499750125,1.4370332,8.727829365562494,0.19010454151942133,0.164649549874593,400,400,0.0024335658257827607
atl,C1,gust_factor,gust factor (max gust / max 10 m wind),1.5087975,1.46472,0.04407749999999999,0.034162693,0.055624608,0.00550983,0.0009995002498750624,0.015427524,0.08219564493861582,0.5362510390047711,0.18769272064773074,400,400,0.001272091227113716
pac,C1,pc,central MSLP (hPa),973.82875,984.5025,-10.673750000000041,-12.128546,-9.126425,0.78736603,0.0009995002498750624,2.204625,12.190007017789204,-0.8756147543166752,0.18085509615079465,400,400,0.001272091227113716
pac,C1,msl_grad,MSLP gradient 0-500 km (hPa/100 km),4.48937,2.920805,1.568565,1.3851933,1.7404448,0.08981402,0.0009995002498750624,0.25147927,1.2446843947513362,1.2602110274816845,0.20204259741223504,400,400,0.001272091227113716
pac,C1,gmax_r,radius of max gust (km),232.6075,333.0875,-100.47999999999999,-124.78635,-73.17908,13.122706,0.0009995002498750624,36.743576,213.26974502669148,-0.4711404329171236,0.17228686631198484,400,400,0.001272091227113716
pac,C1,g48_rmax,outer radius of 48-kt gust area (km),895.1775,741.415,153.76250000000005,111.59968,199.39426,22.397861,0.0009995002498750624,62.714012,319.070210744242,0.4819080403693715,0.19655238889181648,400,400,0.001272091227113716
pac,C1,g48_right,share of 48-kt area right of motion,0.7731675824175822,0.7629554755053137,0.010212106912268482,-0.024780367,0.050630018,0.01954749,0.6096951524237881,0.05473297,0.24300022379568123,0.04202509262236317,0.22523835590951327,364,363,0.63227645436541
pac,C1,d2m_500,2 m dewpoint within 500 km (C),6.770700000000001,2.575125,4.195575000000001,3.1976035,5.11017,0.48571473,0.0009995002498750624,1.3600012,7.634076302814081,0.5495851539305971,0.1781487572892984,400,400,0.001272091227113716
pac,C1,gust_factor,gust factor (max gust / max 10 m wind),1.5207424999999999,1.4826775,0.03806499999999979,0.026896428,0.04881344,0.0055816676,0.0009995002498750624,0.01562867,0.09047622529565433,0.42071825914059324,0.17273785859073243,400,400,0.001272091227113716
atl,C2,pc,central MSLP (hPa),967.75875,983.52625,-15.767500000000041,-17.495113,-14.252364,0.81519145,0.0009995002498750624,2.282536,12.581233233967964,-1.2532555200891995,0.1814238705672409,400,400,0.001272091227113716
atl,C2,msl_grad,MSLP gradient 0-500 km (hPa/100 km),4.504020000000001,2.6819449999999994,1.8220750000000012,1.6504471,2.0118918,0.09146146,0.0009995002498750624,0.25609207,1.3451724548501207,1.3545289255889625,0.19037861696457123,400,400,0.001272091227113716
atl,C2,gmax_r,radius of max gust (km),305.645,407.3625,-101.71750000000003,-133.56877,-68.31453,16.67369,0.0009995002498750624,46.686333,231.42012668386255,-0.4395361002414187,0.20173842859577115,400,400,0.001272091227113716
atl,C2,g48_rmax,outer radius of 48-kt gust area (km),970.1275,786.8175,183.31000000000006,154.37726,213.89816,15.104045,0.0009995002498750624,42.291325,290.1993198109706,0.6316692958460555,0.14573199083659516,400,400,0.001272091227113716
atl,C2,g48_right,share of 48-kt area right of motion,0.7186300268096514,0.7147530964504621,0.0038769303591892346,-0.036746833,0.038219385,0.019394517,0.9165417291354323,0.05430465,0.27954147860323314,0.013868891223445059,0.19426329309724374,373,329,0.9165417291354323
atl,C2,d2m_500,2 m dewpoint within 500 km (C),0.9807749999999996,0.05932500000000001,0.9214499999999997,0.027387904,1.751855,0.4436984,0.04397801099450275,1.2423555,8.508239930906685,0.10830089507146808,0.14601791627620272,400,400,0.051307679493586535
atl,C2,gust_factor,gust factor (max gust / max 10 m wind),1.5238675000000002,1.46472,0.05914750000000013,0.048678234,0.07069188,0.0057703783,0.0009995002498750624,0.016157059,0.08129785219718293,0.7275407455604302,0.19873906336116268,400,400,0.001272091227113716
pac,C2,pc,central MSLP (hPa),970.0175,984.5025,-14.485000000000014,-15.818398,-13.056585,0.68708295,0.0009995002498750624,1.9238322,12.661747262917547,-1.1439969302200672,0.15194049748174732,400,400,0.001272091227113716
pac,C2,msl_grad,MSLP gradient 0-500 km (hPa/100 km),4.79656,2.920805,1.8757550000000003,1.6939783,2.0405703,0.089921996,0.0009995002498750624,0.25178158,1.3024236653975156,1.4402034067981226,0.19331772718940085,400,400,0.001272091227113716
pac,C2,gmax_r,radius of max gust (km),245.9275,333.0875,-87.15999999999997,-114.38804,-58.380085,14.3883095,0.0009995002498750624,40.287266,209.7030127197747,-0.4156354211108618,0.19211581777045617,400,400,0.001272091227113716
pac,C2,g48_rmax,outer radius of 48-kt gust area (km),943.2425,741.415,201.8275,171.1526,234.76631,16.4646,0.0009995002498750624,46.10088,310.45434967862025,0.650103631045692,0.1484948744216749,400,400,0.001272091227113716
pac,C2,g48_right,share of 48-kt area right of motion,0.7455261780104712,0.7593579173466354,-0.013831739336164217,-0.053536158,0.026697608,0.020897184,0.543728135932034,0.058512114,0.24326532484060548,-0.056858655647808315,0.24052796684746724,382,363,0.585553377157575
pac,C2,d2m_500,2 m dewpoint within 500 km (C),5.76635,2.575125,3.191225,2.2967064,4.0631294,0.45014444,0.0009995002498750624,1.2604045,7.335499562465906,0.4350385372972793,0.1718225809775666,400,400,0.001272091227113716
pac,C2,gust_factor,gust factor (max gust / max 10 m wind),1.5388374999999999,1.4826775,0.056159999999999766,0.044795282,0.06662601,0.005592567,0.0009995002498750624,0.015659187,0.08704019068079986,0.6452191747368042,0.17990754462493652,400,400,0.001272091227113716
