season,t,lat,lon
2004,150.0,48.542151209245546,217.51584066165276
2004,156.0,54.9252630563622,172.62704037146744
2004,738.0,54.0,208.0
2004,1110.0,52.736190804262016,154.7368637450916
2004,1146.0,48.267340290548184,225.97065426395477
2004,1260.0,53.50650672591048,182.65491357241854
2004,1392.0,52.00661551210784,157.25
2004,1482.0,51.50119760614731,195.36110474190585
2004,1548.0,53.02516835013184,167.0
2004,1560.0,42.982489676634856,151.04349393346897
2004,1632.0,57.00000000000001,142.0
2004,1728.0,42.56519357013103,181.64321473940493
2004,1836.0,57.00000000000001,217.99999999999997
2004,1860.0,43.25,158.0
2004,2160.0,46.89551786831809,168.29591045650437
2004,2226.0,53.55468973715469,172.77960681460266
2004,2436.0,43.0,166.0
2004,2472.0,42.782909492805615,165.23889951485202
2004,2496.0,38.5,160.5
2004,2574.0,36.750261453717314,142.7475561589695
2004,2820.0,45.76744756263392,174.97311308683902
2004,2844.0,40.631852742240405,187.18162329530676
2004,2982.0,46.30092457904629,157.99639597114464
2004,3048.0,43.750174339802676,180.39749366274881
2004,3276.0,41.60865942935019,178.88898099447007
2004,3360.0,51.00000000000001,194.0
2004,3366.0,42.33917263023087,176.0179069454965
2004,3546.0,44.840100873817406,175.31624865974072
2004,3684.0,47.0,197.0
2004,3744.0,41.19600805811405,191.87186199762712
2004,3840.0,53.70242922012267,210.11816482586852
2004,3990.0,43.25680453298807,189.73460441147998
2004,4056.0,50.254290299044264,154.99475310812014
2004,4212.0,46.1768233539021,151.8967609611218
2004,4860.0,52.334393211448756,192.64174125935517
2005,204.0,54.50644265524784,218.71940627577604
2005,204.0,53.12089268195252,169.7630823069762
2005,312.0,46.68837073032498,188.54607344765364
2005,402.0,61.50000000000001,192.99999999999997
2005,468.0,51.3906839501323,207.7343795078019
2005,1026.0,43.21521298973284,160.77677540833713
2005,1158.0,50.1,201.00000000000003
2005,1374.0,34.16958004810929,206.82704222084007
2005,1662.0,50.0131383765535,204.67714771655898
2005,1764.0,41.733305856967384,177.60074539945936
2005,1770.0,46.51334514670207,197.2339016444
2005,1908.0,38.623047966312484,219.1342249772309
2005,1980.0,45.70511754925571,164.00064340470522
2005,2076.0,44.83792668993991,153.16617216589887
2005,2214.0,44.50436256494501,226.99142326007802
2005,2220.0,44.2189207244079,200.13376820571014
2005,2268.0,45.00290821737033,152.98836329030385
2005,2286.0,41.265317361112984,219.15435033777845
2005,2370.0,40.55233867231538,161.15817468697801
2005,2574.0,44.00436089809241,165.00000000000003
2005,2616.0,40.035388332990514,166.63269564542065
2005,2622.0,48.00000000000001,153.0
2005,2724.0,44.75119077652647,157.49803720627798
2005,2850.0,41.0,182.99999999999997
2005,2892.0,43.50108927603465,173.49585915073618
2005,2970.0,45.399336237954806,165.39326736611795
2005,3018.0,46.401199868935194,228.12070954355676
2005,3234.0,48.37362303050489,174.70767712442017
2005,3990.0,53.00279508661589,176.9845575648186
2005,4482.0,44.65724174184608,163.5370685642422
2006,156.0,41.25007141056891,147.0
2006,198.0,50.50106779484841,201.47351685009437
2006,330.0,53.35094496669022,182.6093493735587
2006,372.0,49.070547299500696,181.6166900753513
2006,870.0,50.331398572756,218.57404650780464
2006,912.0,50.50107067883589,147.49470659705645
2006,948.0,49.82897017761463,217.4841451126585
2006,1002.0,44.003134401187,146.13978338777397
2006,1188.0,54.0,226.99999999999997
2006,1200.0,42.0,165.0
2006,1482.0,51.00974127141489,180.1912577434039
2006,1524.0,46.06650820634622,177.45025772144317
2006,1698.0,48.00000000000001,220.0
2006,1734.0,49.11681877657312,213.16783670568267
2006,1770.0,43.90572857481764,217.12496480037308
2006,1914.0,44.502453886862845,209.74356773081865
2006,1938.0,48.35373626878825,223.8893812678064
2006,1974.0,53.75536732452207,213.4556084441451
2006,2016.0,49.22116792489697,214.3117344276624
2006,2088.0,41.0,232.00000000000003
2006,2100.0,42.79365307908871,149.95179026956808
2006,2136.0,54.80269734066567,215.3782786954535
2006,2274.0,51.50034528676933,179.28187318892842
2006,2364.0,45.659751623409136,152.0896694461682
2006,2532.0,42.03907301413941,167.97640531417508
2006,2676.0,38.50956731729349,183.5
2006,2688.0,40.851089500985815,180.56231979310482
2006,2766.0,46.51536427386618,188.63669450942461
2006,2820.0,45.25681677730089,191.23349056042576
2006,2874.0,44.00027246504125,197.7542140668019
2006,2922.0,53.308757826108035,192.40365076212947
2006,2934.0,39.00000000000001,200.49999999999997
2006,3402.0,53.04172587797646,157.96854353164505
2006,3480.0,33.51479523607953,167.2097972758954
2006,3528.0,38.5,152.0
2006,3624.0,37.76411218244917,154.50947197446453
2006,3648.0,36.0,165.0
2006,3876.0,35.11151492219412,182.50050149045174
2006,3966.0,41.672232560640914,171.45324461601717
2006,4086.0,50.08054081949694,191.61625766171068
2006,4296.0,47.39659954012721,171.6485128691082
2006,4344.0,46.346685251812005,162.3483362118857
2006,4488.0,41.777105116490816,174.49025771790508
2006,4776.0,42.05943463818933,166.1187535535207
2006,4800.0,37.73297373963867,159.10687486815092
2007,504.0,45.00296882846392,225.7281063188411
2007,648.0,41.558615767501614,154.2633868184509
2007,996.0,52.0,221.99999999999997
2007,1104.0,54.0,220.0
2007,1164.0,47.277722778749066,196.12373589053857
2007,1188.0,48.5,156.0
2007,1212.0,53.5,165.5
2007,1278.0,53.0,173.0
2007,1344.0,56.0,206.0
2007,1494.0,40.124960948652465,211.08025893504654
2007,1506.0,46.0,233.0
2007,1512.0,35.50000000000001,172.0
2007,1554.0,53.4109723198648,171.68505396844884
2007,1698.0,45.36020465702376,177.61117312342242
2007,1908.0,51.679123032526846,181.28702470203214
2007,1962.0,49.68509867659948,220.58023979088702
2007,1974.0,49.078115070644,209.16673993037801
2007,2046.0,56.25226747240421,211.25489794172805
2007,2136.0,54.0,202.99999999999997
2007,2202.0,49.99999999999999,211.0
2007,2208.0,52.254217896324676,211.96053655848527
2007,2286.0,43.51743199460441,223.0165697066037
2007,2340.0,44.01162970335912,190.0
2007,2364.0,39.94915799510415,182.84248675117126
2007,2442.0,41.05465290154914,178.81482474763118
2007,2460.0,44.01744142813586,212.96627398420878
2007,2514.0,53.435107246536624,167.933934931489
2007,2616.0,43.344678438407875,181.922856635209
2007,2676.0,44.79441143761876,186.0597671403825
2007,2724.0,46.68501058322533,170.25171091491373
2007,2898.0,53.172880951040156,202.69810799462027
2007,2916.0,44.6851082747565,168.2911296579917
2007,3018.0,41.8672666880687,165.6094357746978
2007,3060.0,53.0,216.0
2007,3120.0,45.537462001301556,165.92054887085146
2007,3216.0,43.279461695344324,185.05388396847155
2007,3276.0,45.266114333468636,176.22464416829905
2007,3408.0,48.696642204934975,209.5964808927919
2007,3486.0,37.01118654955077,222.99999999999997
2007,3492.0,41.0,142.0
2007,3504.0,39.501070751211024,152.5035970286326
2007,3504.0,38.00105824989879,196.4931811312667
2007,3588.0,48.25511628050668,153.2365904936932
2007,3696.0,46.99999999999999,186.99999999999997
2007,3840.0,40.18659748028093,181.70172130358725
2007,3864.0,43.00979220199842,217.47557875480845
2007,4116.0,31.50097193028268,142.502673983607
2007,4386.0,40.66762659447674,148.33166909716564
2007,4728.0,40.00241716888431,149.75
2008,138.0,47.517375737060725,226.94282295662094
2008,204.0,54.504125092592794,188.01223585967327
2008,492.0,49.588969377132145,178.80236048691197
2008,666.0,55.0,220.0
2008,1074.0,55.0,220.0
2008,1242.0,53.0,228.00000000000003
2008,1308.0,56.0,201.0
2008,1332.0,46.43769614827704,191.96326084683452
2008,1332.0,45.06662594692001,179.5491009154785
2008,1446.0,46.79154001512088,185.56152123829108
2008,1566.0,28.511892760671373,167.51895802098187
2008,1626.0,48.50502802121452,199.3366906711906
2008,1806.0,53.88129203610397,162.9862428414487
2008,2208.0,44.66961979467189,167.98279645626116
2008,2430.0,41.2745699516603,147.54584171562627
2008,2448.0,36.50417279738208,195.99354180178207
2008,2940.0,36.50417279738209,146.00645819821793
2008,2964.0,49.068717100124275,163.22693559871462
2008,3090.0,39.78049718782188,162.43545355537262
2008,3204.0,48.16431216374527,174.0734519028733
2008,3264.0,42.397739296350636,173.63662014003083
2008,3354.0,55.50915257894797,174.5571641699962
2008,3408.0,42.75892850982227,175.94377103122864
2008,3426.0,44.561513767293015,151.1777658020126
2008,3540.0,59.71810326580969,192.11091513343766
2008,3666.0,37.0,153.0
2008,3684.0,42.0,170.0
2008,3732.0,41.692577906699,167.14869355438464
2008,3786.0,50.752405076614615,148.25400558477867
2008,3858.0,46.50162922412058,154.85340575701264
2008,4182.0,46.50640617924354,189.2436652492592
2008,4410.0,42.00108487102577,155.5
2008,4560.0,52.18459123211775,182.20438254218297
2009,198.0,44.501089956597205,203.487133256866
2009,432.0,43.43433385713787,199.40996475362513
2009,624.0,46.847633583312174,156.5808022428839
2009,828.0,53.41451101238033,207.33468532865098
2009,1068.0,59.50381546349732,215.9851832142204
2009,1170.0,51.67314085800566,166.37224939683227
2009,1284.0,44.17865265971023,200.89856751332144
2009,1386.0,51.50652536505157,204.8148923731741
2009,1434.0,53.777262209849006,183.1110961453279
2009,1512.0,45.719528477610126,188.9885292693851
2009,1548.0,42.524152974821156,180.84894448071702
2009,1566.0,54.12556091542364,183.63254372731677
2009,1866.0,49.412169898079846,172.9143061042467
2009,1974.0,44.0,162.0
2009,1998.0,44.0,192.99999999999997
2009,2046.0,45.001090512257356,173.49127224605013
2009,2502.0,47.03895433397963,163.9560537241574
2009,2634.0,41.49999999999999,228.00000000000003
2009,2688.0,53.0,150.0
2009,2760.0,42.855896898375235,215.9773066128611
2009,2808.0,40.0,189.49999999999997
2009,2988.0,43.01518024571339,163.47542674254638
2009,3114.0,46.0,180.0
2009,3204.0,42.60442737599435,209.96795500586202
2009,3240.0,46.00435944993619,213.9819229161686
2009,3342.0,52.2552515768749,167.50848221445963
2009,3420.0,45.35186005176683,184.33519624806192
2009,3564.0,44.4325711005301,190.5696946838383
2009,3648.0,53.02961119492694,180.80831960488726
2009,3708.0,53.33610247015189,192.46846052062844
2009,3804.0,57.50395384506322,207.98630017065935
2009,3864.0,53.66945793892093,221.99210610837804
2009,3942.0,55.66758116552172,211.33899706715832
2009,4218.0,48.026039262901996,200.98060704747445
2009,4236.0,49.072024206965516,165.932985830669
2009,4362.0,53.5,194.99999999999997
2009,4500.0,42.71093398291621,164.45584122917901
2010,12.0,53.75,212.0
2010,318.0,55.0,224.0
2010,552.0,48.84861805239181,226.44702101996066
2010,618.0,56.50401584618894,167.98681380230212
2010,708.0,50.14621820393207,201.03580580806448
2010,810.0,53.5,213.99999999999997
2010,918.0,50.51713318810122,199.97881832284435
2010,978.0,52.50026338184527,206.24715671307564
2010,1812.0,58.00000000000001,213.5
2010,2268.0,51.699523020573366,192.65934909443186
2010,2316.0,43.5,168.5
2010,2352.0,48.002504880372534,150.73494635542792
2010,2508.0,33.6138645227508,170.15130944522332
2010,2586.0,44.562058713178295,168.2391674011771
2010,2730.0,47.0,184.99999999999997
2010,2826.0,46.862111388727506,187.77357718396792
2010,3084.0,36.000259351208655,192.74841487979432
2010,3324.0,57.3010509998462,171.97761604982742
2010,3390.0,54.88273668095882,161.9737245102871
2010,3498.0,53.009432731486044,175.46524658374028
2010,3660.0,49.250269539940916,229.74366909818747
2010,3714.0,52.0,222.5
2010,3906.0,42.47603737727748,179.73730904794817
2010,4002.0,47.80100239620334,164.29619626984763
2010,4074.0,53.512244891861506,189.2550112851505
2010,4236.0,43.0,172.0
2010,4512.0,57.0061617628603,182.30639856948974
2011,168.0,47.19439465027922,181.31452442770407
2011,594.0,58.50388702377664,207.9857576001752
2011,660.0,54.5,222.99999999999997
2011,756.0,45.52721126915281,169.24576223144075
2011,912.0,55.836196632658115,172.3430135753827
2011,1014.0,59.99999999999999,195.99999999999997
2011,1026.0,58.00000000000001,221.99999999999997
2011,1110.0,53.84052853484175,166.21167775279852
2011,1140.0,57.53323765926155,172.67952486500187
2011,1170.0,51.84468206550476,176.93342813123584
2011,1314.0,51.5,228.5
2011,1350.0,52.0,222.99999999999997
2011,1410.0,47.69784683068425,185.4491156551391
2011,1554.0,45.7024242665749,161.4376063830055
2011,1728.0,58.00000000000001,208.0
2011,1752.0,51.83404264812875,183.4962648465198
2011,1800.0,53.506713731063506,192.96746753937714
2011,1956.0,47.19600340691032,204.4370774190217
2011,1992.0,48.00000000000001,197.99999999999997
2011,2022.0,43.50680846438826,173.73964649703672
2011,2064.0,43.060748187857484,172.95005155699496
2011,2082.0,56.5,217.99999999999997
2011,2256.0,43.00895438942129,152.82386568337242
2011,2286.0,52.0,224.0
2011,2328.0,43.9064447228772,182.12475031016243
2011,2478.0,50.206926730628446,162.21522925607673
2011,2628.0,45.0,229.50000000000003
2011,2694.0,54.0,217.5
2011,2730.0,49.75430353282395,229.99484527844282
2011,2736.0,42.08630014435076,197.89340210184886
2011,2772.0,53.5,223.5
2011,2832.0,42.857498746242015,166.3307666057653
2011,2976.0,55.0,203.99999999999997
2011,3180.0,49.41455091758392,196.6180698775696
2011,3252.0,45.91720588641071,186.70737272799875
2011,3516.0,45.2674476632626,163.95595946100678
2011,3828.0,50.517127422515564,216.4576334249167
2011,3912.0,51.03519177905879,168.0662768298824
2011,4110.0,52.26293788911914,225.74013507734534
2011,4380.0,42.50244510859868,230.24999999999997
2011,4404.0,53.5,153.0
2011,4416.0,50.17852270382775,219.10995379913086
2011,4464.0,46.5,143.5
2012,42.0,48.5,179.7
2012,96.0,45.231204226169744,161.82176231283475
2012,246.0,46.00000000000001,185.99999999999997
2012,774.0,52.16970922424389,207.8289418111061
2012,798.0,42.99109360878741,208.5743874225532
2012,1032.0,51.84457745852377,180.97031703934263
2012,1266.0,52.0,216.0
2012,1482.0,47.0,155.0
2012,1584.0,42.50434669088318,138.99200248696664
2012,1614.0,43.842577090517246,189.31071040966907
2012,1710.0,53.87598789954026,169.73911615887695
2012,1896.0,54.17491645165396,215.00816792193982
2012,1986.0,44.75245430088903,179.25324426423552
2012,2010.0,52.25004224208179,160.09943646486042
2012,2052.0,46.68192104545699,188.64725290336006
2012,2148.0,46.63905123970406,204.30022702673173
2012,2202.0,50.6,149.0
2012,2202.0,51.0,203.99999999999997
2012,2454.0,41.50000000000001,182.99999999999997
2012,2532.0,42.21101826102955,160.07327903966538
2012,2706.0,41.86434894072673,178.56125248839356
2012,2742.0,43.78383333211549,167.15239626810745
2012,2898.0,39.72723937275968,183.4986699267237
2012,3060.0,46.33988523681002,169.4863032278925
2012,3132.0,43.76334634179667,195.21343431844357
2012,3138.0,46.01744459163405,151.9819187839153
2012,3240.0,46.00981255861073,184.49999999999997
2012,3252.0,41.347174105704546,163.67271921558998
2012,3324.0,43.75435750363456,162.97910969957633
2012,3372.0,53.5,181.99999999999997
2012,3420.0,53.0,197.49999999999997
2012,3462.0,51.47067445168016,181.45003193755304
2012,3528.0,44.6124521689386,165.90952089872857
2012,3642.0,50.307681930874296,185.81615914426322
2012,4008.0,45.5,157.0
2012,4116.0,49.009722812710926,154.5
2012,4380.0,46.136771457254326,172.0874920260937
2013,360.0,47.9446509099269,156.4745064128573
2013,612.0,39.0,156.0
2013,738.0,44.52263586452526,171.45305745099884
2013,858.0,55.26301018172068,175.9954240686835
2013,972.0,52.252375554899515,148.73731910437436
2013,996.0,41.5,202.0
2013,1362.0,41.5,181.0
2013,1608.0,35.50000000000001,174.0
2013,1932.0,38.286075110972405,150.9776289474365
2013,2058.0,43.872474292160376,177.58861267375636
2013,2112.0,49.30235148595501,152.35519286957933
2013,2250.0,40.0,201.00000000000003
2013,2286.0,55.0,169.0
2013,2442.0,49.77084784837652,218.96455984459516
2013,2532.0,42.009764986129134,181.0
2013,2586.0,41.52015155392075,189.5418311312041
2013,2670.0,39.12440891959233,184.21117545338493
2013,3066.0,51.5042470261593,150.03292355469242
2013,3144.0,36.25416129832248,145.9904005144565
2013,3582.0,42.6782992602504,175.01069294808366
2013,3756.0,47.5,147.5
2013,3828.0,46.77757681535797,193.24643908208986
2013,3852.0,40.263180352958415,163.23060027518042
2013,3942.0,42.52608153525515,202.96799776407613
2013,4116.0,44.004359658837856,150.98314212845318
2013,4800.0,48.50432855110744,219.7763213047516
2014,132.0,44.85805835880254,175.79990283820956
2014,276.0,36.66929084326414,170.0132509111918
2014,720.0,54.504125092592794,182.9877641403267
2014,888.0,52.0956501868437,166.16150510286096
2014,1200.0,50.012558260770994,200.27810996158752
2014,1332.0,45.0,184.99999999999997
2014,1338.0,39.0,211.0
2014,1350.0,48.00000000000001,174.0
2014,1392.0,38.02832248296085,164.75021432965636
2014,1578.0,48.39241487547528,170.27656403530997
2014,1692.0,40.895690725828274,175.2349470146046
2014,1800.0,56.0,194.99999999999997
2014,1800.0,45.0,175.0
2014,1842.0,45.85181463641491,191.58646005108645
2014,1848.0,44.50109059863161,145.5042880433904
2014,1950.0,43.00290122024007,145.0108514073641
2014,2004.0,54.0,221.99999999999997
2014,2004.0,55.0,176.0
2014,2166.0,47.34503145057614,158.97488044946752
2014,2226.0,45.0,161.0
2014,2268.0,44.81441909363117,164.92452107086729
2014,2496.0,41.833017495544986,186.1518219542233
2014,2574.0,38.0,154.0
2014,2634.0,42.0,152.0
2014,2760.0,44.0,153.0
2014,2934.0,41.504330801428374,147.99227833556472
2014,3846.0,42.0,143.0
2014,4650.0,47.154192285654354,177.6435967026909
2015,24.0,42.0,142.0
2015,174.0,41.5,148.0
2015,204.0,53.0,223.50000000000003
2015,252.0,52.7628740639045,217.71986408898766
2015,576.0,38.468413184829124,165.5111855880259
2015,582.0,48.119293141391445,154.99466181668006
2015,588.0,48.78480269427898,198.70206104730332
2015,822.0,51.72529433902606,181.74488386614078
2015,984.0,55.79377001734429,194.60583527544784
2015,1170.0,53.6,169.8
2015,1266.0,54.41452093412639,174.3251357125394
2015,1320.0,48.9312195106641,170.1589407037211
2015,1668.0,46.67883964482382,222.0091730341847
2015,1734.0,52.365249564659116,178.45255053591757
2015,1746.0,49.959672014157334,229.79532720185475
2015,1854.0,54.5,208.99999999999997
2015,1884.0,57.20894093870907,176.79593673622665
2015,2106.0,48.3,169.2
2015,2196.0,46.853145573322635,199.73971213713727
2015,2238.0,43.773476253107866,189.418074218391
2015,2334.0,50.60537733874788,184.2526198624576
2015,2388.0,39.98841939234929,198.43491670782797
2015,2460.0,48.2,166.3
2015,2514.0,41.42602966400868,195.34163451144417
2015,2586.0,44.22533921263147,219.96151955370632
2015,2622.0,40.52866534849079,145.92122065290275
2015,2634.0,40.056575423062604,193.09058964907126
2015,2760.0,44.29728394750744,197.76119554635616
2015,2778.0,43.80324911076132,178.20252949558545
2015,2964.0,43.42286432463548,199.2042715634741
2015,3060.0,55.2,228.00000000000003
2015,3072.0,43.67452443841211,204.36666186647747
2015,3108.0,45.540266183772886,179.9986854934102
2015,3378.0,57.79999999999998,173.9
2015,3402.0,37.622395188679874,198.1697225310681
2015,3450.0,46.670908474843955,170.84888793745873
2015,3612.0,44.35527721004578,199.5821666828516
2015,3630.0,43.56980828849858,140.39835917787826
2015,3648.0,39.87776384881256,200.37838979061615
2015,3648.0,45.21118960758372,153.27776008104246
2015,3810.0,47.31408514083021,208.0557191961059
2015,3864.0,44.66335853782575,228.2152863270443
2015,3870.0,49.75000000000001,230.99999999999997
2015,3876.0,52.88237944232739,192.2057260262657
2015,4002.0,49.28663215019018,159.76383173008873
2015,4158.0,46.327839898709804,204.4890625493294
2015,4602.0,44.19193296375466,180.08159868348517
2015,4656.0,43.66203519583858,163.52117629817997
2016,150.0,51.96302174089734,180.90032383253958
2016,276.0,36.52839761859061,161.17509596676484
2016,354.0,46.1,232.89999999999998
2016,612.0,49.1499309015305,165.93826766061608
2016,630.0,52.8,207.9
2016,708.0,55.04858350661945,189.274033103736
2016,762.0,42.0,207.69999999999996
2016,942.0,49.00073714510727,209.26349210842076
2016,1098.0,44.505279087521586,189.29622623440062
2016,1410.0,47.228143088261724,166.3786416912079
2016,1428.0,54.699999999999996,212.3
2016,1482.0,52.88765831933296,210.84991346635493
2016,1650.0,42.65215693509056,164.7387452111189
2016,1806.0,52.527414320650905,171.0970831515311
2016,1866.0,53.01693740950926,182.23951905183392
2016,1932.0,52.8,229.1
2016,1986.0,44.5800607708243,179.31270693089533
2016,2136.0,59.30115821840965,169.13706509667114
2016,2406.0,43.0002720414644,176.44918621860154
2016,2406.0,39.066306769077016,154.71771163725234
2016,2556.0,48.17495093039957,205.1087160598309
2016,2718.0,43.802788852123086,230.21741070852283
2016,2724.0,50.90889937480656,184.2029953575122
2016,2928.0,43.09447984690436,161.50070820492186
2016,3348.0,43.70808266734518,201.07392118710285
2016,3414.0,50.202413038197136,174.53428643817364
2016,3468.0,54.06700841681438,169.06636962337592
2016,3648.0,32.1,171.1
2016,3966.0,33.25529224860807,146.95723881596754
2016,4134.0,35.77008436763445,157.1494428214071
2016,4230.0,45.3,186.29999999999998
2016,4260.0,35.22081694797963,148.8389133713727
2016,4404.0,46.830650479794706,199.54584921315845
2016,4656.0,49.8,151.3
2017,258.0,55.5,172.6
2017,540.0,42.79999999999999,149.8
2017,558.0,52.921755946509315,172.16180949702508
2017,702.0,49.17686885416064,153.494707557728
2017,1176.0,41.7,151.3
2017,1338.0,54.546990427141786,185.36229826249195
2017,1398.0,51.49925116175249,198.26045533094785
2017,1680.0,51.551795499807206,165.85357211149258
2017,1710.0,45.6,198.2
2017,2058.0,49.935934795250155,145.74129397289397
2017,2196.0,40.6338210988934,183.2832319830618
2017,2208.0,45.5,193.49999999999997
2017,2346.0,43.897133590939546,172.91338735135267
2017,2514.0,55.900000000000006,205.29999999999998
2017,2574.0,41.472491943488826,208.86797378747755
2017,2622.0,40.45209700297822,156.01891683316916
2017,2628.0,45.800000000000004,182.69999999999996
2017,2736.0,43.62489322889932,152.20486399857228
2017,2808.0,54.20000000000001,151.4
2017,3192.0,41.85573272499983,189.8221245767
2017,3300.0,47.600079798168544,162.2429427643979
2017,3360.0,38.77557822073011,162.02767809849314
2017,3402.0,60.60075368158467,175.72629698585507
2017,3594.0,49.76685686763575,166.63860610733602
2017,4602.0,41.2,228.5
2017,4608.0,47.987045767926055,173.6804703351146
2018,0.0,46.69933844232823,153.65433105352548
2018,468.0,51.60179426482651,203.8385480657794
2018,1248.0,50.05129945292469,166.74828089692642
2018,1272.0,44.35713988030654,164.248435941673
2018,1488.0,45.000976941142994,173.50551764291149
2018,1632.0,56.154878854242014,216.93865495873484
2018,1644.0,50.2,160.6
2018,1764.0,49.38423566531863,190.0292162867076
2018,1812.0,44.523385758580844,171.2063422185625
2018,1824.0,49.45349123462376,218.0880650294861
2018,2028.0,43.99200108156033,166.76883597488717
2018,2118.0,49.8459004110884,161.0243576256448
2018,2142.0,51.58290573138052,176.26518483073247
2018,2190.0,57.3,198.29999999999998
2018,2334.0,47.4,168.2
2018,2364.0,40.77676690391731,218.3994441255204
2018,2418.0,44.47116537726969,172.60704488214193
2018,2574.0,39.86314986789064,218.14617487035687
2018,2646.0,51.010919676631445,227.25860139281681
2018,2832.0,37.34397417858809,156.93278797271174
2018,2850.0,44.34411518527022,165.80340067733914
2018,2922.0,40.5,168.6
2018,3042.0,47.35347187361714,161.23242648868438
2018,3138.0,56.77132995688845,168.83855604603275
2018,3180.0,50.69231345163746,168.40195170969994
2018,3252.0,49.30506883313061,163.27605672756724
2018,3510.0,45.79080347412831,175.10486547686918
2018,3756.0,51.68197925978053,173.77436079582813
2018,3804.0,47.472991997159,172.14967528355498
2018,3870.0,39.88124186286545,145.76604811095902
2018,4092.0,42.7,221.40000000000003
2018,4188.0,48.479097295355295,173.80496442059936
2018,4254.0,44.87536968861781,162.27735399113115
2018,4428.0,45.77579028899107,190.2501687613021
2018,4590.0,45.03972212690288,185.2443055764297
2019,288.0,55.260851757956914,172.79010107424315
2019,360.0,56.23143240493073,183.58263996252686
2019,540.0,57.3,200.79999999999998
2019,564.0,47.79024494712319,177.40295877376724
2019,1020.0,48.739516137128206,197.25545551276284
2019,1152.0,50.2,186.99999999999997
2019,1362.0,43.262587812071395,233.01256403506352
2019,1410.0,50.4,204.89999999999998
2019,1422.0,59.20000000000001,167.4
2019,1692.0,45.87512623943563,206.3762531291961
2019,1740.0,48.29537431861201,150.68970709874267
2019,1782.0,51.60000000000001,191.19999999999996
2019,1944.0,51.21402081938695,179.21929967183576
2019,1992.0,49.8,178.8
2019,2040.0,52.490314379725845,193.75232023189798
2019,2106.0,39.79577960756319,166.64686429860978
2019,2208.0,51.9,154.6
2019,2328.0,46.30691200654299,166.40119729427443
2019,2430.0,52.15033819870547,220.7603733636306
2019,2622.0,49.3,224.59999999999997
2019,2646.0,36.7,156.7
2019,2748.0,39.00836496688361,197.68218690954166
2019,2868.0,47.9,204.99999999999997
2019,3042.0,47.451315097804454,165.85052288986643
2019,3078.0,46.91610169252577,161.4391738420791
2019,3126.0,55.11802399852864,192.2053558603373
2019,3168.0,48.900000000000006,167.4
2019,3168.0,48.6,173.9
2019,3234.0,47.254793709175885,177.42719574119778
2019,3348.0,55.3,192.3
2019,3480.0,47.8,178.8
2019,4038.0,44.3702482345617,162.5164884098166
2019,4422.0,42.80792785902394,151.13035801037998
2020,654.0,35.8,157.5
2020,1080.0,50.96307349701749,225.8217516852946
2020,1278.0,56.077709145663576,205.59719156454094
2020,1380.0,54.00996902832357,190.7313776278207
2020,1416.0,47.067414494595404,170.70238855613528
2020,1512.0,45.30681086766326,215.9203279658734
2020,1554.0,45.40481115235087,191.91339755158586
2020,1728.0,41.46108504853464,212.28396433752408
2020,1764.0,46.04256536951676,166.41273599066
2020,1776.0,49.70000000000001,156.0
2020,1782.0,46.731531833266,210.3494454133506
2020,1782.0,45.0,178.8
2020,1788.0,45.00836521735462,168.31544208213685
2020,1992.0,58.70047415341033,211.46004811331144
2020,2082.0,48.97286721839189,176.98846937278424
2020,2148.0,41.02444134626156,187.77862060110687
2020,2190.0,51.667298525402295,172.37115673933852
2020,2304.0,51.1,207.0
2020,2322.0,55.3,222.09999999999997
2020,2328.0,44.29042129265939,201.33791823899384
2020,2358.0,41.463709447216665,143.4061367785766
2020,2382.0,50.90004268278635,227.30257753209918
2020,2382.0,42.44168001344167,206.79926268631115
2020,2394.0,50.62219977714907,174.43437433000602
2020,2502.0,42.66056731130897,202.13618689590646
2020,2514.0,43.1288814328919,179.97750784002145
2020,2544.0,56.1,220.59999999999997
2020,2640.0,42.7,185.6
2020,2658.0,44.576191430645586,176.11840836335787
2020,2658.0,43.62788074656655,165.11350719873718
2020,2742.0,45.800000000000004,167.5
2020,2796.0,43.80049843725957,169.55063482348746
2020,2922.0,56.85008985889327,163.3469935633894
2020,3048.0,45.70183585498242,162.10546879845876
2020,3162.0,44.39562898955406,176.42883486384372
2020,3300.0,42.77667887889112,143.3763157233516
2020,3366.0,48.3,160.4
2020,3540.0,55.900000000000006,226.0
2020,3618.0,57.25192611117689,176.8738693285919
2020,4548.0,47.70039081393604,159.99424508766228
2020,4986.0,42.27378438916299,159.53043611051302
2021,24.0,56.40845038074342,220.6080863497799
2021,24.0,39.7,147.9
2021,486.0,47.136432005919715,224.51968543808525
2021,504.0,56.14560714806441,196.48946005356765
2021,552.0,44.88792558420634,223.7464838909753
2021,558.0,48.683921216771544,174.53052262757157
2021,606.0,38.91850772376183,147.58428573301086
2021,792.0,50.4,227.79999999999998
2021,822.0,41.2,158.30000000000004
2021,1236.0,40.810110008287005,180.4133191094444
2021,1260.0,54.800000000000004,227.3
2021,1488.0,52.7,145.5
2021,1668.0,57.0279929959119,195.82149095151826
2021,1752.0,56.40113904049129,165.95157794762463
2021,1836.0,37.15823390911751,170.69166718897475
2021,1866.0,48.70915250794515,160.25420956883684
2021,1974.0,57.050039829262836,169.00040390826533
2021,2046.0,39.8,178.8
2021,2070.0,48.7,161.7
2021,2154.0,46.1,175.4
2021,2214.0,51.15180028105213,161.46479122438458
2021,2226.0,57.55176418631157,214.80753077295108
2021,2310.0,45.800000000000004,169.70000000000002
2021,2382.0,40.260265936317936,195.66508600159602
2021,2472.0,44.58220425554641,196.77329118511
2021,2478.0,43.8,142.1
2021,2514.0,38.29999999999999,178.3
2021,2652.0,39.952416358229954,176.94616221523847
2021,2700.0,39.22255644449173,171.93578291584512
2021,2802.0,44.303954010701595,172.64482752101443
2021,2862.0,44.004805237991,177.12521625545136
2021,2904.0,43.63399644754971,190.6833319517463
2021,2964.0,44.93942515570076,183.8327263627651
2021,3012.0,44.642684210972476,188.64027748538058
2021,3078.0,41.64428422841722,177.86054676803326
2021,3138.0,42.3,194.99999999999997
2021,3240.0,40.575552121947766,175.13573253628624
2021,3300.0,43.73353934938478,176.53189844929628
2021,3408.0,43.2,183.69999999999996
2021,3438.0,44.9085529166991,152.2
2021,3888.0,43.034861653317556,191.67951707542449
2021,4056.0,42.2501737297046,183.3001585352314
2021,4434.0,50.300000000000004,210.2
2022,420.0,53.0747998116775,213.27929131586617
2022,666.0,55.04390306247802,193.8069946801592
2022,948.0,45.46493077054943,170.22210842918426
2022,1116.0,40.96559719071654,158.68704584280775
2022,1248.0,30.456444151393256,152.79799889939122
2022,1266.0,41.815653689564165,202.4733033943052
2022,1296.0,41.14880408959584,155.2099574194051
2022,1326.0,30.2,212.60000000000002
2022,1404.0,37.696196886976225,174.9369490952787
2022,1446.0,57.1,147.3
2022,1614.0,41.2,157.6
2022,1656.0,44.96048318672752,164.03514293369884
2022,1728.0,36.36276039193294,173.13763324904957
2022,1782.0,41.6,187.7
2022,1800.0,53.44539036733521,155.66055328867103
2022,1890.0,48.30212387024164,155.29725737195187
2022,2028.0,48.6,216.2
2022,2034.0,41.3660812041367,208.72771837253157
2022,2274.0,38.84343811550519,220.62434207721702
2022,2328.0,47.360447991748984,180.7367809005821
2022,2394.0,40.73451146798609,179.53489896580842
2022,2448.0,44.69043774186356,164.4636850640754
2022,2604.0,43.80797961040834,176.27615455054647
2022,2646.0,40.423411955452785,179.86667052565176
2022,2676.0,49.6,214.9
2022,2700.0,55.9375405364704,171.7407693218331
2022,2778.0,47.764890657542246,153.66994085597477
2022,2796.0,50.905643702582864,163.68458832096456
2022,2862.0,47.76566749575593,163.13655253813943
2022,2988.0,47.75913180370352,153.03745955386222
2022,3144.0,46.754177336300614,179.60896752857784
2022,3150.0,54.2506620566517,219.10048489105475
2022,3174.0,40.83016970026562,177.39110003560327
2022,3198.0,42.65701191825244,167.9996533529008
2022,3276.0,48.511738655470744,162.02663697082772
2022,4074.0,55.95672464635824,176.22501145453757
2022,4254.0,48.43161348884505,154.28007747575248
2023,246.0,49.48648799838427,173.77844372504188
2023,324.0,44.076919982315204,174.9165089498782
2023,354.0,40.2,146.9
2023,936.0,56.94476901491661,215.8593554713847
2023,1182.0,51.1305763367812,162.99896686146704
2023,1194.0,48.820402546712785,212.73030879635422
2023,1230.0,47.12539329564253,178.19477808651362
2023,1434.0,51.37432063812776,168.09192577129346
2023,1494.0,48.88036697577585,197.01027530737738
2023,1512.0,45.81591388997554,196.71206542968343
2023,1596.0,38.2095430310276,154.78763577521872
2023,1776.0,57.21938432013514,160.49558435377176
2023,1866.0,49.9,156.7
2023,1956.0,48.88856122529472,181.02487095212584
2023,2016.0,55.4,214.8
2023,2058.0,52.4,222.4
2023,2064.0,42.28379716909625,207.14008985175644
2023,2094.0,38.83334846450263,202.72414651999023
2023,2094.0,48.340320510198566,164.07596884596344
2023,2196.0,46.68081637197043,205.45475208129957
2023,2238.0,50.05148244409152,188.62746481497302
2023,2298.0,50.251593559233534,181.32413000499145
2023,2400.0,46.018160828103554,173.4957203977284
2023,2406.0,52.4,230.19999999999996
2023,2478.0,45.16667866207313,186.52566826012094
2023,2538.0,39.7,201.9
2023,2562.0,37.0,180.0
2023,2598.0,36.48374752492294,166.8795656370458
2023,2928.0,41.86649334290387,221.33017733740957
2023,2976.0,46.69835861756498,170.57632228326779
2023,3000.0,56.454019507574166,166.20131608983095
2023,3030.0,49.87654103195374,180.62647371616987
2023,3084.0,52.7,190.0
2023,3276.0,38.2,190.7
2023,3324.0,50.233862181337386,166.47901737493657
2023,3576.0,37.300000000000004,151.3
2023,3654.0,38.3,145.3
2023,3822.0,52.15608785621838,169.88517367817562
2023,3828.0,40.60637408191935,157.58832235212464
2023,3900.0,46.32965988507258,175.4138220346359
2023,3942.0,44.95178009928738,154.59528029700832
2023,4026.0,41.95795159919013,167.45577817644678
2023,4128.0,37.06436535414335,151.1414655360994
2023,4368.0,57.3,204.99999999999997
2023,4416.0,50.18278851298886,165.32488742422157
2023,4512.0,53.7,174.4
2023,4830.0,36.89999999999999,148.1
2024,0.0,54.95173331168976,216.84433956715768
2024,54.0,58.2522367503328,174.7311811767069
2024,252.0,46.2,153.3
2024,732.0,48.21597778740286,183.6047951674237
2024,822.0,47.5,188.59999999999997
2024,948.0,43.51398405211338,166.2305737060082
2024,1038.0,46.651094376406654,176.79379434050867
2024,1194.0,46.65053436415131,227.94780815309997
2024,1254.0,38.79999999999999,159.9
2024,1374.0,42.972868609384406,180.21432548094344
2024,1452.0,43.46742956439132,174.67849662109262
2024,1614.0,43.68645714258924,191.47742153100447
2024,1644.0,44.78420726371002,191.91463093225343
2024,1686.0,50.953852851964214,192.23875724334093
2024,1788.0,47.15003480027665,169.4411307269824
2024,1806.0,47.3,207.8
2024,1902.0,40.48360017515444,197.5327497046361
2024,1914.0,43.052785935780406,211.39282557229015
2024,1926.0,42.047993749945746,187.68238927440564
2024,2016.0,48.63580681878168,228.80379063047994
2024,2094.0,44.53299938327013,211.61223568377352
2024,2148.0,52.2,194.09999999999997
2024,2190.0,43.57260408924759,191.58563807848503
2024,2208.0,41.12347437670396,155.42336054137553
2024,2226.0,43.54274163321438,166.1716495019027
2024,2352.0,57.400000000000006,209.3
2024,2400.0,47.462557239694824,208.6563429350337
2024,2406.0,48.851112051398,178.97198487901306
2024,2442.0,49.702561108496624,198.74407123154978
2024,2442.0,44.943642920375474,176.33489384676645
2024,2514.0,40.644437155679846,157.74683468399826
2024,2580.0,40.70000000000001,168.7
2024,2592.0,42.55679316999538,148.1429895964002
2024,2838.0,42.3,158.7
2024,3030.0,40.52947052672644,174.09994624501238
2024,3132.0,39.8,177.2
2024,3264.0,47.05156673440732,160.39606248739256
2024,3558.0,43.012125911021016,191.3843619354419
2024,3858.0,39.17144991627141,162.00744687721942
2024,4092.0,45.469851134531154,169.15036050431112
2025,48.0,48.6,155.6
2025,192.0,50.747966044588935,158.8459975341084
2025,216.0,43.98949393073114,167.24064040056425
2025,324.0,50.05181373252305,185.5330665856351
2025,330.0,35.31646732560195,162.30247253081134
2025,384.0,47.57053235770852,177.78042021179897
2025,654.0,48.943219017391684,221.34604655875356
2025,678.0,54.13549352137156,205.23341844106588
2025,702.0,47.576092123286564,201.5289506753838
2025,750.0,43.4,145.6
2025,912.0,52.402699046603324,166.98549343508452
2025,1098.0,43.8,184.29999999999998
2025,1116.0,57.86004692156482,174.23109802197044
2025,1278.0,51.4,171.2
2025,1374.0,39.29269667358963,174.65081731806174
2025,1476.0,45.531107988987785,198.5100296529216
2025,1476.0,51.000863592103144,146.23738905935537
2025,1542.0,52.434546130353766,155.85792637158502
2025,1704.0,40.825335539070124,169.52034525196538
2025,1746.0,49.60155607311812,154.73134392550196
2025,1788.0,42.3351507445112,145.3905940901742
2025,2214.0,47.86042397348101,170.2066436839664
2025,2268.0,51.57764464349745,174.3777135675182
2025,2430.0,41.8793287771335,176.61423549945482
2025,2472.0,50.1446315207832,150.8364522071359
2025,2520.0,47.8,147.8
2025,2646.0,38.2,178.8
2025,2904.0,39.003703029739036,168.89231358320262
2025,3018.0,40.850010794047435,165.75003772971172
2025,3138.0,53.101875531107204,183.77037206426502
2025,3162.0,50.783208180469465,179.470835500404
2025,3216.0,54.02008334277491,213.96827368757894
2025,3546.0,59.9,217.59999999999997
2025,3702.0,36.25503546335769,144.49225645426998
2025,4200.0,42.80027174504259,162.15606214576022
2025,4968.0,51.659550677424946,183.7685543029679
