basin,cut,level,lo,hi,n,n_elig,n_bomb,bomb,fw_bomb,n_hf24,hf24,fw_hf24,n_hfon,hfon
atl,jet tercile,1,,95.075,12147,7319,15,0.0020495,0.0033989,186,0.015312,0.013227,93,0.0077384
atl,jet tercile,2,95.075,118.57,12328,7897,107,0.013549,0.013536,294,0.023848,0.023408,175,0.014428
atl,jet tercile,3,118.57,,13047,8630,669,0.07752,0.076392,1121,0.08592,0.081195,750,0.059966
atl,trough tercile,1,,113.42,13688,8420,237,0.028147,0.022821,347,0.025351,0.021333,225,0.016643
atl,trough tercile,2,113.42,191.56,11744,7583,225,0.029672,0.030871,365,0.03108,0.028171,239,0.020702
atl,trough tercile,3,191.56,,12090,7843,329,0.041948,0.046511,889,0.073532,0.073263,554,0.0478
atl,jet >= kt,80,80,,31674,20398,786,0.038533,0.038446,1505,0.047515,0.045315,970,0.031424
atl,jet < kt,80,,80,5848,3448,5,0.0014501,0.0019758,96,0.016416,0.012532,48,0.0082959
atl,jet >= kt,90,90,,27772,18018,782,0.043401,0.043013,1453,0.052319,0.049723,948,0.035094
atl,jet < kt,90,,90,9750,5828,9,0.0015443,0.0027505,148,0.015179,0.013096,70,0.0072607
atl,jet >= kt,100,100,,22874,14908,765,0.051315,0.05057,1360,0.059456,0.057062,886,0.039968
atl,jet < kt,100,,100,14648,8938,26,0.0029089,0.0041549,241,0.016453,0.013884,132,0.0091122
atl,jet >= kt,110,110,,17485,11471,725,0.063203,0.062165,1260,0.072062,0.068105,828,0.049154
atl,jet < kt,110,,110,20037,12375,66,0.0053333,0.0062985,341,0.017019,0.01586,190,0.0095916
atl,jet >= kt,120,120,,12338,8149,654,0.080255,0.079548,1094,0.088669,0.083863,736,0.062299
atl,jet < kt,120,,120,25184,15697,137,0.0087278,0.0090972,507,0.020132,0.018817,282,0.011353
atl,jet >= kt,130,130,,8254,5481,579,0.10564,0.10292,922,0.1117,0.10273,628,0.080174
atl,jet < kt,130,,130,29268,18365,212,0.011544,0.012355,679,0.023199,0.022574,390,0.013532
atl,jet >= kt,140,140,,5116,3392,467,0.13768,0.13446,709,0.13858,0.12635,503,0.10442
atl,jet < kt,140,,140,32406,20454,324,0.01584,0.016376,892,0.027526,0.026605,515,0.016176
atl,jet >= kt,150,150,,2926,1942,329,0.16941,0.17133,501,0.17122,0.152,360,0.13211
atl,jet < kt,150,,150,34596,21904,462,0.021092,0.020923,1100,0.031796,0.030751,658,0.019393
atl,jet >= kt,160,160,,1543,1022,205,0.20059,0.20454,302,0.19572,0.17607,218,0.15341
atl,jet < kt,160,,160,35979,22824,586,0.025675,0.025499,1299,0.036104,0.034379,800,0.022706
atl,"jet SD (fit, clipped 1-99 pct)",,27.329,,,,,,,,,,,
atl,"trough SD (fit, clipped 1-99 pct)",,87.179,,,,,,,,,,,
pac,jet tercile,1,,91.939,13676,7671,7,0.00091253,0.0022566,69,0.0050453,0.0052549,26,0.0019081
pac,jet tercile,2,91.939,124.2,14092,8759,96,0.01096,0.013327,159,0.011283,0.014286,86,0.0061587
pac,jet tercile,3,124.2,,13820,9286,861,0.09272,0.088537,993,0.071852,0.069586,647,0.048603
pac,trough tercile,1,,101.75,15565,9620,332,0.034511,0.032704,377,0.024221,0.020473,261,0.016939
pac,trough tercile,2,101.75,175.65,13222,8158,308,0.037754,0.037501,326,0.024656,0.025043,206,0.015783
pac,trough tercile,3,175.65,,12801,7938,324,0.040816,0.042284,518,0.040466,0.045706,292,0.023469
pac,jet >= kt,80,80,,32642,20740,960,0.046287,0.045776,1172,0.035905,0.036432,744,0.023254
pac,jet < kt,80,,80,8946,4976,4,0.00080386,0.0013672,49,0.0054773,0.0051019,15,0.0016839
pac,jet >= kt,90,90,,28722,18523,957,0.051665,0.050817,1159,0.040352,0.04073,736,0.02621
pac,jet < kt,90,,90,12866,7193,7,0.00097317,0.0020725,62,0.0048189,0.0050544,23,0.0017939
pac,jet >= kt,100,100,,24409,15950,952,0.059687,0.058019,1130,0.046294,0.046486,724,0.03043
pac,jet < kt,100,,100,17179,9766,12,0.0012288,0.0031527,91,0.0052972,0.0058318,35,0.0020456
pac,jet >= kt,110,110,,20015,13241,936,0.07069,0.067768,1100,0.054959,0.054178,710,0.036551
pac,jet < kt,110,,110,21573,12475,28,0.0022445,0.0047195,121,0.0056089,0.0069766,49,0.0022815
pac,jet >= kt,120,120,,15580,10440,888,0.085057,0.081318,1032,0.066239,0.06433,673,0.044727
pac,jet < kt,120,,120,26008,15276,76,0.0049751,0.0070203,189,0.007267,0.0089438,86,0.0033262
pac,jet >= kt,130,130,,11525,7779,815,0.10477,0.099973,925,0.08026,0.077049,610,0.055099
pac,jet < kt,130,,130,30063,17937,149,0.0083069,0.0099519,296,0.009846,0.011538,149,0.0049948
pac,jet >= kt,140,140,,8071,5489,706,0.12862,0.12328,807,0.099988,0.092948,539,0.070109
pac,jet < kt,140,,140,33517,20227,258,0.012755,0.013818,414,0.012352,0.014461,220,0.0066237
pac,jet >= kt,150,150,,5273,3612,569,0.15753,0.15341,657,0.1246,0.11251,444,0.089192
pac,jet < kt,150,,150,36315,22104,395,0.01787,0.01819,564,0.015531,0.017668,315,0.0087685
pac,jet >= kt,160,160,,3200,2224,445,0.20009,0.18967,497,0.15531,0.13881,345,0.11527
pac,jet < kt,160,,160,38388,23492,519,0.022093,0.022747,724,0.01886,0.020597,414,0.010921
pac,"jet SD (fit, clipped 1-99 pct)",,34.399,,,,,,,,,,,
pac,"trough SD (fit, clipped 1-99 pct)",,81.598,,,,,,,,,,,
