basin,outcome,var,scenario,n_sim,ev_fit,ev_test,T1,T2,T3,threshold
atl,BOMB,jet250,hinge,200,730,791,1.0,0.545,0.055,0.03
atl,BOMB,jet250,null,200,730,791,0.02,0.0,0.025,0.0
atl,BOMB,jet250,ramp,200,730,791,1.0,0.01,0.075,0.0
atl,BOMB,jet250,x1.15,200,730,791,0.41,0.01,0.065,0.0
atl,BOMB,trough_up,hinge,200,730,791,1.0,0.995,0.125,0.12
atl,BOMB,trough_up,null,200,730,791,0.0,0.0,0.03,0.0
atl,BOMB,trough_up,ramp,200,730,791,0.62,0.01,0.075,0.0
atl,BOMB,trough_up,x1.15,200,730,791,0.31,0.005,0.05,0.0
atl,HFON,jet250,hinge,200,913,1018,1.0,0.895,0.105,0.09
atl,HFON,jet250,null,200,913,1018,0.015,0.01,0.04,0.0
atl,HFON,jet250,ramp,200,913,1018,0.815,0.0,0.035,0.0
atl,HFON,jet250,x1.15,200,913,1018,0.375,0.005,0.06,0.0
atl,HFON,trough_up,hinge,200,913,1018,1.0,0.995,0.075,0.075
atl,HFON,trough_up,null,200,913,1018,0.025,0.005,0.045,0.0
atl,HFON,trough_up,ramp,200,913,1018,0.4,0.0,0.07,0.0
atl,HFON,trough_up,x1.15,200,913,1018,0.38,0.0,0.06,0.0
pac,BOMB,jet250,hinge,200,949,964,1.0,0.475,0.045,0.025
pac,BOMB,jet250,null,200,949,964,0.005,0.01,0.065,0.0
pac,BOMB,jet250,ramp,200,949,964,1.0,0.02,0.065,0.0
pac,BOMB,jet250,x1.15,200,949,964,0.375,0.005,0.03,0.0
pac,BOMB,trough_up,hinge,200,949,964,1.0,0.99,0.065,0.065
pac,BOMB,trough_up,null,200,949,964,0.0,0.025,0.06,0.0
pac,BOMB,trough_up,ramp,200,949,964,0.68,0.005,0.035,0.0
pac,BOMB,trough_up,x1.15,200,949,964,0.4,0.005,0.04,0.0
pac,HFON,jet250,hinge,200,775,759,1.0,0.37,0.12,0.075
pac,HFON,jet250,null,200,775,759,0.015,0.0,0.05,0.0
pac,HFON,jet250,ramp,200,775,759,0.895,0.005,0.065,0.0
pac,HFON,jet250,x1.15,200,775,759,0.215,0.005,0.045,0.0
pac,HFON,trough_up,hinge,200,775,759,1.0,0.995,0.115,0.115
pac,HFON,trough_up,null,200,775,759,0.0,0.005,0.065,0.0
pac,HFON,trough_up,ramp,200,775,759,0.255,0.01,0.045,0.0
pac,HFON,trough_up,x1.15,200,775,759,0.26,0.01,0.025,0.0
