basin,outcome,var,tag,decile,x_lo,n_fit,freq_fit,n_test,freq_test,lo_test,hi_test
atl,BOMB,jet250,main,1,,2399,0.00041684,2377,0.0021035,0.00089522,0.003177
atl,BOMB,jet250,main,2,73.648,2398,0.0016681,2247,0.00089008,0,0.0018003
atl,BOMB,jet250,main,3,85.407,2400,0.0016667,2295,0.0030501,0.0012456,0.004962
atl,BOMB,jet250,main,4,93.76,2399,0.0066694,2338,0.0064157,0.0038784,0.0093508
atl,BOMB,jet250,main,5,100.97,2397,0.010847,2392,0.01296,0.0092013,0.017151
atl,BOMB,jet250,main,6,107.91,2401,0.0099958,2261,0.01548,0.011266,0.020027
atl,BOMB,jet250,main,7,114.51,2399,0.022093,2428,0.023064,0.019239,0.026667
atl,BOMB,jet250,main,8,122,2399,0.049604,2305,0.032104,0.024708,0.039285
atl,BOMB,jet250,main,9,131.14,2399,0.065444,2506,0.062251,0.054442,0.069402
atl,BOMB,jet250,main,10,144.07,2399,0.13589,2697,0.15202,0.13874,0.16537
atl,BOMB,trough_up,main,1,,2399,0.022093,3050,0.028525,0.022716,0.035071
atl,BOMB,trough_up,main,2,48.118,2399,0.022926,2361,0.027954,0.023375,0.033376
atl,BOMB,trough_up,main,3,80.778,2399,0.019591,2396,0.028798,0.023092,0.034996
atl,BOMB,trough_up,main,4,107.04,2399,0.020425,2225,0.026067,0.020925,0.031762
atl,BOMB,trough_up,main,5,129.69,2399,0.03168,2310,0.026407,0.020314,0.032731
atl,BOMB,trough_up,main,6,152.38,2398,0.029191,2233,0.032691,0.026754,0.039683
atl,BOMB,trough_up,main,7,175.81,2400,0.030417,2287,0.031482,0.027601,0.034862
atl,BOMB,trough_up,main,8,202.49,2399,0.041267,2314,0.032411,0.025041,0.039742
atl,BOMB,trough_up,main,9,234.08,2399,0.040434,2294,0.038361,0.033515,0.043379
atl,BOMB,trough_up,main,10,277.82,2399,0.046269,2376,0.059764,0.052017,0.068592
atl,HFON,jet250,main,1,,3677,0.0076149,3588,0.0083612,0.0060244,0.010533
atl,HFON,jet250,main,2,72.133,3676,0.007617,3591,0.0075188,0.0055973,0.0097762
atl,HFON,jet250,main,3,83.917,3675,0.0089796,3528,0.0056689,0.0043894,0.0068198
atl,HFON,jet250,main,4,92.362,3677,0.0095186,3539,0.014976,0.012011,0.018071
atl,HFON,jet250,main,5,99.581,3676,0.010609,3550,0.010986,0.0080753,0.014086
atl,HFON,jet250,main,6,106.35,3676,0.015234,3689,0.015451,0.011675,0.019436
atl,HFON,jet250,main,7,113.19,3676,0.016322,3696,0.018128,0.015665,0.020572
atl,HFON,jet250,main,8,120.69,3677,0.028012,3529,0.02692,0.023789,0.031144
atl,HFON,jet250,main,9,129.64,3673,0.045739,3835,0.045372,0.040286,0.051404
atl,HFON,jet250,main,10,142.84,3680,0.098641,4109,0.11098,0.10311,0.11909
atl,HFON,trough_up,main,1,,3677,0.01523,4733,0.017325,0.014745,0.020001
atl,HFON,trough_up,main,2,46.714,3675,0.01034,3744,0.015224,0.01125,0.019499
atl,HFON,trough_up,main,3,78.82,3677,0.0078869,3719,0.018016,0.015113,0.021205
atl,HFON,trough_up,main,4,104.42,3676,0.0095212,3468,0.017013,0.013868,0.020197
atl,HFON,trough_up,main,5,127.28,3676,0.01605,3462,0.019931,0.01518,0.024704
atl,HFON,trough_up,main,6,149.77,3677,0.020669,3429,0.023039,0.016776,0.029681
atl,HFON,trough_up,main,7,173.13,3675,0.021224,3426,0.024227,0.02035,0.027807
atl,HFON,trough_up,main,8,199.04,3676,0.031828,3470,0.027666,0.021494,0.034114
atl,HFON,trough_up,main,9,230.53,3675,0.040544,3619,0.033711,0.03065,0.037578
atl,HFON,trough_up,main,10,274.68,3679,0.07502,3584,0.084821,0.073789,0.095508
pac,BOMB,jet250,main,1,,2648,0.00037764,2497,0.00040048,0,0.0012039
pac,BOMB,jet250,main,2,65.67,2647,0.0015111,2529,0.0011862,0,0.0035116
pac,BOMB,jet250,main,3,80.251,2647,0.0026445,2456,0.0012215,0.00039321,0.0024621
pac,BOMB,jet250,main,4,91.263,2647,0.0015111,2639,0.0030315,0.0011643,0.0051316
pac,BOMB,jet250,main,5,101.45,2647,0.0094447,2638,0.0060652,0.0034804,0.0089701
pac,BOMB,jet250,main,6,110.99,2647,0.015111,2673,0.017957,0.014601,0.021193
pac,BOMB,jet250,main,7,120.49,2648,0.030967,2673,0.029929,0.025763,0.034155
pac,BOMB,jet250,main,8,130.65,2647,0.044957,2588,0.050232,0.043667,0.058227
pac,BOMB,jet250,main,9,142.14,2647,0.091046,2555,0.0818,0.074759,0.088511
pac,BOMB,jet250,main,10,157.88,2648,0.16088,2468,0.18882,0.173,0.20707
pac,BOMB,trough_up,main,1,,2648,0.037764,3374,0.037048,0.028047,0.047061
pac,BOMB,trough_up,main,2,39.576,2647,0.027201,2761,0.032235,0.026463,0.037929
pac,BOMB,trough_up,main,3,69.682,2647,0.028334,2710,0.033579,0.02929,0.039138
pac,BOMB,trough_up,main,4,94.386,2646,0.027967,2552,0.037618,0.032126,0.043374
pac,BOMB,trough_up,main,5,116.93,2648,0.040785,2451,0.033048,0.026752,0.03914
pac,BOMB,trough_up,main,6,138.39,2647,0.034379,2400,0.042917,0.036425,0.050519
pac,BOMB,trough_up,main,7,160.46,2647,0.04269,2379,0.039092,0.033317,0.043786
pac,BOMB,trough_up,main,8,184.47,2648,0.041163,2488,0.039791,0.032113,0.046996
pac,BOMB,trough_up,main,9,212.92,2647,0.03929,2407,0.033652,0.027429,0.039248
pac,BOMB,trough_up,main,10,252.44,2648,0.038897,2194,0.048314,0.040291,0.056421
pac,HFON,jet250,main,1,,4219,0.0014221,4127,0.0021808,0.00073412,0.0038246
pac,HFON,jet250,main,2,63.932,4219,0.00094809,3971,0.0012591,0.00053893,0.0019044
pac,HFON,jet250,main,3,77.626,4218,0.0026079,4040,0.0019802,0.00074099,0.0037132
pac,HFON,jet250,main,4,88.316,4217,0.0018971,4061,0.0022162,0.0012199,0.0033331
pac,HFON,jet250,main,5,97.924,4218,0.0035562,4058,0.00345,0.0024435,0.0043898
pac,HFON,jet250,main,6,107.3,4222,0.0068688,4242,0.0073079,0.0053025,0.0093285
pac,HFON,jet250,main,7,116.81,4218,0.014462,4232,0.013469,0.0091746,0.017849
pac,HFON,jet250,main,8,127.11,4219,0.02631,4120,0.019175,0.015701,0.022811
pac,HFON,jet250,main,9,138.87,4219,0.042427,4166,0.037446,0.03007,0.04473
pac,HFON,jet250,main,10,154.97,4219,0.083195,3885,0.10064,0.08813,0.11394
pac,HFON,trough_up,main,1,,4218,0.019203,5230,0.01912,0.013703,0.025534
pac,HFON,trough_up,main,2,38.41,4218,0.015173,4314,0.015067,0.012117,0.018307
pac,HFON,trough_up,main,3,68.61,4221,0.012082,4432,0.015117,0.012853,0.01725
pac,HFON,trough_up,main,4,93.692,4218,0.011617,4102,0.016577,0.012593,0.020069
pac,HFON,trough_up,main,5,116.11,4217,0.015651,3892,0.015673,0.012628,0.018489
pac,HFON,trough_up,main,6,137.51,4220,0.019194,3893,0.016183,0.012159,0.020586
pac,HFON,trough_up,main,7,159.81,4219,0.016829,3776,0.018273,0.013253,0.023817
pac,HFON,trough_up,main,8,183.3,4216,0.021822,3972,0.019889,0.016292,0.023363
pac,HFON,trough_up,main,9,212.1,4222,0.025817,3852,0.020768,0.017356,0.023782
pac,HFON,trough_up,main,10,252.48,4219,0.02631,3439,0.031114,0.025718,0.03705
atl,BOMB,jet_up,secondary,1,,2398,0.0025021,2114,0.0033113,0.0015568,0.0054637
atl,BOMB,jet_up,secondary,2,66.77,2399,0.0050021,2337,0.0055627,0.0030727,0.008178
atl,BOMB,jet_up,secondary,3,75.6,2396,0.0079299,2325,0.0098925,0.0066779,0.013292
atl,BOMB,jet_up,secondary,4,82.5,2403,0.0095714,2255,0.011973,0.0087406,0.015697
atl,BOMB,jet_up,secondary,5,88.486,2398,0.011676,2464,0.013393,0.010247,0.016801
atl,BOMB,jet_up,secondary,6,94.48,2399,0.020008,2334,0.019709,0.015532,0.024694
atl,BOMB,jet_up,secondary,7,100.78,2397,0.021694,2388,0.030988,0.026456,0.035759
atl,BOMB,jet_up,secondary,8,107.6,2401,0.047897,2363,0.046128,0.037751,0.055379
atl,BOMB,jet_up,secondary,9,115.89,2400,0.065833,2504,0.070288,0.0602,0.08077
atl,BOMB,jet_up,secondary,10,128,2399,0.11213,2762,0.10246,0.094202,0.11144
atl,BOMB,trough_loc,secondary,1,,2398,0.048374,3126,0.047665,0.037926,0.05748
atl,BOMB,trough_loc,secondary,2,-31.03,2400,0.027917,2837,0.029961,0.022743,0.038854
atl,BOMB,trough_loc,secondary,3,-0.144,2399,0.028345,2624,0.032012,0.027066,0.036596
atl,BOMB,trough_loc,secondary,4,21.777,2398,0.028357,2301,0.028683,0.024728,0.03268
atl,BOMB,trough_loc,secondary,5,41.44,2400,0.030833,2183,0.038937,0.033002,0.045541
atl,BOMB,trough_loc,secondary,6,60.475,2399,0.033347,2167,0.035072,0.027556,0.042146
atl,BOMB,trough_loc,secondary,7,80.484,2399,0.033764,2180,0.030275,0.02509,0.035482
atl,BOMB,trough_loc,secondary,8,102.92,2399,0.028762,2145,0.031235,0.026527,0.036837
atl,BOMB,trough_loc,secondary,9,130.74,2399,0.027095,2161,0.029153,0.025898,0.031978
atl,BOMB,trough_loc,secondary,10,171.21,2399,0.017507,2122,0.023563,0.017507,0.030237
atl,HFON,jet_up,secondary,1,,3674,0.012793,3292,0.013366,0.0095785,0.016883
atl,HFON,jet_up,secondary,2,66.12,3677,0.0084308,3579,0.0067058,0.0047789,0.0088941
atl,HFON,jet_up,secondary,3,74.93,3677,0.010335,3617,0.0094001,0.0062419,0.01269
atl,HFON,jet_up,secondary,4,81.74,3676,0.0087051,3566,0.011217,0.0086753,0.013726
atl,HFON,jet_up,secondary,5,87.83,3676,0.010337,3745,0.011215,0.0092249,0.01353
atl,HFON,jet_up,secondary,6,93.79,3671,0.012531,3549,0.02226,0.018154,0.026135
atl,HFON,jet_up,secondary,7,99.9,3683,0.019006,3666,0.026459,0.02243,0.031399
atl,HFON,jet_up,secondary,8,106.54,3673,0.028042,3619,0.03675,0.030746,0.042949
atl,HFON,jet_up,secondary,9,114.63,3679,0.047567,3830,0.046736,0.041892,0.051188
atl,HFON,jet_up,secondary,10,126.75,3677,0.090563,4191,0.082558,0.074605,0.091879
atl,HFON,trough_loc,secondary,1,,3676,0.010881,4935,0.022087,0.017885,0.026283
atl,HFON,trough_loc,secondary,2,-34.59,3677,0.015774,4353,0.01677,0.012334,0.021841
atl,HFON,trough_loc,secondary,3,-3.576,3676,0.021219,4026,0.020616,0.01687,0.023906
atl,HFON,trough_loc,secondary,4,18.206,3676,0.01605,3621,0.018779,0.013774,0.02427
atl,HFON,trough_loc,secondary,5,37.458,3676,0.018226,3423,0.028338,0.02546,0.031289
atl,HFON,trough_loc,secondary,6,56.56,3675,0.019864,3221,0.024527,0.018833,0.029587
atl,HFON,trough_loc,secondary,7,75.51,3678,0.027189,3309,0.028105,0.023472,0.033408
atl,HFON,trough_loc,secondary,8,98.094,3676,0.02802,3311,0.035337,0.030918,0.039929
atl,HFON,trough_loc,secondary,9,125.55,3674,0.035384,3261,0.037718,0.03319,0.041956
atl,HFON,trough_loc,secondary,10,165.75,3679,0.055722,3194,0.055103,0.047416,0.063341
pac,BOMB,jet_up,secondary,1,,2647,0.00037779,2620,0,0,0
pac,BOMB,jet_up,secondary,2,65.27,2647,0.0018889,2499,0.002401,0,0.00544
pac,BOMB,jet_up,secondary,3,75.85,2648,0.0056647,2556,0.0058685,0.0035209,0.0085853
pac,BOMB,jet_up,secondary,4,84.136,2644,0.01059,2442,0.0077805,0.0056425,0.010067
pac,BOMB,jet_up,secondary,5,92.33,2649,0.014345,2653,0.011308,0.0081011,0.015012
pac,BOMB,jet_up,secondary,6,100.9,2648,0.022659,2763,0.026782,0.023641,0.030521
pac,BOMB,jet_up,secondary,7,110.26,2648,0.02719,2615,0.037094,0.031594,0.042557
pac,BOMB,jet_up,secondary,8,120.49,2645,0.062382,2581,0.056955,0.050999,0.063545
pac,BOMB,jet_up,secondary,9,132.71,2649,0.08305,2439,0.087331,0.075057,0.099064
pac,BOMB,jet_up,secondary,10,148.63,2648,0.13029,2548,0.14246,0.13108,0.15444
pac,BOMB,trough_loc,secondary,1,,2647,0.055157,3324,0.062575,0.055246,0.070885
pac,BOMB,trough_loc,secondary,2,-40.68,2648,0.040785,2995,0.045075,0.040849,0.050069
pac,BOMB,trough_loc,secondary,3,-8.866,2647,0.041934,2759,0.037695,0.03231,0.043287
pac,BOMB,trough_loc,secondary,4,13.466,2646,0.032502,2700,0.03963,0.035393,0.044662
pac,BOMB,trough_loc,secondary,5,33.29,2646,0.04006,2469,0.035237,0.030623,0.041497
pac,BOMB,trough_loc,secondary,6,52.55,2649,0.036618,2302,0.035187,0.027616,0.04317
pac,BOMB,trough_loc,secondary,7,71.58,2648,0.034366,2374,0.031592,0.024675,0.037527
pac,BOMB,trough_loc,secondary,8,93.718,2646,0.029478,2230,0.03139,0.02535,0.037339
pac,BOMB,trough_loc,secondary,9,119.87,2648,0.028323,2394,0.021721,0.018012,0.025379
pac,BOMB,trough_loc,secondary,10,158.44,2648,0.01926,2169,0.020747,0.014747,0.026645
pac,HFON,jet_up,secondary,1,,4218,0.0023708,4244,0.001885,0.000466,0.0036957
pac,HFON,jet_up,secondary,2,63.87,4211,0.00094989,3980,0.0020101,0.00074168,0.0035773
pac,HFON,jet_up,secondary,3,73.86,4227,0.0018926,3989,0.0037603,0.002075,0.0058156
pac,HFON,jet_up,secondary,4,81.93,4217,0.0061655,4063,0.003938,0.0031818,0.0049082
pac,HFON,jet_up,secondary,5,89.97,4219,0.0066366,4149,0.0038564,0.0021844,0.0053783
pac,HFON,jet_up,secondary,6,98.23,4219,0.0080588,4355,0.0091848,0.0069272,0.011586
pac,HFON,jet_up,secondary,7,107.47,4216,0.017315,4124,0.012852,0.01024,0.015804
pac,HFON,jet_up,secondary,8,117.36,4219,0.021095,4082,0.021803,0.018999,0.024761
pac,HFON,jet_up,secondary,9,129.29,4223,0.044755,4028,0.043198,0.036666,0.049923
pac,HFON,jet_up,secondary,10,145.48,4219,0.074425,3888,0.087449,0.076409,0.098265
pac,HFON,trough_loc,secondary,1,,4217,0.019682,5158,0.016673,0.014069,0.019318
pac,HFON,trough_loc,secondary,2,-43.68,4220,0.018483,4826,0.019271,0.015015,0.024231
pac,HFON,trough_loc,secondary,3,-10.93,4220,0.017062,4563,0.015998,0.013762,0.018547
pac,HFON,trough_loc,secondary,4,11.491,4217,0.014228,4226,0.017511,0.014741,0.020636
pac,HFON,trough_loc,secondary,5,31.12,4220,0.017773,4008,0.017216,0.012954,0.021562
pac,HFON,trough_loc,secondary,6,49.855,4219,0.018251,3730,0.021716,0.018537,0.024533
pac,HFON,trough_loc,secondary,7,68.602,4217,0.016837,3744,0.017361,0.013957,0.020903
pac,HFON,trough_loc,secondary,8,90.06,4218,0.018255,3608,0.018847,0.013645,0.025028
pac,HFON,trough_loc,secondary,9,116.09,4220,0.023223,3618,0.018795,0.015451,0.022414
pac,HFON,trough_loc,secondary,10,153.18,4220,0.019905,3421,0.02397,0.016449,0.031845
atl,BOMB,jet250,lead24,1,,1270,0.003937,1261,0.0063442,0.00265,0.010439
atl,BOMB,jet250,lead24,2,77.217,1270,0.0031496,1174,0.0068143,0.0031597,0.010556
atl,BOMB,jet250,lead24,3,88.449,1270,0.0031496,1140,0.0070175,0.0035587,0.010478
atl,BOMB,jet250,lead24,4,96.268,1270,0.007874,1239,0.011299,0.0055819,0.016913
atl,BOMB,jet250,lead24,5,103.4,1269,0.0078802,1222,0.010638,0.0071805,0.014383
atl,BOMB,jet250,lead24,6,109.94,1270,0.0094488,1164,0.0085911,0.00087329,0.017032
atl,BOMB,jet250,lead24,7,116.36,1270,0.017323,1323,0.017385,0.011136,0.023762
atl,BOMB,jet250,lead24,8,123.79,1270,0.01811,1217,0.027116,0.020572,0.033224
atl,BOMB,jet250,lead24,9,132.74,1270,0.030709,1323,0.030234,0.025504,0.03467
atl,BOMB,jet250,lead24,10,145.74,1270,0.059843,1455,0.070103,0.061217,0.082419
atl,BOMB,trough_up,lead24,1,,1270,0.022047,1652,0.03753,0.030103,0.045484
atl,BOMB,trough_up,lead24,2,45.116,1269,0.021277,1272,0.018082,0.012654,0.023756
atl,BOMB,trough_up,lead24,3,77.02,1271,0.0094414,1237,0.014551,0.0088873,0.020586
atl,BOMB,trough_up,lead24,4,101.92,1270,0.014173,1113,0.019766,0.0125,0.027032
atl,BOMB,trough_up,lead24,5,124.08,1269,0.013396,1181,0.016088,0.011255,0.020359
atl,BOMB,trough_up,lead24,6,145.89,1270,0.014173,1179,0.017812,0.012658,0.02275
atl,BOMB,trough_up,lead24,7,169.84,1270,0.020472,1236,0.023463,0.016034,0.03033
atl,BOMB,trough_up,lead24,8,197.22,1268,0.018139,1183,0.020287,0.015964,0.025205
atl,BOMB,trough_up,lead24,9,229.98,1272,0.017296,1210,0.019835,0.012657,0.026963
atl,BOMB,trough_up,lead24,10,274.39,1270,0.011024,1255,0.013546,0.0087276,0.01899
atl,HFON,jet250,lead24,1,,1993,0.0080281,1928,0.010892,0.0057071,0.016812
atl,HFON,jet250,lead24,2,74.464,1995,0.0035088,1826,0.0060241,0.0031127,0.0090963
atl,HFON,jet250,lead24,3,85.829,1993,0.0050176,1921,0.0078084,0.0048733,0.010651
atl,HFON,jet250,lead24,4,94.005,1994,0.0070211,1924,0.012474,0.008726,0.01691
atl,HFON,jet250,lead24,5,101.07,1994,0.0095286,1964,0.011202,0.0075823,0.014965
atl,HFON,jet250,lead24,6,107.77,1994,0.012538,1896,0.013713,0.0090176,0.018449
atl,HFON,jet250,lead24,7,114.17,1994,0.014544,1964,0.014257,0.0096523,0.019278
atl,HFON,jet250,lead24,8,121.23,1994,0.027583,1893,0.016904,0.013332,0.020834
atl,HFON,jet250,lead24,9,129.88,1994,0.042126,2099,0.042401,0.033317,0.052641
atl,HFON,jet250,lead24,10,142.32,1994,0.089268,2211,0.099502,0.091062,0.10781
atl,HFON,trough_up,lead24,1,,1994,0.018556,2528,0.026899,0.02093,0.033452
atl,HFON,trough_up,lead24,2,46.224,1994,0.013541,1980,0.020707,0.016007,0.02646
atl,HFON,trough_up,lead24,3,78.312,1994,0.010532,1969,0.017268,0.01267,0.021994
atl,HFON,trough_up,lead24,4,103.17,1993,0.012042,1765,0.01813,0.01224,0.024948
atl,HFON,trough_up,lead24,5,124.64,1993,0.015053,1887,0.020138,0.016485,0.023911
atl,HFON,trough_up,lead24,6,146.61,1995,0.015038,1870,0.025668,0.020596,0.03105
atl,HFON,trough_up,lead24,7,169.5,1993,0.021576,1876,0.023454,0.019451,0.026987
atl,HFON,trough_up,lead24,8,194.68,1995,0.032581,1874,0.01921,0.015082,0.023244
atl,HFON,trough_up,lead24,9,225.99,1993,0.033116,1943,0.029336,0.025588,0.033073
atl,HFON,trough_up,lead24,10,268.72,1995,0.047118,1934,0.046536,0.041297,0.051474
pac,BOMB,jet250,lead24,1,,1404,0.0021368,1298,0.0030817,0.0014045,0.0053892
pac,BOMB,jet250,lead24,2,70.374,1404,0.0021368,1312,0.0022866,0.00072725,0.004073
pac,BOMB,jet250,lead24,3,86.251,1404,0.0035613,1354,0.00073855,0,0.0021999
pac,BOMB,jet250,lead24,4,97.748,1404,0.0035613,1325,0.005283,0.0029428,0.0077095
pac,BOMB,jet250,lead24,5,107.93,1404,0.0078348,1460,0.0047945,0.0027187,0.0072896
pac,BOMB,jet250,lead24,6,117.24,1404,0.008547,1433,0.014655,0.0083055,0.0206
pac,BOMB,jet250,lead24,7,126.52,1404,0.018519,1375,0.015273,0.010301,0.021127
pac,BOMB,jet250,lead24,8,136.34,1403,0.019957,1341,0.02088,0.016188,0.025798
pac,BOMB,jet250,lead24,9,147.2,1405,0.034875,1396,0.040831,0.030456,0.051171
pac,BOMB,jet250,lead24,10,162.49,1404,0.059829,1313,0.068545,0.056508,0.080411
pac,BOMB,trough_up,lead24,1,,1404,0.032764,1844,0.033623,0.025595,0.041259
pac,BOMB,trough_up,lead24,2,36.739,1404,0.024929,1469,0.019741,0.013614,0.025846
pac,BOMB,trough_up,lead24,3,66.798,1403,0.014255,1446,0.019364,0.013677,0.02489
pac,BOMB,trough_up,lead24,4,91.04,1405,0.017082,1354,0.016248,0.012711,0.020477
pac,BOMB,trough_up,lead24,5,113.98,1403,0.02067,1332,0.01952,0.015797,0.023421
pac,BOMB,trough_up,lead24,6,136.6,1405,0.01637,1239,0.018563,0.011238,0.025432
pac,BOMB,trough_up,lead24,7,158.66,1404,0.010684,1199,0.010842,0.0041492,0.018074
pac,BOMB,trough_up,lead24,8,182.44,1403,0.0099786,1314,0.015221,0.010761,0.019127
pac,BOMB,trough_up,lead24,9,210.53,1405,0.0085409,1256,0.0079618,0.0039216,0.011541
pac,BOMB,trough_up,lead24,10,249.56,1404,0.005698,1154,0.0051993,0.0024487,0.00855
pac,HFON,jet250,lead24,1,,2339,0.0059855,2199,0.0031833,0.00045658,0.00584
pac,HFON,jet250,lead24,2,66.303,2338,0.00085543,2185,0.0018307,0.00044504,0.00363
pac,HFON,jet250,lead24,3,81.119,2338,0.00085543,2188,0.0022852,0.00046421,0.0042557
pac,HFON,jet250,lead24,4,92.035,2339,0.0038478,2246,0.00044524,0,0.0013021
pac,HFON,jet250,lead24,5,101.85,2338,0.0025663,2344,0.0017065,0.0004474,0.0028623
pac,HFON,jet250,lead24,6,111.17,2338,0.005988,2320,0.0056034,0.002685,0.0090922
pac,HFON,jet250,lead24,7,120.41,2339,0.0081231,2362,0.0076207,0.0053624,0.010123
pac,HFON,jet250,lead24,8,130.26,2338,0.019675,2276,0.014499,0.0081782,0.02216
pac,HFON,jet250,lead24,9,141.39,2338,0.02438,2264,0.027827,0.019981,0.035668
pac,HFON,jet250,lead24,10,156.52,2339,0.066268,2138,0.075772,0.065481,0.086543
pac,HFON,trough_up,lead24,1,,2339,0.021804,2983,0.025478,0.019963,0.030292
pac,HFON,trough_up,lead24,2,38.999,2338,0.016681,2411,0.010369,0.005729,0.015819
pac,HFON,trough_up,lead24,3,68.536,2338,0.012404,2341,0.011961,0.0090125,0.015116
pac,HFON,trough_up,lead24,4,92.669,2339,0.014964,2260,0.010177,0.0072467,0.012584
pac,HFON,trough_up,lead24,5,115.03,2336,0.013699,2173,0.015647,0.011436,0.020106
pac,HFON,trough_up,lead24,6,136.59,2340,0.013248,2131,0.016893,0.012128,0.022469
pac,HFON,trough_up,lead24,7,158.59,2337,0.014121,2024,0.010375,0.0058558,0.014418
pac,HFON,trough_up,lead24,8,182.11,2340,0.0094017,2176,0.012868,0.009197,0.01712
pac,HFON,trough_up,lead24,9,209.99,2338,0.011976,2121,0.010844,0.0068958,0.014849
pac,HFON,trough_up,lead24,10,249.04,2339,0.010261,1902,0.0084122,0.0041274,0.013875
atl,BOMB,jet250,octapr,1,,1359,0.00073584,1337,0.0022438,0.00072127,0.0043105
atl,BOMB,jet250,octapr,2,75.136,1358,0.0036819,1304,0.00076687,0,0.0021166
atl,BOMB,jet250,octapr,3,88.702,1359,0.0051508,1366,0.0073206,0.003782,0.011019
atl,BOMB,jet250,octapr,4,98.386,1358,0.016937,1297,0.016962,0.011265,0.024846
atl,BOMB,jet250,octapr,5,106.42,1358,0.018409,1289,0.026377,0.017184,0.036291
atl,BOMB,jet250,octapr,6,113.57,1359,0.031641,1365,0.034432,0.027454,0.041165
atl,BOMB,jet250,octapr,7,121.22,1358,0.061856,1270,0.038583,0.028481,0.049169
atl,BOMB,jet250,octapr,8,129.23,1359,0.077999,1403,0.071989,0.058395,0.08535
atl,BOMB,jet250,octapr,9,139.12,1357,0.11422,1457,0.11187,0.10142,0.12535
atl,BOMB,jet250,octapr,10,152.38,1360,0.15956,1571,0.1846,0.1685,0.20151
atl,BOMB,trough_up,octapr,1,,1359,0.038263,1590,0.061006,0.050939,0.072387
atl,BOMB,trough_up,octapr,2,60.074,1358,0.048601,1414,0.057284,0.047914,0.06853
atl,BOMB,trough_up,octapr,3,100.98,1359,0.042678,1339,0.053771,0.043543,0.065492
atl,BOMB,trough_up,octapr,4,130.77,1358,0.054492,1332,0.042042,0.029103,0.056137
atl,BOMB,trough_up,octapr,5,155.24,1358,0.049337,1399,0.05361,0.042926,0.064541
atl,BOMB,trough_up,octapr,6,179.84,1359,0.048565,1328,0.045934,0.039469,0.052634
atl,BOMB,trough_up,octapr,7,204.87,1357,0.053058,1342,0.040984,0.030019,0.051469
atl,BOMB,trough_up,octapr,8,231.21,1360,0.055882,1350,0.052593,0.044613,0.060586
atl,BOMB,trough_up,octapr,9,262.21,1358,0.046392,1198,0.053422,0.042252,0.063697
atl,BOMB,trough_up,octapr,10,301.45,1359,0.05298,1367,0.064375,0.052199,0.077771
atl,HFON,jet250,octapr,1,,2067,0.01016,2062,0.0096993,0.0064631,0.012989
atl,HFON,jet250,octapr,2,73.483,2066,0.012585,1964,0.011711,0.0087535,0.014724
atl,HFON,jet250,octapr,3,86.883,2066,0.019845,2025,0.017284,0.010643,0.024052
atl,HFON,jet250,octapr,4,96.406,2067,0.016449,1926,0.025441,0.020066,0.030754
atl,HFON,jet250,octapr,5,104.38,2066,0.026137,2012,0.020875,0.017387,0.025018
atl,HFON,jet250,octapr,6,111.67,2066,0.027106,2092,0.026769,0.019157,0.035326
atl,HFON,jet250,octapr,7,119.25,2066,0.03969,1942,0.047889,0.042042,0.05625
atl,HFON,jet250,octapr,8,127.18,2067,0.05612,2077,0.043813,0.034313,0.052835
atl,HFON,jet250,octapr,9,137.06,2066,0.078896,2272,0.082746,0.073891,0.091473
atl,HFON,jet250,octapr,10,150.8,2067,0.12337,2341,0.14652,0.13442,0.16079
atl,HFON,trough_up,octapr,1,,2067,0.019836,2439,0.03034,0.024437,0.036932
atl,HFON,trough_up,octapr,2,56.458,2065,0.021792,2156,0.034787,0.030377,0.039474
atl,HFON,trough_up,octapr,3,96.18,2067,0.016933,2084,0.035029,0.028671,0.042312
atl,HFON,trough_up,octapr,4,126.18,2067,0.030479,1968,0.034553,0.028419,0.040992
atl,HFON,trough_up,octapr,5,150.84,2066,0.031946,2043,0.036221,0.026037,0.0475
atl,HFON,trough_up,octapr,6,174.87,2066,0.035818,2081,0.038443,0.031036,0.045144
atl,HFON,trough_up,octapr,7,200,2067,0.046444,2008,0.036853,0.028781,0.046013
atl,HFON,trough_up,octapr,8,226.69,2066,0.047435,2054,0.045278,0.038788,0.053145
atl,HFON,trough_up,octapr,9,257.61,2066,0.065828,1815,0.061157,0.051954,0.070194
atl,HFON,trough_up,octapr,10,298.05,2067,0.093856,2065,0.10557,0.091621,0.12068
pac,BOMB,jet250,octapr,1,,1509,0.00066269,1362,0,0,0
pac,BOMB,jet250,octapr,2,67.947,1508,0.0033156,1503,0,0,0
pac,BOMB,jet250,octapr,3,86.381,1508,0.0046419,1521,0.0039448,0.0019053,0.0062778
pac,BOMB,jet250,octapr,4,100.04,1508,0.015915,1593,0.010672,0.0065126,0.016282
pac,BOMB,jet250,octapr,5,111.73,1508,0.025199,1477,0.028436,0.023548,0.034235
pac,BOMB,jet250,octapr,6,121.62,1508,0.04244,1531,0.045722,0.038031,0.05426
pac,BOMB,jet250,octapr,7,131.75,1508,0.062997,1452,0.072314,0.062224,0.08272
pac,BOMB,jet250,octapr,8,141.66,1508,0.10279,1422,0.094937,0.084767,0.1053
pac,BOMB,jet250,octapr,9,152.61,1508,0.13926,1352,0.14645,0.12945,0.16395
pac,BOMB,jet250,octapr,10,167.3,1509,0.18357,1401,0.23198,0.21228,0.25091
pac,BOMB,trough_up,octapr,1,,1509,0.079523,1808,0.083518,0.065774,0.10315
pac,BOMB,trough_up,octapr,2,54.901,1508,0.059682,1423,0.076599,0.067454,0.088385
pac,BOMB,trough_up,octapr,3,88.386,1508,0.057029,1496,0.063503,0.054156,0.07206
pac,BOMB,trough_up,octapr,4,115.51,1508,0.069629,1485,0.056566,0.046547,0.066855
pac,BOMB,trough_up,octapr,5,138.68,1507,0.052422,1503,0.063872,0.054591,0.073319
pac,BOMB,trough_up,octapr,6,160.48,1508,0.060345,1447,0.058742,0.0513,0.066715
pac,BOMB,trough_up,octapr,7,182.43,1509,0.064281,1465,0.049147,0.040718,0.058157
pac,BOMB,trough_up,octapr,8,206.36,1508,0.045756,1338,0.049327,0.037898,0.060035
pac,BOMB,trough_up,octapr,9,232.8,1508,0.047745,1369,0.046749,0.035799,0.059851
pac,BOMB,trough_up,octapr,10,270.56,1509,0.0444,1280,0.059375,0.047493,0.071065
pac,HFON,jet250,octapr,1,,2380,0,2201,0.00045434,0,0.0013236
pac,HFON,jet250,octapr,2,64.299,2380,0.00084034,2342,0.00042699,0,0.001217
pac,HFON,jet250,octapr,3,81.36,2379,0.0033628,2335,0.0021413,0.00089422,0.0034207
pac,HFON,jet250,octapr,4,94.531,2380,0.0046218,2395,0.006263,0.0041428,0.0084422
pac,HFON,jet250,octapr,5,106.23,2379,0.013031,2403,0.011652,0.0085905,0.014781
pac,HFON,jet250,octapr,6,116.66,2380,0.02479,2332,0.019726,0.013394,0.025683
pac,HFON,jet250,octapr,7,126.89,2380,0.037815,2321,0.028436,0.023899,0.033504
pac,HFON,jet250,octapr,8,137.32,2379,0.051702,2237,0.042915,0.034651,0.050552
pac,HFON,jet250,octapr,9,148.82,2379,0.071879,2232,0.075269,0.0641,0.086854
pac,HFON,jet250,octapr,10,164.23,2381,0.1008,2147,0.13321,0.11044,0.15686
pac,HFON,trough_up,octapr,1,,2380,0.039916,2791,0.038338,0.029283,0.050289
pac,HFON,trough_up,octapr,2,54.366,2379,0.029844,2323,0.033147,0.028664,0.038137
pac,HFON,trough_up,octapr,3,88.6,2380,0.022269,2362,0.033023,0.02637,0.039127
pac,HFON,trough_up,octapr,4,115.38,2379,0.028583,2315,0.029374,0.022766,0.035238
pac,HFON,trough_up,octapr,5,138.45,2380,0.032353,2399,0.02501,0.018974,0.031733
pac,HFON,trough_up,octapr,6,160.44,2379,0.028163,2305,0.027766,0.020352,0.035783
pac,HFON,trough_up,octapr,7,182.08,2381,0.033179,2272,0.027289,0.021968,0.032687
pac,HFON,trough_up,octapr,8,205.68,2378,0.032801,2122,0.029689,0.024839,0.034434
pac,HFON,trough_up,octapr,9,232.93,2381,0.030659,2090,0.030622,0.0235,0.037556
pac,HFON,trough_up,octapr,10,271.21,2380,0.031092,1966,0.035097,0.029373,0.041469
atl,BOMB,jet250,unadjusted,1,,2399,0.00041684,2377,0.0021035,0.00089522,0.003177
atl,BOMB,jet250,unadjusted,2,73.648,2398,0.0016681,2247,0.00089008,0,0.0018003
atl,BOMB,jet250,unadjusted,3,85.407,2400,0.0016667,2295,0.0030501,0.0012456,0.004962
atl,BOMB,jet250,unadjusted,4,93.76,2399,0.0066694,2338,0.0064157,0.0038784,0.0093508
atl,BOMB,jet250,unadjusted,5,100.97,2397,0.010847,2392,0.01296,0.0092013,0.017151
atl,BOMB,jet250,unadjusted,6,107.91,2401,0.0099958,2261,0.01548,0.011266,0.020027
atl,BOMB,jet250,unadjusted,7,114.51,2399,0.022093,2428,0.023064,0.019239,0.026667
atl,BOMB,jet250,unadjusted,8,122,2399,0.049604,2305,0.032104,0.024708,0.039285
atl,BOMB,jet250,unadjusted,9,131.14,2399,0.065444,2506,0.062251,0.054442,0.069402
atl,BOMB,jet250,unadjusted,10,144.07,2399,0.13589,2697,0.15202,0.13874,0.16537
atl,BOMB,trough_up,unadjusted,1,,2399,0.022093,3050,0.028525,0.022716,0.035071
atl,BOMB,trough_up,unadjusted,2,48.118,2399,0.022926,2361,0.027954,0.023375,0.033376
atl,BOMB,trough_up,unadjusted,3,80.778,2399,0.019591,2396,0.028798,0.023092,0.034996
atl,BOMB,trough_up,unadjusted,4,107.04,2399,0.020425,2225,0.026067,0.020925,0.031762
atl,BOMB,trough_up,unadjusted,5,129.69,2399,0.03168,2310,0.026407,0.020314,0.032731
atl,BOMB,trough_up,unadjusted,6,152.38,2398,0.029191,2233,0.032691,0.026754,0.039683
atl,BOMB,trough_up,unadjusted,7,175.81,2400,0.030417,2287,0.031482,0.027601,0.034862
atl,BOMB,trough_up,unadjusted,8,202.49,2399,0.041267,2314,0.032411,0.025041,0.039742
atl,BOMB,trough_up,unadjusted,9,234.08,2399,0.040434,2294,0.038361,0.033515,0.043379
atl,BOMB,trough_up,unadjusted,10,277.82,2399,0.046269,2376,0.059764,0.052017,0.068592
atl,HFON,jet250,unadjusted,1,,3677,0.0076149,3588,0.0083612,0.0060244,0.010533
atl,HFON,jet250,unadjusted,2,72.133,3676,0.007617,3591,0.0075188,0.0055973,0.0097762
atl,HFON,jet250,unadjusted,3,83.917,3675,0.0089796,3528,0.0056689,0.0043894,0.0068198
atl,HFON,jet250,unadjusted,4,92.362,3677,0.0095186,3539,0.014976,0.012011,0.018071
atl,HFON,jet250,unadjusted,5,99.581,3676,0.010609,3550,0.010986,0.0080753,0.014086
atl,HFON,jet250,unadjusted,6,106.35,3676,0.015234,3689,0.015451,0.011675,0.019436
atl,HFON,jet250,unadjusted,7,113.19,3676,0.016322,3696,0.018128,0.015665,0.020572
atl,HFON,jet250,unadjusted,8,120.69,3677,0.028012,3529,0.02692,0.023789,0.031144
atl,HFON,jet250,unadjusted,9,129.64,3673,0.045739,3835,0.045372,0.040286,0.051404
atl,HFON,jet250,unadjusted,10,142.84,3680,0.098641,4109,0.11098,0.10311,0.11909
atl,HFON,trough_up,unadjusted,1,,3677,0.01523,4733,0.017325,0.014745,0.020001
atl,HFON,trough_up,unadjusted,2,46.714,3675,0.01034,3744,0.015224,0.01125,0.019499
atl,HFON,trough_up,unadjusted,3,78.82,3677,0.0078869,3719,0.018016,0.015113,0.021205
atl,HFON,trough_up,unadjusted,4,104.42,3676,0.0095212,3468,0.017013,0.013868,0.020197
atl,HFON,trough_up,unadjusted,5,127.28,3676,0.01605,3462,0.019931,0.01518,0.024704
atl,HFON,trough_up,unadjusted,6,149.77,3677,0.020669,3429,0.023039,0.016776,0.029681
atl,HFON,trough_up,unadjusted,7,173.13,3675,0.021224,3426,0.024227,0.02035,0.027807
atl,HFON,trough_up,unadjusted,8,199.04,3676,0.031828,3470,0.027666,0.021494,0.034114
atl,HFON,trough_up,unadjusted,9,230.53,3675,0.040544,3619,0.033711,0.03065,0.037578
atl,HFON,trough_up,unadjusted,10,274.68,3679,0.07502,3584,0.084821,0.073789,0.095508
pac,BOMB,jet250,unadjusted,1,,2648,0.00037764,2497,0.00040048,0,0.0012039
pac,BOMB,jet250,unadjusted,2,65.67,2647,0.0015111,2529,0.0011862,0,0.0035116
pac,BOMB,jet250,unadjusted,3,80.251,2647,0.0026445,2456,0.0012215,0.00039321,0.0024621
pac,BOMB,jet250,unadjusted,4,91.263,2647,0.0015111,2639,0.0030315,0.0011643,0.0051316
pac,BOMB,jet250,unadjusted,5,101.45,2647,0.0094447,2638,0.0060652,0.0034804,0.0089701
pac,BOMB,jet250,unadjusted,6,110.99,2647,0.015111,2673,0.017957,0.014601,0.021193
pac,BOMB,jet250,unadjusted,7,120.49,2648,0.030967,2673,0.029929,0.025763,0.034155
pac,BOMB,jet250,unadjusted,8,130.65,2647,0.044957,2588,0.050232,0.043667,0.058227
pac,BOMB,jet250,unadjusted,9,142.14,2647,0.091046,2555,0.0818,0.074759,0.088511
pac,BOMB,jet250,unadjusted,10,157.88,2648,0.16088,2468,0.18882,0.173,0.20707
pac,BOMB,trough_up,unadjusted,1,,2648,0.037764,3374,0.037048,0.028047,0.047061
pac,BOMB,trough_up,unadjusted,2,39.576,2647,0.027201,2761,0.032235,0.026463,0.037929
pac,BOMB,trough_up,unadjusted,3,69.682,2647,0.028334,2710,0.033579,0.02929,0.039138
pac,BOMB,trough_up,unadjusted,4,94.386,2646,0.027967,2552,0.037618,0.032126,0.043374
pac,BOMB,trough_up,unadjusted,5,116.93,2648,0.040785,2451,0.033048,0.026752,0.03914
pac,BOMB,trough_up,unadjusted,6,138.39,2647,0.034379,2400,0.042917,0.036425,0.050519
pac,BOMB,trough_up,unadjusted,7,160.46,2647,0.04269,2379,0.039092,0.033317,0.043786
pac,BOMB,trough_up,unadjusted,8,184.47,2648,0.041163,2488,0.039791,0.032113,0.046996
pac,BOMB,trough_up,unadjusted,9,212.92,2647,0.03929,2407,0.033652,0.027429,0.039248
pac,BOMB,trough_up,unadjusted,10,252.44,2648,0.038897,2194,0.048314,0.040291,0.056421
pac,HFON,jet250,unadjusted,1,,4219,0.0014221,4127,0.0021808,0.00073412,0.0038246
pac,HFON,jet250,unadjusted,2,63.932,4219,0.00094809,3971,0.0012591,0.00053893,0.0019044
pac,HFON,jet250,unadjusted,3,77.626,4218,0.0026079,4040,0.0019802,0.00074099,0.0037132
pac,HFON,jet250,unadjusted,4,88.316,4217,0.0018971,4061,0.0022162,0.0012199,0.0033331
pac,HFON,jet250,unadjusted,5,97.924,4218,0.0035562,4058,0.00345,0.0024435,0.0043898
pac,HFON,jet250,unadjusted,6,107.3,4222,0.0068688,4242,0.0073079,0.0053025,0.0093285
pac,HFON,jet250,unadjusted,7,116.81,4218,0.014462,4232,0.013469,0.0091746,0.017849
pac,HFON,jet250,unadjusted,8,127.11,4219,0.02631,4120,0.019175,0.015701,0.022811
pac,HFON,jet250,unadjusted,9,138.87,4219,0.042427,4166,0.037446,0.03007,0.04473
pac,HFON,jet250,unadjusted,10,154.97,4219,0.083195,3885,0.10064,0.08813,0.11394
pac,HFON,trough_up,unadjusted,1,,4218,0.019203,5230,0.01912,0.013703,0.025534
pac,HFON,trough_up,unadjusted,2,38.41,4218,0.015173,4314,0.015067,0.012117,0.018307
pac,HFON,trough_up,unadjusted,3,68.61,4221,0.012082,4432,0.015117,0.012853,0.01725
pac,HFON,trough_up,unadjusted,4,93.692,4218,0.011617,4102,0.016577,0.012593,0.020069
pac,HFON,trough_up,unadjusted,5,116.11,4217,0.015651,3892,0.015673,0.012628,0.018489
pac,HFON,trough_up,unadjusted,6,137.51,4220,0.019194,3893,0.016183,0.012159,0.020586
pac,HFON,trough_up,unadjusted,7,159.81,4219,0.016829,3776,0.018273,0.013253,0.023817
pac,HFON,trough_up,unadjusted,8,183.3,4216,0.021822,3972,0.019889,0.016292,0.023363
pac,HFON,trough_up,unadjusted,9,212.1,4222,0.025817,3852,0.020768,0.017356,0.023782
pac,HFON,trough_up,unadjusted,10,252.48,4219,0.02631,3439,0.031114,0.025718,0.03705
atl,BOMB,trough_up_eddy,eddy,1,,2398,0.01543,2269,0.021595,0.016135,0.02777
atl,BOMB,trough_up_eddy,eddy,2,44.13,2400,0.015833,2282,0.022787,0.018705,0.027609
atl,BOMB,trough_up_eddy,eddy,3,79.146,2396,0.01419,2142,0.018674,0.012853,0.025842
atl,BOMB,trough_up_eddy,eddy,4,104.4,2399,0.01709,2118,0.021246,0.016876,0.026026
atl,BOMB,trough_up_eddy,eddy,5,128.27,2402,0.027893,2224,0.026529,0.01947,0.034516
atl,BOMB,trough_up_eddy,eddy,6,151.06,2398,0.025438,2421,0.030153,0.024946,0.035522
atl,BOMB,trough_up_eddy,eddy,7,175.35,2400,0.034167,2387,0.032258,0.027506,0.037585
atl,BOMB,trough_up_eddy,eddy,8,201.51,2399,0.033347,2668,0.03036,0.026393,0.033995
atl,BOMB,trough_up_eddy,eddy,9,235.78,2399,0.04877,2622,0.046148,0.039959,0.051612
atl,BOMB,trough_up_eddy,eddy,10,284.7,2399,0.072113,2713,0.071508,0.064805,0.079817
atl,HFON,trough_up_eddy,eddy,1,,3677,0.013598,3540,0.019209,0.014605,0.024267
atl,HFON,trough_up_eddy,eddy,2,42.962,3675,0.0068027,3506,0.012265,0.0095111,0.014989
atl,HFON,trough_up_eddy,eddy,3,77.8,3677,0.0078869,3463,0.0089518,0.0065462,0.010993
atl,HFON,trough_up_eddy,eddy,4,103.4,3676,0.0095212,3304,0.012712,0.0093758,0.016776
atl,HFON,trough_up_eddy,eddy,5,127.22,3675,0.011973,3419,0.016087,0.010608,0.021901
atl,HFON,trough_up_eddy,eddy,6,149.95,3676,0.01469,3745,0.019226,0.014137,0.024266
atl,HFON,trough_up_eddy,eddy,7,174.29,3676,0.021763,3618,0.020453,0.016925,0.02401
atl,HFON,trough_up_eddy,eddy,8,200.31,3678,0.028548,3913,0.027089,0.024318,0.030592
atl,HFON,trough_up_eddy,eddy,9,234.06,3676,0.048966,3982,0.045957,0.039602,0.051544
atl,HFON,trough_up_eddy,eddy,10,282.95,3677,0.08458,4164,0.082613,0.077039,0.088178
pac,BOMB,trough_up_eddy,eddy,1,,2648,0.012462,2486,0.0088496,0.0056077,0.012282
pac,BOMB,trough_up_eddy,eddy,2,70.956,2647,0.013223,2664,0.013889,0.0096511,0.018199
pac,BOMB,trough_up_eddy,eddy,3,107.01,2647,0.013978,2361,0.017789,0.013675,0.022012
pac,BOMB,trough_up_eddy,eddy,4,136.13,2647,0.027201,2585,0.017021,0.012392,0.02187
pac,BOMB,trough_up_eddy,eddy,5,165.04,2647,0.026067,2696,0.025964,0.023059,0.028354
pac,BOMB,trough_up_eddy,eddy,6,193.95,2648,0.042674,2601,0.031911,0.026903,0.037588
pac,BOMB,trough_up_eddy,eddy,7,223.62,2647,0.04269,2592,0.04321,0.037369,0.049433
pac,BOMB,trough_up_eddy,eddy,8,254.36,2647,0.040801,2360,0.05339,0.046461,0.059869
pac,BOMB,trough_up_eddy,eddy,9,287.81,2647,0.059312,2590,0.071429,0.063447,0.078281
pac,BOMB,trough_up_eddy,eddy,10,335.62,2648,0.08006,2781,0.087379,0.077254,0.096515
pac,HFON,trough_up_eddy,eddy,1,,4216,0.0080645,4005,0.0077403,0.0041363,0.012087
pac,HFON,trough_up_eddy,eddy,2,69.79,4222,0.0059214,4091,0.0073332,0.0049141,0.010191
pac,HFON,trough_up_eddy,eddy,3,104.39,4219,0.0085328,3876,0.0074819,0.0059986,0.0090963
pac,HFON,trough_up_eddy,eddy,4,133.6,4218,0.011617,4059,0.007391,0.005333,0.0096736
pac,HFON,trough_up_eddy,eddy,5,161.32,4218,0.0082978,4144,0.010376,0.008045,0.012413
pac,HFON,trough_up_eddy,eddy,6,189.05,4220,0.013981,4212,0.011396,0.0093492,0.013602
pac,HFON,trough_up_eddy,eddy,7,218.78,4217,0.019919,4130,0.018886,0.014417,0.023088
pac,HFON,trough_up_eddy,eddy,8,250.14,4220,0.021801,3835,0.026076,0.021998,0.030152
pac,HFON,trough_up_eddy,eddy,9,283.49,4218,0.034376,4152,0.036609,0.029727,0.044139
pac,HFON,trough_up_eddy,eddy,10,331.28,4220,0.051185,4398,0.049568,0.04281,0.057097
