winter,days,n,basin,hf
1979,89,35,163,10
1980,88,36,196,9
1981,88,30,177,7
1982,88,23,168,7
1983,89,34,162,12
1984,88,25,147,8
1985,88,37,187,14
1986,88,16,148,10
1987,89,27,170,13
1988,88,24,156,3
1989,88,21,139,9
1990,88,29,168,8
1991,89,31,173,13
1992,88,22,156,6
1993,88,22,152,11
1994,88,37,193,15
1995,89,23,158,10
1996,88,27,157,11
1997,88,32,169,14
1998,88,33,166,10
1999,89,32,161,14
2000,88,23,173,13
2001,88,28,160,11
2002,88,34,158,15
2003,89,21,169,4
2004,88,32,166,13
2005,88,28,166,11
2006,88,24,167,9
2007,89,34,172,19
2008,88,26,142,8
2009,88,33,187,12
2010,88,31,156,11
2011,89,32,177,10
2012,88,30,170,15
2013,88,27,161,6
2014,88,21,156,10
2015,89,25,160,12
2016,88,29,163,10
2017,88,22,158,6
2018,88,27,173,13
2019,89,26,157,10
2020,88,26,158,12
2021,88,35,158,18
2022,88,24,173,13
2023,89,30,172,12
2024,88,25,156,13
2025,88,32,170,9
