cp_minus_ep,emi_slope,lat0,lon0
0.0,0.0,20,110
0.0,0.0,20,115
-0.1111111111111111,-0.1544083621198075,20,120
0.0,-0.045712907266412334,20,125
-0.19444444444444442,-0.24515138304508083,20,130
0.25,0.003409673312455324,20,135
-0.2222222222222222,0.06761952846954888,20,140
0.1388888888888889,0.062245394761011576,20,145
0.0,0.004184307009943527,20,150
0.3888888888888889,0.001459963764249277,20,155
0.25,0.1376693701113276,20,160
0.0,-0.03414077087112132,20,165
0.0,0.031018387031883143,20,170
0.0,-0.09201499689935348,20,175
0.0,0.049543136801494525,20,180
0.0,-0.004848354201244664,20,185
0.0,0.0,25,110
0.0,0.0,25,115
-0.4444444444444444,-0.1166890245742772,25,120
-0.3055555555555556,0.0052743834169285886,25,125
-0.05555555555555558,-0.04099989460034285,25,130
-0.16666666666666663,0.014339476113530864,25,135
0.05555555555555558,-0.14904518623421764,25,140
-0.5555555555555556,-0.13061677281728093,25,145
0.02777777777777779,-0.11356166930535833,25,150
0.02777777777777779,-0.19363594096113018,25,155
-0.2222222222222222,-0.18387647826731307,25,160
0.02777777777777779,0.018874625656095125,25,165
0.1388888888888889,-0.12976487471725032,25,170
0.0,-0.02955598883657006,25,175
-0.1111111111111111,0.0713862978538989,25,180
-0.19444444444444442,0.16289376489183088,25,185
0.0,0.0,30,110
0.0,0.0,30,115
-0.08333333333333331,-0.012672992971285057,30,120
-0.9722222222222223,-0.00013424715741157552,30,125
1.3611111111111112,-0.29470363329632593,30,130
0.13888888888888884,0.14347322662198053,30,135
-0.02777777777777768,-0.2751506030460138,30,140
0.8888888888888888,0.28358798582950445,30,145
0.05555555555555558,-0.12574599260539207,30,150
-0.3055555555555556,0.15286229666903137,30,155
-0.02777777777777779,0.07478351572210608,30,160
-0.16666666666666663,0.1916314607602541,30,165
-0.4444444444444444,0.01657203274868545,30,170
-0.08333333333333331,0.18643057665723223,30,175
-0.4444444444444444,-0.15414078877739248,30,180
-0.05555555555555558,-0.07746841819647043,30,185
0.0,0.0,35,110
0.0,0.01411411577562339,35,115
-0.1111111111111111,0.11252566180017685,35,120
0.02777777777777779,0.14069198371091732,35,125
-0.6388888888888888,-0.3800798922468686,35,130
-0.6111111111111112,-0.13462221956631773,35,135
1.0555555555555554,0.46300956291486,35,140
0.30555555555555536,-0.1999243656801223,35,145
1.1666666666666665,0.25702530723148215,35,150
-0.8888888888888888,0.0063888412757211665,35,155
-0.36111111111111116,0.03270520893022948,35,160
1.25,-0.11684321858240981,35,165
-0.5555555555555556,0.06255087131033521,35,170
-0.22222222222222232,-0.22466752274105473,35,175
0.08333333333333326,0.1298264160095333,35,180
0.5,-0.3318220326844382,35,185
0.0,0.0,40,110
0.0,0.0,40,115
0.0,0.0,40,120
0.0,0.08977955593579798,40,125
0.0,0.07226006083062603,40,130
0.36111111111111116,0.07645422206454126,40,135
-0.08333333333333326,0.27327019304109235,40,140
0.36111111111111116,-0.15481202780485098,40,145
-1.7222222222222223,-0.16092812699497533,40,150
1.8611111111111112,0.1334543291784051,40,155
-0.5277777777777777,-0.026769777200692017,40,160
0.08333333333333326,0.1900555847489039,40,165
-0.3055555555555556,-0.09933830625332382,40,170
0.8888888888888888,-0.16524160409613817,40,175
0.05555555555555558,-0.20317869172620565,40,180
0.0,0.05194309771541959,40,185
0.0,0.0,45,110
0.0,0.0,45,115
0.0,0.0,45,120
0.0,0.0,45,125
0.0,0.0,45,130
-0.05555555555555558,-0.04931168847961053,45,135
-0.75,-0.2359447295980607,45,140
-0.22222222222222232,-0.11077057891519058,45,145
0.11111111111111116,0.11690211623716101,45,150
-0.9444444444444444,-0.31367459917399954,45,155
-1.0,0.0035411318125799186,45,160
0.4722222222222222,-0.06681482300766672,45,165
1.1111111111111112,0.20298325145196333,45,170
0.33333333333333337,-0.2003511970876069,45,175
-0.6111111111111112,-0.3626134042117286,45,180
0.5277777777777777,0.1611522180951367,45,185
0.0,0.0,50,110
0.0,0.0,50,115
0.0,0.0,50,120
0.0,0.0,50,125
0.0,0.0,50,130
0.0,0.0,50,135
0.75,0.05949244662843718,50,140
-1.0833333333333333,-0.0417668343001766,50,145
-0.3333333333333335,0.12443727916867449,50,150
0.5,-0.0488029650114243,50,155
-0.19444444444444464,0.4879256269378905,50,160
0.4722222222222223,-0.13615399349138388,50,165
-0.6944444444444444,-0.30554088947391966,50,170
-0.8888888888888888,-0.25356368164367693,50,175
0.0,-0.10721030021630953,50,180
-0.8055555555555556,-0.21148874802667697,50,185
