time,STAB,n_stab_pts,n_stab_total,GBI
2004110800,0.544,2592,2618,5193.46
2004110900,1.778,2592,2618,5192.05
2004111000,1.983,2592,2618,5156.17
2004111112,5.221,2592,2618,5138.7
2004112000,3.822,2592,2618,5346.27
2004112300,2.479,2592,2618,5255.63
2004112412,2.92,2592,2618,5277.5
2004112512,1.61,2592,2618,5270.08
2004113000,3.751,2592,2618,5210.58
2004120200,1.577,2592,2618,5057.34
2004120612,2.656,2592,2618,5105.38
2004121012,4.193,2592,2618,5094.89
2004121112,3.739,2592,2618,5146.72
2004121612,6.197,2592,2618,4979.12
2004121700,6.577,2592,2618,4982.41
2004122212,10.802,2592,2618,5054.36
2004122300,11.113,2592,2618,5068.24
2004122312,10.356,2592,2618,5078.46
2004122400,8.635,2592,2618,5100.27
2004122712,6.106,2592,2618,4892.93
2004122900,5.082,2592,2618,4898.15
2004122912,4.172,2592,2618,4876.71
2004123000,4.867,2592,2618,4902.11
2005010312,4.652,2592,2618,5020.97
2005010400,4.008,2592,2618,4985.66
2005010412,3.955,2592,2618,4988.52
2005010500,3.596,2592,2618,4998.8
2005010812,4.546,2592,2618,5034.37
2005011012,5.425,2592,2618,5011.01
2005011112,6.194,2592,2618,5052.12
2005011512,2.026,2592,2618,5010.44
2005011612,3.431,2592,2618,4905.54
2005011700,3.796,2592,2618,4930.22
2005011712,3.079,2592,2618,4995.79
2005011912,3.792,2592,2618,5010.79
2005020312,3.915,2592,2618,5159.93
2005020700,1.193,2592,2618,5039.77
2005020900,5.096,2592,2618,4955.42
2005020912,5.914,2592,2618,4983.24
2005021112,4.876,2592,2618,5072.33
2005021500,-0.32,2592,2618,5158.8
2005030112,3.125,2592,2618,5371.01
2005031800,1.866,2592,2618,5340.54
2005032100,-0.4,2592,2618,5286.18
2005032400,2.804,2592,2618,5128.53
2005032512,0.946,2592,2618,5140.94
2005032600,0.744,2592,2618,5158.92
2005110500,1.438,2592,2618,5160.05
2005110712,2.381,2592,2618,5166.9
2005110800,2.799,2592,2618,5167.75
2005111300,1.965,2592,2618,5250.38
2005111700,2.186,2592,2618,5320.58
2005120700,0.603,2592,2618,5196.85
2005121000,0.22,2592,2618,5120.14
2005121712,3.548,2592,2618,5184.7
2005121812,3.67,2592,2618,5057.52
2005121900,4.774,2592,2618,5023.18
2005122000,2.545,2592,2618,4982.41
2005122312,3.129,2592,2618,5127.92
2005122400,2.221,2592,2618,5134.61
2005122712,2.091,2592,2618,5107.55
2006010200,2.81,2592,2618,5074.06
2006010212,2.192,2592,2618,5050.57
2006010312,3.432,2592,2618,5086.05
2006010500,1.612,2592,2618,5050.89
2006010812,3.43,2592,2618,5026.54
2006011112,6.389,2592,2618,4896.05
2006011300,7.543,2592,2618,4906.48
2006012400,1.589,2592,2618,5148.69
2006012412,-0.099,2592,2618,5159.79
2006012500,-1.403,2592,2618,5184.52
2006012512,-1.183,2592,2618,5191.04
2006012700,-0.184,2592,2618,5190.14
2006013100,-0.334,2592,2618,5131.54
2006020400,1.506,2592,2618,5234.2
2006020612,5.034,2592,2618,5221.66
2006020912,2.435,2592,2618,5160.41
2006021100,3.331,2592,2618,5076.26
2006021612,6.078,2592,2618,5113.9
2006021700,5.112,2592,2618,5113.79
2006022100,-1.954,2592,2618,5094.7
2006022212,1.039,2592,2618,5155.78
2006030612,3.628,2592,2618,5125.38
2006030700,3.114,2592,2618,5097.43
2006030712,2.739,2592,2618,5090.68
2006030800,2.777,2592,2618,5097.97
2006031012,3.016,2592,2618,5210.18
2006031100,2.391,2592,2618,5222.62
2006031512,-0.47,2592,2618,5321.08
2006033112,5.497,2592,2618,5279.03
2006110100,1.782,2592,2618,5411.11
2006110500,2.204,2592,2618,5117.88
2006110600,3.954,2592,2618,5135.23
2006111900,7.524,2592,2618,5140.96
2006111912,6.402,2592,2618,5154.37
2006112112,3.48,2592,2618,5186.47
2006112512,4.062,2592,2618,5124.92
2006112812,3.483,2592,2618,5137.28
2006112912,1.784,2592,2618,5164.61
2006113000,2.485,2592,2618,5184.25
2006120112,1.866,2592,2618,5112.88
2006120200,1.819,2592,2618,5104.32
2006121000,2.249,2592,2618,4959.51
2006121012,2.339,2592,2618,4935.3
2006121100,2.561,2592,2618,4967.68
2006121112,2.923,2592,2618,5016.31
2006121712,3.679,2592,2618,5197.9
2006122300,2.948,2592,2618,5081.13
2006122400,1.483,2592,2618,5137.49
2006122412,0.165,2592,2618,5103.59
2006122512,1.722,2592,2618,5111.34
2006122812,-0.175,2592,2618,5137.45
2006123012,1.586,2592,2618,5025.86
2006123100,2.275,2592,2618,5057.95
2007010400,3.615,2592,2618,5094.87
2007010612,3.488,2592,2618,5044.65
2007010912,9.736,2592,2618,5011.74
2007011000,10.071,2592,2618,4984.33
2007011212,9.177,2592,2618,4950.62
2007011700,5.635,2592,2618,5031.83
2007011912,5.767,2592,2618,5117.29
2007012012,5.059,2592,2618,5157.17
2007012700,1.973,2592,2618,5235.45
2007020212,2.177,2592,2618,5123.06
2007020612,3.898,2592,2618,5254.79
2007020712,3.747,2592,2618,5223.44
2007020812,4.142,2592,2618,5171.16
2007021012,3.856,2592,2618,5249.36
2007021100,3.222,2592,2618,5256.96
2007021600,2.231,2592,2618,5107.1
2007021612,2.059,2592,2618,5111.32
2007022000,0.502,2592,2618,5290.71
2007022800,6.391,2592,2618,5223.17
2007030100,6.799,2592,2618,5166.07
2007030200,8.555,2592,2618,5128.59
2007030212,7.644,2592,2618,5102.72
2007030312,4.823,2592,2618,5072.66
2007030600,3.494,2592,2618,5058.65
2007030700,2.599,2592,2618,5123.52
2007031100,1.67,2592,2618,5056.93
2007031400,2.102,2592,2618,5015.38
2007031500,2.439,2592,2618,5014.8
2007031612,4.486,2592,2618,5046.37
2007031700,5.142,2592,2618,5044.36
2007032212,3.498,2592,2618,5017.96
2007032312,3.214,2592,2618,5012.44
2007033100,-0.164,2592,2618,5191.57
2007110200,2.799,2592,2618,5228.86
2007111112,2.37,2592,2618,5254.02
2007111500,2.625,2592,2618,5269.43
2007111512,1.782,2592,2618,5250.6
2007111612,2.945,2592,2618,5229.12
2007112212,2.375,2592,2618,5186.68
2007112300,1.328,2592,2618,5148.86
2007112400,3.939,2592,2618,5171.46
2007112600,2.96,2592,2618,5200.12
2007112612,1.778,2592,2618,5148.15
2007112912,3.929,2592,2618,5085.35
2007113000,4.371,2592,2618,5089.82
2007120512,3.211,2592,2618,4974.75
2007121012,4.504,2592,2618,5083.17
2007121100,3.445,2592,2618,5064.25
2007121312,1.891,2592,2618,5046.91
2007121412,0.204,2592,2618,5045.9
2007121500,0.712,2592,2618,5020.96
2007121800,1.074,2592,2618,5168.44
2007122012,0.926,2592,2618,5171.73
2007122400,5.917,2592,2618,4993.87
2007122700,6.379,2592,2618,4988.11
2007122800,4.633,2592,2618,5031.62
2007122912,5.648,2592,2618,5070.1
2007123012,1.878,2592,2618,5015.83
2007123100,2.215,2592,2618,4975.23
2007123112,3.326,2592,2618,4966.64
2008010100,2.672,2592,2618,4974.37
2008010812,2.048,2592,2618,5164.77
2008011012,1.508,2592,2618,5217.44
2008011100,2.228,2592,2618,5215.91
2008011312,7.261,2592,2618,5176.42
2008011500,6.987,2592,2618,5103.22
2008011612,7.206,2592,2618,5064.59
2008011800,6.243,2592,2618,5006.86
2008011812,6.399,2592,2618,4987.88
2008012112,2.727,2592,2618,5084.38
2008012200,1.888,2592,2618,5049.7
2008012212,1.723,2592,2618,5003.73
2008012312,4.36,2592,2618,4966.47
2008012812,6.148,2592,2618,5015.82
2008012912,7.131,2592,2618,5081.97
2008020812,5.041,2592,2618,4927.14
2008020900,2.452,2592,2618,4915.51
2008020912,3.068,2592,2618,4916.31
2008021000,3.207,2592,2618,4961.48
2008021312,3.276,2592,2618,5270.38
2008021512,1.511,2592,2618,5178.34
2008021600,0.855,2592,2618,5156.4
2008021800,0.419,2592,2618,5188.73
2008021812,0.589,2592,2618,5173.02
2008021912,2.168,2592,2618,5088.38
2008022300,6.913,2592,2618,4943.66
2008022500,5.642,2592,2618,4987.35
2008030600,7.002,2592,2618,5083.12
2008030612,5.99,2592,2618,5079.04
2008030700,5.303,2592,2618,5085.36
2008030800,3.983,2592,2618,5045.03
2008031100,2.914,2592,2618,4988.17
2008031112,2.914,2592,2618,4998.91
2008031600,2.723,2592,2618,5258.09
2008032700,4.871,2592,2618,5212.39
2008032800,5.414,2592,2618,5210.38
2008110412,1.74,2592,2618,5179.83
2008110512,0.341,2592,2618,5164.84
2008110800,1.331,2592,2618,5200.19
2008110912,1.046,2592,2618,5319.71
2008111100,3.512,2592,2618,5304.78
2008111200,3.682,2592,2618,5263.52
2008111312,4.031,2592,2618,5203.19
2008111412,4.5,2592,2618,5206.03
2008111812,2.318,2592,2618,5183.22
2008120500,3.217,2592,2618,5075.01
2008121012,0.732,2592,2618,5034.61
2008121212,3.512,2592,2618,5038.52
2008121312,2.393,2592,2618,5142.88
2008121412,2.942,2592,2618,5123.95
2008121512,3.904,2592,2618,5042.03
2008121700,4.92,2592,2618,4992.28
2008121800,5.009,2592,2618,4992.62
2008121900,4.71,2592,2618,5026.44
2008122300,1.429,2592,2618,5029.03
2008122400,0.983,2592,2618,4971.01
2009010912,3.101,2592,2618,5022.51
2009011012,6.168,2592,2618,5002.87
2009011600,3.813,2592,2618,5013.08
2009011612,3.614,2592,2618,5004.54
2009011700,3.348,2592,2618,4994.03
2009011900,2.244,2592,2618,5028.35
2009012400,1.696,2592,2618,5081.1
2009012412,1.077,2592,2618,5095.82
2009012700,2.12,2592,2618,5031.25
2009012800,2.271,2592,2618,5056.97
2009020512,5.642,2592,2618,5233.58
2009020900,3.823,2592,2618,5148.51
2009020912,4.389,2592,2618,5186.64
2009021212,4.516,2592,2618,5304.77
2009021500,1.397,2592,2618,5224.12
2009021600,0.396,2592,2618,5152.53
2009021812,2.7,2592,2618,5101.06
2009022200,5.668,2592,2618,5200.56
2009022212,6.274,2592,2618,5211.74
2009022412,6.919,2592,2618,5212.55
2009022800,4.088,2592,2618,5092.52
2009030200,6.335,2592,2618,5005.26
2009030212,6.491,2592,2618,5030.72
2009030312,4.992,2592,2618,5119.73
2009030600,6.001,2592,2618,5134.93
2009031000,4.57,2592,2618,5201.02
2009031012,4.84,2592,2618,5187.55
2009031112,3.703,2592,2618,5148.38
2009031500,3.539,2592,2618,5151.31
2009031600,3.527,2592,2618,5179.49
2009031800,2.339,2592,2618,5229.84
2009032012,1.679,2592,2618,5261.6
2009032112,1.838,2592,2618,5217.35
2009032212,3.069,2592,2618,5242.05
2009032312,4.512,2592,2618,5284.1
2009032912,6.822,2592,2618,5211.26
2009033100,5.582,2592,2618,5300.15
2009033112,5.317,2592,2618,5310.12
2009110200,1.378,2592,2618,5090.19
2009110212,1.275,2592,2618,5091.01
2009110612,0.717,2592,2618,5172.47
2009110812,1.158,2592,2618,5202.04
2009110900,0.452,2592,2618,5178.92
2009110912,-0.434,2592,2618,5182.62
2009111012,0.61,2592,2618,5178.7
2009111300,0.981,2592,2618,5245.35
2009111412,2.107,2592,2618,5261.61
2009111700,4.787,2592,2618,5210.96
2009112000,2.476,2592,2618,5114.4
2009112012,2.564,2592,2618,5115.27
2009112612,5.227,2592,2618,5246.99
2009112700,5.334,2592,2618,5246.23
2009120200,7.044,2592,2618,5252.02
2009120300,3.986,2592,2618,5293.02
2009120512,2.66,2592,2618,5197.5
2009120600,0.87,2592,2618,5173.55
2009121112,-0.482,2592,2618,5315.04
2009122300,7.423,2592,2618,5317.84
2009122312,7.177,2592,2618,5283.73
2009122412,3.121,2592,2618,5306.81
2010011312,1.197,2592,2618,5141.81
2010012000,-0.797,2592,2618,5108.79
2010012200,1.415,2592,2618,5127.59
2010012500,0.12,2592,2618,5172.94
2010022512,9.864,2592,2618,5281.81
2010022612,6.539,2592,2618,5234.84
2010022800,5.149,2592,2618,5141.58
2010030200,3.612,2592,2618,5118.09
2010030300,3.567,2592,2618,5136.96
2010031412,3.117,2592,2618,5322.7
2010031712,2.585,2592,2618,5164.75
2010032412,2.724,2592,2618,5229.97
2010111212,6.145,2592,2618,5255.49
2010111612,2.033,2592,2618,5181.95
2010121100,2.058,2592,2618,5220.05
2010121112,1.601,2592,2618,5247.94
2010121200,-0.25,2592,2618,5257.68
2010121212,-0.204,2592,2618,5262.04
2010122612,2.086,2592,2618,5238.23
2010122700,1.375,2592,2618,5204.47
2011011112,5.244,2592,2618,5321.64
2011011700,4.909,2592,2618,5031.2
2011012912,1.367,2592,2618,5015.6
2011020200,5.436,2592,2618,4946.71
2011020212,5.146,2592,2618,4945.38
2011020300,4.313,2592,2618,4947.79
2011020800,3.384,2592,2618,4975.38
2011020900,2.903,2592,2618,4976.62
2011020912,2.166,2592,2618,4960.52
2011021100,-0.418,2592,2618,4997.67
2011021112,-0.098,2592,2618,4989.09
2011021300,-0.082,2592,2618,4999.94
2011022112,2.15,2592,2618,5137.7
2011022400,2.895,2592,2618,5040.53
2011022500,3.005,2592,2618,4942.38
2011022600,4.321,2592,2618,4903.66
2011022800,1.308,2592,2618,5013.96
2011030200,3.365,2592,2618,5065.83
2011030512,2.806,2592,2618,5165.91
2011030800,8.036,2592,2618,4980.82
2011030912,8.376,2592,2618,5086.21
2011031400,1.341,2592,2618,4977.58
2011031512,7.735,2592,2618,4886.85
2011031600,7.956,2592,2618,4896.56
2011032112,8.11,2592,2618,5030.82
2011033112,1.8,2592,2618,5090.13
2011110212,3.424,2592,2618,5243.51
2011110612,2.486,2592,2618,5093.14
2011110800,0.383,2592,2618,5165.24
2011111000,0.659,2592,2618,5183.68
2011111300,1.362,2592,2618,5294.29
2011111512,-0.922,2592,2618,5309.71
2011111900,0.889,2592,2618,5240.4
2011112400,3.609,2592,2618,5071.9
2011112812,4.504,2592,2618,5093.47
2011113012,6.407,2592,2618,5029.89
2011120212,6.089,2592,2618,4994.64
2011120912,8.314,2592,2618,5151.18
2011121100,2.577,2592,2618,5064.78
2011121212,2.394,2592,2618,5048.55
2011122112,4.738,2592,2618,5007.19
2011122312,5.184,2592,2618,4964.55
2011122812,4.503,2592,2618,5022.92
2011123112,3.257,2592,2618,4956.65
2012010100,4.627,2592,2618,4956.44
2012010112,4.666,2592,2618,4965.89
2012010912,3.801,2592,2618,4945.33
2012011112,3.448,2592,2618,5112.62
2012011312,0.337,2592,2618,5117.31
2012011800,3.19,2592,2618,5002.49
2012012112,2.07,2592,2618,5157.11
2012012400,4.265,2592,2618,5175.75
2012012412,4.266,2592,2618,5170.98
2012012512,4.145,2592,2618,5159.83
2012012800,0.949,2592,2618,5185.55
2012020112,1.745,2592,2618,5182.53
2012021112,2.847,2592,2618,5165.71
2012021700,5.911,2592,2618,5105.53
2012021912,3.845,2592,2618,5125.96
2012022212,4.585,2592,2618,5041.81
2012022400,3.989,2592,2618,5075.22
2012022500,3.944,2592,2618,5109.55
2012022600,3.108,2592,2618,5078.28
2012022712,5.8,2592,2618,4971.44
2012030312,2.376,2592,2618,4976.29
2012030600,1.782,2592,2618,4973.73
2012030612,2.903,2592,2618,4950.29
2012030700,3.528,2592,2618,4969.06
2012030900,3.395,2592,2618,4961.04
2012031212,6.702,2592,2618,5148.78
2012031300,4.45,2592,2618,5158.44
2012031600,5.653,2592,2618,5186.0
2012031712,6.96,2592,2618,5168.55
2012031812,3.888,2592,2618,5142.25
2012031900,2.44,2592,2618,5114.21
2012032512,-1.396,2592,2618,5236.66
2012110412,1.25,2592,2618,5314.79
2012111200,3.499,2592,2618,5160.26
2012111600,4.507,2592,2618,5161.4
2012111700,3.822,2592,2618,5181.91
2012111812,3.97,2592,2618,5153.87
2012112012,5.015,2592,2618,5208.22
2012112300,2.549,2592,2618,5162.17
2012112312,2.315,2592,2618,5147.38
2012112500,2.172,2592,2618,5185.7
2012113012,2.465,2592,2618,5322.73
2012120100,2.166,2592,2618,5270.78
2012120200,2.095,2592,2618,5207.32
2012120300,1.272,2592,2618,5151.23
2012120400,1.201,2592,2618,5198.17
2012121100,0.348,2592,2618,5293.57
2012121812,3.096,2592,2618,5300.58
2012121912,1.405,2592,2618,5312.39
2012122012,-0.306,2592,2618,5322.3
2012122312,1.747,2592,2618,5352.66
2012122500,6.032,2592,2618,5259.32
2012122600,7.75,2592,2618,5180.59
2012122612,7.805,2592,2618,5171.72
2012122812,5.865,2592,2618,5103.89
2012122900,5.569,2592,2618,5094.38
2012122912,5.716,2592,2618,5098.1
2012123000,5.613,2592,2618,5103.12
2013010212,3.459,2592,2618,5073.4
2013010400,2.094,2592,2618,5082.23
2013010412,0.493,2592,2618,5072.88
2013010812,1.357,2592,2618,5122.83
2013010912,0.424,2592,2618,5125.62
2013011300,3.274,2592,2618,5182.15
2013011412,3.652,2592,2618,5184.88
2013011600,1.949,2592,2618,5101.53
2013011712,2.424,2592,2618,5054.59
2013011900,0.823,2592,2618,5053.81
2013012012,0.061,2592,2618,5114.76
2013012100,0.584,2592,2618,5169.25
2013012112,0.922,2592,2618,5212.15
2013012400,2.66,2592,2618,5205.17
2013012412,3.243,2592,2618,5167.66
2013012500,4.12,2592,2618,5139.72
2013012712,2.227,2592,2618,5082.81
2013012800,2.163,2592,2618,5101.95
2013012812,2.353,2592,2618,5105.86
2013012900,2.368,2592,2618,5102.86
2013020300,1.87,2592,2618,5009.52
2013020700,2.442,2592,2618,5143.77
2013020900,0.46,2592,2618,5105.03
2013022312,1.464,2592,2618,5216.1
2013022712,1.883,2592,2618,5203.26
2013030800,3.159,2592,2618,5279.9
2013030812,2.775,2592,2618,5279.01
2013030900,2.683,2592,2618,5291.47
2013032100,2.286,2592,2618,5458.52
2013110400,2.763,2592,2618,5114.91
2013110500,2.36,2592,2618,5119.28
2013110612,3.08,2592,2618,5137.54
2013111100,1.718,2592,2618,5054.88
2013111112,2.185,2592,2618,5065.17
2013120112,3.052,2592,2618,5084.47
2013120400,7.796,2592,2618,5125.91
2013120800,3.969,2592,2618,5067.88
2013121112,3.358,2592,2618,5067.29
2013121200,2.951,2592,2618,5086.11
2013121300,1.591,2592,2618,5085.79
2013121312,1.318,2592,2618,5052.61
2013121812,3.056,2592,2618,4948.01
2013121900,3.383,2592,2618,4974.05
2013122000,2.898,2592,2618,4994.19
2013122012,2.439,2592,2618,4967.81
2013122112,1.525,2592,2618,4985.63
2013122300,1.936,2592,2618,5049.93
2013122512,3.714,2592,2618,5088.21
2013122600,3.716,2592,2618,5066.96
2013122612,4.05,2592,2618,5059.53
2013122800,4.093,2592,2618,5051.28
2013123000,4.976,2592,2618,5107.37
2013123012,3.536,2592,2618,5123.23
2014010400,2.275,2592,2618,5180.36
2014010412,2.458,2592,2618,5169.69
2014011300,1.081,2592,2618,5151.12
2014011312,0.544,2592,2618,5185.61
2014011400,1.272,2592,2618,5213.57
2014011412,1.858,2592,2618,5213.79
2014011512,2.6,2592,2618,5154.75
2014011700,2.332,2592,2618,5116.41
2014011800,1.345,2592,2618,5117.32
2014011812,0.929,2592,2618,5120.66
2014011912,1.272,2592,2618,5132.08
2014012200,0.438,2592,2618,5132.97
2014012300,1.262,2592,2618,5116.45
2014020112,1.614,2592,2618,5120.56
2014020312,2.686,2592,2618,5154.29
2014020500,1.525,2592,2618,5089.66
2014021000,2.948,2592,2618,5078.08
2014021100,2.978,2592,2618,5062.57
2014021900,2.885,2592,2618,5155.95
2014022400,5.213,2592,2618,4983.14
2014022700,2.349,2592,2618,5158.45
2014022812,1.978,2592,2618,5229.05
2014030312,3.3,2592,2618,5120.84
2014030712,2.668,2592,2618,5002.25
2014030812,2.929,2592,2618,4993.82
2014031000,3.251,2592,2618,4988.6
2014031112,1.782,2592,2618,5035.21
2014032012,2.535,2592,2618,5040.24
2014032312,5.323,2592,2618,4995.27
2014032500,2.262,2592,2618,5034.62
2014032612,0.316,2592,2618,5086.33
2014032700,1.038,2592,2618,5134.91
2014032712,1.666,2592,2618,5195.19
2014110100,1.148,2592,2618,5327.62
2014110712,3.258,2592,2618,5190.43
2014111000,3.52,2592,2618,5281.79
2014111200,2.643,2592,2618,5254.43
2014111700,-0.291,2592,2618,5238.55
2014111912,0.247,2592,2618,5194.05
2014112400,0.066,2592,2618,5130.43
2014112800,0.135,2592,2618,5093.04
2014112812,0.136,2592,2618,5083.02
2014112912,1.548,2592,2618,5062.22
2014120212,2.029,2592,2618,4985.33
2014120600,4.076,2592,2618,5058.48
2014120900,4.988,2592,2618,4996.96
2014120912,4.291,2592,2618,5013.22
2014121000,5.065,2592,2618,5066.71
2014121612,4.014,2592,2618,5048.5
2014121712,4.133,2592,2618,5037.47
2014121800,4.117,2592,2618,5052.11
2014121900,3.786,2592,2618,5098.08
2014122100,3.375,2592,2618,5098.24
2015010112,3.986,2592,2618,5000.01
2015010300,5.077,2592,2618,5065.36
2015010500,3.389,2592,2618,5066.53
2015010612,2.539,2592,2618,4947.1
2015010700,1.79,2592,2618,4885.35
2015010912,4.181,2592,2618,4901.63
2015011200,2.738,2592,2618,4976.57
2015011900,2.414,2592,2618,5074.09
2015012100,1.877,2592,2618,5113.08
2015012312,4.604,2592,2618,4975.55
2015012700,2.139,2592,2618,4982.35
2015012800,3.431,2592,2618,5035.14
2015020100,5.125,2592,2618,5121.27
2015021412,2.83,2592,2618,4992.94
2015021600,6.657,2592,2618,4911.36
2015021612,6.714,2592,2618,4965.19
2015021812,3.463,2592,2618,5026.62
2015022012,6.719,2592,2618,5085.89
2015022400,6.959,2592,2618,4974.41
2015022600,3.241,2592,2618,4981.0
2015022612,3.128,2592,2618,5020.63
2015022700,2.884,2592,2618,5028.89
2015030112,4.142,2592,2618,4996.63
2015030200,4.501,2592,2618,5006.27
2015030400,3.836,2592,2618,5061.39
2015030512,2.096,2592,2618,4961.59
2015031000,3.663,2592,2618,4987.35
2015031100,2.316,2592,2618,4982.92
2015032212,2.295,2592,2618,5188.78
2015032712,3.661,2592,2618,4987.31
2015032812,5.219,2592,2618,4962.84
2015033012,6.111,2592,2618,4988.32
2015110312,2.027,2592,2618,5199.4
2015111312,1.989,2592,2618,5214.92
2015111400,2.325,2592,2618,5247.72
2015111512,3.204,2592,2618,5275.94
2015112412,1.853,2592,2618,5181.44
2015112612,4.74,2592,2618,5042.33
2015112812,6.133,2592,2618,4965.43
2015113000,4.886,2592,2618,5005.93
2015120100,4.543,2592,2618,5015.27
2015120112,5.279,2592,2618,5001.27
2015120200,4.248,2592,2618,4984.67
2015120400,4.1,2592,2618,5013.75
2015120512,4.061,2592,2618,5034.26
2015120700,3.538,2592,2618,5098.23
2015120800,2.8,2592,2618,5114.67
2015120812,1.686,2592,2618,5121.45
2015120900,1.927,2592,2618,5139.86
2015121400,2.645,2592,2618,5196.95
2015122312,3.462,2592,2618,5071.46
2015122400,4.763,2592,2618,5099.0
2015122812,0.909,2592,2618,4997.28
2015123000,1.502,2592,2618,4935.35
2015123100,1.913,2592,2618,4922.35
2016010200,1.904,2592,2618,5013.24
2016010212,2.001,2592,2618,5049.32
2016010512,2.086,2592,2618,5190.69
2016010600,2.015,2592,2618,5180.5
2016010612,1.78,2592,2618,5177.61
2016010700,1.366,2592,2618,5192.39
2016010712,0.285,2592,2618,5224.57
2016010812,2.058,2592,2618,5291.22
2016011212,3.689,2592,2618,5353.93
2016011900,2.382,2592,2618,5330.07
2016012212,-0.158,2592,2618,5103.4
2016012412,0.46,2592,2618,5002.68
2016012500,0.242,2592,2618,4978.95
2016012612,4.044,2592,2618,4912.72
2016013112,6.02,2592,2618,5075.76
2016020112,4.138,2592,2618,5105.4
2016020400,4.283,2592,2618,5180.52
2016020412,4.332,2592,2618,5167.04
2016020500,4.069,2592,2618,5142.95
2016020512,3.715,2592,2618,5133.77
2016021100,4.092,2592,2618,5104.67
2016021400,3.743,2592,2618,5197.37
2016021700,2.618,2592,2618,5045.2
2016021812,2.187,2592,2618,5040.86
2016021900,2.521,2592,2618,5000.48
2016030200,3.615,2592,2618,5202.84
2016030600,3.008,2592,2618,5144.65
2016030612,2.415,2592,2618,5128.33
2016030800,1.878,2592,2618,5031.51
2016031012,0.912,2592,2618,5013.77
2016032000,0.805,2592,2618,5271.26
2016032012,1.718,2592,2618,5249.65
2016032312,2.12,2592,2618,5184.39
2016032500,1.994,2592,2618,5147.59
2016032812,4.913,2592,2618,5115.94
2016110712,-0.121,2592,2618,5162.95
2016111300,0.974,2592,2618,5037.92
2016111812,3.415,2592,2618,5279.76
2016112200,3.247,2592,2618,5308.11
2016112400,1.452,2592,2618,5282.47
2016112700,-0.099,2592,2618,5293.38
2016112812,1.079,2592,2618,5284.01
2016112900,1.872,2592,2618,5297.85
2016113012,3.559,2592,2618,5318.47
2016120800,1.837,2592,2618,5203.8
2016121200,0.307,2592,2618,5145.64
2016121400,0.281,2592,2618,5090.95
2016122012,3.846,2592,2618,4912.06
2016122212,5.275,2592,2618,4939.56
2016122312,5.526,2592,2618,4950.92
2016122800,2.803,2592,2618,4948.72
2016122912,4.038,2592,2618,5036.45
2016123100,3.836,2592,2618,5231.55
2017010812,3.605,2592,2618,5111.55
2017010900,5.145,2592,2618,5121.17
2017012000,3.907,2592,2618,5190.06
2017012200,2.621,2592,2618,5252.19
2017012700,4.637,2592,2618,5129.08
2017013112,2.188,2592,2618,5132.65
2017020312,1.885,2592,2618,5098.85
2017020400,1.695,2592,2618,5085.42
2017020412,1.588,2592,2618,5076.61
2017020512,1.284,2592,2618,5092.87
2017021700,2.995,2592,2618,5226.96
2017021912,3.638,2592,2618,5176.91
2017022300,4.86,2592,2618,5022.64
2017022512,3.812,2592,2618,4937.81
2017022600,3.584,2592,2618,4987.42
2017030112,2.241,2592,2618,5147.63
2017030200,2.537,2592,2618,5163.34
2017030712,2.826,2592,2618,5146.88
2017030800,3.096,2592,2618,5145.3
2017030900,3.564,2592,2618,5174.29
2017031012,3.547,2592,2618,5244.21
2017031100,2.378,2592,2618,5230.0
2017031600,4.662,2592,2618,5165.94
2017031612,5.345,2592,2618,5153.72
2017031712,6.529,2592,2618,5118.93
2017032512,2.489,2592,2618,5071.94
2017032612,3.532,2592,2618,5187.71
2017110212,1.483,2592,2618,5162.29
2017110500,3.627,2592,2618,5124.68
2017110512,2.515,2592,2618,5090.17
2017110600,2.336,2592,2618,5085.46
2017110612,1.869,2592,2618,5104.26
2017110700,1.904,2592,2618,5130.54
2017111700,3.093,2592,2618,5165.65
2017112000,3.394,2592,2618,5382.58
2017112600,3.112,2592,2618,5266.9
2017112612,3.178,2592,2618,5280.31
2017120900,3.328,2592,2618,5271.61
2017121200,2.803,2592,2618,5074.35
2017121212,2.0,2592,2618,5063.96
2017121312,1.657,2592,2618,5141.08
2017121600,2.463,2592,2618,5174.04
2017121712,2.274,2592,2618,5098.31
2017121912,1.412,2592,2618,5003.36
2017122212,2.842,2592,2618,5142.81
2017122600,5.068,2592,2618,5224.41
2017122812,5.094,2592,2618,5182.13
2017122900,4.636,2592,2618,5140.17
2017123000,4.884,2592,2618,5078.11
2018010200,4.183,2592,2618,5045.19
2018010400,2.958,2592,2618,5092.0
2018010712,5.505,2592,2618,5091.28
2018010800,3.829,2592,2618,5068.6
2018011400,3.533,2592,2618,4944.26
2018011512,5.268,2592,2618,5000.85
2018011600,5.415,2592,2618,5034.88
2018011612,4.737,2592,2618,5089.93
2018011700,4.235,2592,2618,5113.61
2018011800,3.973,2592,2618,5121.56
2018012212,2.136,2592,2618,5175.49
2018012300,1.738,2592,2618,5161.19
2018012700,2.226,2592,2618,5097.51
2018012900,1.968,2592,2618,5103.32
2018020200,1.915,2592,2618,5054.62
2018020212,1.467,2592,2618,5009.53
2018021000,6.596,2592,2618,4859.07
2018021100,6.199,2592,2618,4902.31
2018021112,5.446,2592,2618,4924.33
2018021200,5.701,2592,2618,4937.65
2018021512,1.028,2592,2618,4968.98
2018021900,0.662,2592,2618,5123.15
2018021912,-0.083,2592,2618,5080.07
2018022212,3.546,2592,2618,4955.74
2018022400,-0.916,2592,2618,4984.63
2018030612,4.228,2592,2618,5268.16
2018031100,3.371,2592,2618,5239.09
2018031200,3.233,2592,2618,5240.8
2018031312,3.906,2592,2618,5181.37
2018031412,3.451,2592,2618,5149.9
2018031612,1.148,2592,2618,5210.56
2018032300,1.941,2592,2618,5130.36
2018032400,2.832,2592,2618,5116.56
2018032612,2.525,2592,2618,5210.36
2018032712,1.937,2592,2618,5201.81
2018110400,3.122,2592,2618,5228.4
2018110600,2.904,2592,2618,5217.61
2018110900,-0.401,2592,2618,5299.55
2018111312,0.993,2592,2618,5229.6
2018111612,1.737,2592,2618,5179.14
2018111812,-0.86,2592,2618,5200.5
2018121700,1.259,2592,2618,5204.8
2019011012,4.741,2592,2618,5255.96
2019011212,4.739,2592,2618,5175.9
2019011500,7.038,2592,2618,5042.83
2019011712,5.628,2592,2618,5100.78
2019012112,3.812,2592,2618,5021.98
2019012300,3.869,2592,2618,5111.5
2019012312,3.445,2592,2618,5119.48
2019013012,5.763,2592,2618,5166.34
2019020212,5.765,2592,2618,5128.24
2019020512,3.297,2592,2618,5191.04
2019020612,3.089,2592,2618,5198.2
2019020712,4.2,2592,2618,5189.46
2019021300,3.97,2592,2618,5149.97
2019021400,4.089,2592,2618,5126.23
2019022100,0.591,2592,2618,5077.9
2019022112,-1.015,2592,2618,5035.22
2019022812,0.608,2592,2618,5294.25
2019030212,4.324,2592,2618,5158.63
2019031000,3.226,2592,2618,5127.82
2019031800,3.518,2592,2618,5035.94
2019032800,4.544,2592,2618,5034.59
2019110512,2.964,2592,2618,5249.23
2019110600,2.901,2592,2618,5254.7
2019111000,0.412,2592,2618,5200.01
2019111012,0.385,2592,2618,5159.16
2019111100,0.352,2592,2618,5176.13
2019111200,0.623,2592,2618,5205.17
2019111812,1.448,2592,2618,5210.61
2019120612,3.73,2592,2618,5103.79
2019120800,3.807,2592,2618,5106.77
2019120912,4.593,2592,2618,5079.88
2019121300,6.937,2592,2618,5007.12
2019121312,7.131,2592,2618,5021.67
2019121412,5.543,2592,2618,5087.24
2019121512,2.976,2592,2618,5186.06
2019122800,2.017,2592,2618,5183.16
2019123100,1.505,2592,2618,5136.82
2020010112,4.796,2592,2618,5011.26
2020010500,1.408,2592,2618,4958.85
2020010600,2.604,2592,2618,4902.03
2020010712,5.448,2592,2618,4839.9
2020011000,6.578,2592,2618,4993.08
2020011100,4.686,2592,2618,4965.11
2020011200,4.075,2592,2618,4978.12
2020012200,1.353,2592,2618,5098.28
2020012412,4.922,2592,2618,5045.9
2020012600,2.741,2592,2618,5046.75
2020012700,1.551,2592,2618,5062.87
2020020112,4.689,2592,2618,5047.12
2020020200,4.592,2592,2618,5045.48
2020020300,4.067,2592,2618,5072.55
2020020312,4.038,2592,2618,5102.7
2020020512,2.08,2592,2618,5103.65
2020021200,5.92,2592,2618,4992.25
2020021400,5.192,2592,2618,4983.68
2020021412,3.729,2592,2618,4958.79
2020021500,2.945,2592,2618,4954.99
2020021512,2.061,2592,2618,4960.47
2020021600,1.644,2592,2618,4964.27
2020022112,4.075,2592,2618,4922.02
2020022912,4.002,2592,2618,5013.06
2020030412,2.38,2592,2618,5076.9
2020030712,3.209,2592,2618,5036.6
2020031312,6.44,2592,2618,5116.31
2020031612,5.088,2592,2618,4993.79
2020031700,5.378,2592,2618,5016.88
2020032000,2.618,2592,2618,5168.7
2020032212,2.862,2592,2618,5034.87
2020110100,1.135,2592,2618,5108.88
2020110500,0.322,2592,2618,5156.82
2020110512,0.717,2592,2618,5121.48
2020111200,1.687,2592,2618,5094.3
2020111400,2.735,2592,2618,5087.78
2020111412,3.088,2592,2618,5108.83
2020111500,3.484,2592,2618,5121.92
2020111512,3.664,2592,2618,5136.24
2020111800,5.01,2592,2618,5246.39
2020112600,2.069,2592,2618,5010.64
2020112612,2.166,2592,2618,4996.45
2020112812,4.157,2592,2618,5053.73
2020120112,1.857,2592,2618,5145.63
2020120700,2.464,2592,2618,5236.43
2020120800,2.382,2592,2618,5254.73
2020120812,2.848,2592,2618,5237.98
2020121100,1.964,2592,2618,5226.7
2020121900,3.974,2592,2618,5188.03
2020122012,3.122,2592,2618,5153.6
2020122612,3.718,2592,2618,5168.5
2021010812,5.199,2592,2618,5279.35
2021011000,6.308,2592,2618,5256.05
2021011400,0.079,2592,2618,5211.44
2021011500,0.432,2592,2618,5222.4
2021011612,1.563,2592,2618,5179.51
2021012612,6.905,2592,2618,5277.62
2021012700,5.763,2592,2618,5279.72
2021012812,3.204,2592,2618,5273.49
2021020400,1.658,2592,2618,5199.36
2021020412,1.9,2592,2618,5211.42
2021020700,0.847,2592,2618,5427.32
2021021312,0.051,2592,2618,5213.12
2021021612,0.883,2592,2618,5059.47
2021021712,1.705,2592,2618,5085.75
2021021812,1.515,2592,2618,5052.29
2021022012,0.598,2592,2618,5059.06
2021022100,0.705,2592,2618,5083.11
2021022700,0.178,2592,2618,5095.92
2021030812,2.42,2592,2618,5212.43
2021030900,2.991,2592,2618,5183.82
2021031100,5.288,2592,2618,5087.08
2021031112,4.951,2592,2618,5073.22
2021031200,4.64,2592,2618,5078.84
2021031400,4.429,2592,2618,5083.32
2021031512,3.444,2592,2618,5138.96
2021032300,3.953,2592,2618,4999.67
2021032512,7.829,2592,2618,5001.95
2021032612,9.846,2592,2618,5032.8
2021032700,9.517,2592,2618,5050.46
2021032800,5.796,2592,2618,5092.54
2021110800,2.898,2592,2618,5249.13
2021110912,1.938,2592,2618,5180.67
2021111500,1.488,2592,2618,5129.0
2021111512,1.757,2592,2618,5148.66
2021112100,0.673,2592,2618,5266.98
2021120312,2.465,2592,2618,5086.15
2021120800,1.275,2592,2618,5115.04
2021121100,0.878,2592,2618,5126.81
2021121400,0.905,2592,2618,5081.37
2021121700,-0.68,2592,2618,5170.5
2021122612,3.908,2592,2618,5332.95
2021122712,5.003,2592,2618,5286.06
2021123000,5.501,2592,2618,5240.68
2022010112,7.108,2592,2618,5207.46
2022010212,6.64,2592,2618,5189.29
2022010612,0.566,2592,2618,5015.21
2022010712,1.272,2592,2618,5032.0
2022010800,1.252,2592,2618,5043.0
2022011000,0.245,2592,2618,5029.83
2022011012,0.606,2592,2618,5005.57
2022011100,1.024,2592,2618,4984.39
2022011200,2.376,2592,2618,4969.23
2022011412,3.412,2592,2618,5159.13
2022011500,4.608,2592,2618,5137.34
2022011700,3.558,2592,2618,5080.63
2022012212,4.566,2592,2618,4963.51
2022012500,3.877,2592,2618,5085.76
2022013000,3.954,2592,2618,5023.74
2022020100,6.851,2592,2618,5040.32
2022020300,6.236,2592,2618,5048.37
2022020500,5.517,2592,2618,4942.2
2022020600,4.487,2592,2618,4983.33
2022020700,4.574,2592,2618,4954.46
2022020712,3.961,2592,2618,4917.55
2022020800,4.872,2592,2618,4945.9
2022020812,4.762,2592,2618,4984.3
2022021112,6.048,2592,2618,5087.82
2022021500,3.107,2592,2618,4948.59
2022021812,4.275,2592,2618,5009.57
2022021912,4.808,2592,2618,4990.88
2022022000,4.529,2592,2618,4985.58
2022022112,3.668,2592,2618,5005.22
2022022200,3.632,2592,2618,4974.93
2022022212,4.258,2592,2618,4975.64
2022022300,4.355,2592,2618,4998.04
2022022312,4.408,2592,2618,5039.14
2022022512,4.119,2592,2618,5009.53
2022022600,2.57,2592,2618,4980.02
2022022612,2.951,2592,2618,4969.54
2022022800,3.135,2592,2618,5081.98
2022030200,2.107,2592,2618,5141.75
2022030212,1.613,2592,2618,5130.43
2022030900,3.097,2592,2618,5035.19
2022031312,1.451,2592,2618,5012.8
2022031400,0.952,2592,2618,4958.14
2022031412,0.492,2592,2618,4864.36
2022031500,0.738,2592,2618,4842.67
2022031512,2.731,2592,2618,4838.15
2022031600,3.897,2592,2618,4858.48
2022031900,3.386,2592,2618,5068.08
2022032400,3.264,2592,2618,5256.29
2022032712,3.184,2592,2618,5374.1
2022032812,3.431,2592,2618,5420.84
2022033000,1.805,2592,2618,5428.21
2022110200,1.6,2592,2618,5215.31
2022110300,1.392,2592,2618,5240.77
2022110412,1.544,2592,2618,5230.04
2022110500,1.068,2592,2618,5210.2
2022110612,0.744,2592,2618,5242.16
2022111100,1.473,2592,2618,5138.22
2022111212,1.229,2592,2618,5238.69
2022111400,-0.234,2592,2618,5305.85
2022111600,0.214,2592,2618,5225.36
2022111700,-0.234,2592,2618,5177.11
2022111800,-0.317,2592,2618,5158.44
2022111912,-0.063,2592,2618,5164.11
2022112400,1.12,2592,2618,5255.17
2022112412,0.582,2592,2618,5258.44
2022113012,-0.87,2592,2618,5202.27
2022121612,6.912,2592,2618,5302.69
2022121900,8.219,2592,2618,5393.64
2022122012,5.984,2592,2618,5376.92
2022122900,9.315,2592,2618,5109.16
2022122912,9.07,2592,2618,5100.4
2022123100,9.332,2592,2618,5058.46
2023010200,7.312,2592,2618,5042.09
2023010300,5.182,2592,2618,5044.45
2023010400,4.945,2592,2618,5063.69
2023011100,4.605,2592,2618,
2023012600,0.109,2592,2618,
2023012700,1.383,2592,2618,
2023012812,2.827,2592,2618,
2023020312,2.547,2592,2618,
2023020400,1.964,2592,2618,
2023020500,0.86,2592,2618,
2023021500,2.427,2592,2618,
2023021512,2.765,2592,2618,
2023031712,5.345,2592,2618,
2023031812,6.536,2592,2618,
2023032012,5.887,2592,2618,
2023032100,5.638,2592,2618,
2023032112,5.975,2592,2618,
2023110712,2.108,2592,2618,
2023110800,1.462,2592,2618,
2023111312,1.059,2592,2618,
2023111612,2.026,2592,2618,
2023112600,0.071,2592,2618,
2023120312,4.158,2592,2618,
2023120600,2.584,2592,2618,
2023120700,3.705,2592,2618,
2023120712,3.983,2592,2618,
2023120800,4.288,2592,2618,
2023121212,3.844,2592,2618,
2023121800,4.281,2592,2618,
2023122012,5.836,2592,2618,
2023122700,6.444,2592,2618,
2023123012,7.645,2592,2618,
2024010312,2.144,2592,2618,
2024011100,-1.691,2592,2618,
2024011712,7.453,2592,2618,
2024012012,4.479,2592,2618,
2024012200,6.041,2592,2618,
2024012412,4.156,2592,2618,
2024012700,6.592,2592,2618,
2024012800,6.833,2592,2618,
2024013000,5.294,2592,2618,
2024020100,4.829,2592,2618,
2024020200,3.425,2592,2618,
2024020212,6.13,2592,2618,
2024021112,4.56,2592,2618,
2024022012,1.807,2592,2618,
2024022200,1.594,2592,2618,
2024022212,1.981,2592,2618,
2024022600,1.027,2592,2618,
2024022612,1.0,2592,2618,
2024022700,2.507,2592,2618,
2024022900,7.23,2592,2618,
2024030100,8.176,2592,2618,
2024030512,-0.092,2592,2618,
2024030800,-0.419,2592,2618,
2024030900,-0.795,2592,2618,
2024030912,-0.357,2592,2618,
2024031112,1.12,2592,2618,
2024031212,2.821,2592,2618,
2024031812,6.684,2592,2618,
2024031900,6.157,2592,2618,
2024031912,5.437,2592,2618,
2024032200,3.748,2592,2618,
2024032500,5.408,2592,2618,
2024110212,1.262,2592,2618,
2024110412,-0.523,2592,2618,
2024110712,0.116,2592,2618,
2024111500,2.506,2592,2618,
2024112112,4.551,2592,2618,
2024120212,5.567,2592,2618,
2024120312,2.259,2592,2618,
2024120512,3.99,2592,2618,
2024120900,-0.567,2592,2618,
2024121112,1.849,2592,2618,
2024121200,2.325,2592,2618,
2024121312,3.039,2592,2618,
2024121600,4.282,2592,2618,
2024121712,3.734,2592,2618,
2024121900,3.23,2592,2618,
2024122100,4.082,2592,2618,
2024122300,3.7,2592,2618,
2024122412,5.296,2592,2618,
2024122800,5.216,2592,2618,
2024122812,5.443,2592,2618,
2025011400,2.367,2592,2618,
2025012012,3.903,2592,2618,
2025012712,3.71,2592,2618,
2025012800,4.16,2592,2618,
2025013112,0.859,2592,2618,
2025020412,4.204,2592,2618,
2025020600,2.212,2592,2618,
2025021912,0.243,2592,2618,
2025022000,0.511,2592,2618,
2025022100,0.889,2592,2618,
2025022300,2.14,2592,2618,
2025022712,3.73,2592,2618,
2025022800,1.481,2592,2618,
2025022812,1.051,2592,2618,
2025030200,1.949,2592,2618,
2025030312,2.866,2592,2618,
2025030400,2.427,2592,2618,
2025030612,2.627,2592,2618,
2025030700,2.849,2592,2618,
2025031712,-1.772,2592,2618,
2025032000,1.256,2592,2618,
2025032100,1.621,2592,2618,
2025032212,3.796,2592,2618,
2025032700,4.571,2592,2618,
2025110100,0.953,2592,2618,
2025110800,0.837,2592,2618,
2025110812,1.109,2592,2618,
2025112000,0.737,2592,2618,
2025112612,4.007,2592,2618,
2025120112,2.478,2592,2618,
2025120312,2.628,2592,2618,
2025120700,1.019,2592,2618,
2025120800,1.208,2592,2618,
2025120912,1.275,2592,2618,
2025121100,1.982,2592,2618,
2025121712,1.61,2592,2618,
2025122000,1.106,2592,2618,
2025122212,0.277,2592,2618,
2025122312,0.814,2592,2618,
2026010800,3.715,2592,2618,
2026011500,3.44,2592,2618,
2026011600,4.215,2592,2618,
2026011612,4.142,2592,2618,
2026011800,0.814,2592,2618,
2026012200,0.047,2592,2618,
2026012412,0.456,2592,2618,
2026012800,2.453,2592,2618,
2026012900,1.54,2592,2618,
2026013012,2.05,2592,2618,
2026021300,7.72,2592,2618,
2026021312,7.998,2592,2618,
2026021500,5.919,2592,2618,
2026022012,5.874,2592,2618,
2026022400,6.238,2592,2618,
2026022500,11.019,2592,2618,
2026022700,9.574,2592,2618,
2026030312,3.835,2592,2618,
2026030812,2.724,2592,2618,
2026031100,4.307,2592,2618,
2026031312,3.52,2592,2618,
2026031600,3.408,2592,2618,
2026031900,0.485,2592,2618,
2026032012,6.809,2592,2618,
2026032112,7.465,2592,2618,
2026032212,6.877,2592,2618,
2026032600,6.381,2592,2618,
2026032612,5.24,2592,2618,
2026032700,4.977,2592,2618,
2026032812,4.233,2592,2618,
2026032900,4.088,2592,2618,
2026033000,3.415,2592,2618,
2026033100,3.73,2592,2618,
