target,model,bss_base,bss,gain,lo90,hi90,p,seasons_better,n_seasons,q_target,q_family
hf24,H history,0.41917,0.41888,-0.00029209,-0.00055901,-2.2392e-05,0.109,9,18,0.14517,0.20844
hf24,A air-sea,0.41917,0.41918,1.1797e-05,-0.0002059,0.00020795,0.92742,13,18,0.92742,0.94904
hf24,M moisture transport,0.41917,0.41882,-0.00035388,-0.00068581,-3.9143e-05,0.097206,8,18,0.14517,0.20844
hf24,D diabatic,0.41917,0.41948,0.00031109,-5.8654e-05,0.00070058,0.21235,10,18,0.23889,0.31852
hf24,J jet geometry,0.41917,0.41895,-0.00022511,-0.00042075,-3.6634e-05,0.069542,6,18,0.14517,0.20844
hf24,L low-level wind,0.41917,0.42051,0.0013393,0.00075886,0.0018929,0.0027161,14,18,0.012222,0.065186
hf24,P pressure environment,0.41917,0.4212,0.0020291,0.00059337,0.003358,0.033806,13,18,0.10142,0.20844
hf24,K land,0.41917,0.41967,0.0004976,8.4749e-06,0.00098467,0.11291,13,18,0.14517,0.20844
hf24,all1,0.41917,0.42363,0.004455,0.0028453,0.0059325,0.0011292,15,18,0.010162,
hf24 onset,H history,0.28631,0.28579,-0.00051603,-0.00089902,-0.00016621,0.028282,5,18,0.12727,0.20844
hf24 onset,A air-sea,0.28631,0.28636,5.4473e-05,-0.00019327,0.00030419,0.71641,10,18,0.71641,0.81875
hf24 onset,M moisture transport,0.28631,0.28618,-0.00012808,-0.00053949,0.00025751,0.60152,9,18,0.67671,0.73781
hf24 onset,D diabatic,0.28631,0.28648,0.00016931,-0.00034086,0.00069943,0.60044,10,18,0.67671,0.73781
hf24 onset,J jet geometry,0.28631,0.28598,-0.00033211,-0.00058671,-7.413e-05,0.053093,5,18,0.15928,0.20844
hf24 onset,L low-level wind,0.28631,0.28739,0.0010808,0.00012255,0.0019333,0.073792,14,18,0.16603,0.20844
hf24 onset,P pressure environment,0.28631,0.28817,0.0018646,-6.3691e-05,0.0036268,0.12804,12,18,0.19207,0.2195
hf24 onset,K land,0.28631,0.28697,0.00065906,4.1601e-05,0.001238,0.10477,12,18,0.18859,0.20844
hf24 onset,all1,0.28631,0.29016,0.0038522,0.0013996,0.0058981,0.018074,15,18,0.12727,
rapid deepening,H history,0.28074,0.28057,-0.00017503,-0.00070906,0.00033362,0.5984,7,18,0.79051,0.73781
rapid deepening,A air-sea,0.28074,0.28075,9.2332e-06,-0.00022361,0.00023887,0.94904,10,18,0.94904,0.94904
rapid deepening,M moisture transport,0.28074,0.28425,0.0035027,0.00076879,0.0060776,0.044441,13,18,0.19999,0.20844
rapid deepening,D diabatic,0.28074,0.281,0.0002607,-0.00055136,0.0010969,0.61484,9,18,0.79051,0.73781
rapid deepening,J jet geometry,0.28074,0.28234,0.001593,0.00020844,0.0029741,0.078377,11,18,0.22441,0.20844
rapid deepening,L low-level wind,0.28074,0.28177,0.0010282,1.455e-05,0.0019122,0.099739,12,18,0.22441,0.20844
rapid deepening,P pressure environment,0.28074,0.28166,0.00092075,-0.00012021,0.001855,0.15437,13,18,0.27787,0.247
rapid deepening,K land,0.28074,0.2809,0.00015282,-0.00080426,0.0011061,0.80334,8,18,0.90375,0.87637
rapid deepening,all1,0.28074,0.28715,0.0064106,0.0041919,0.0087162,5.3406e-05,17,18,0.00048065,
