target,model,bss_base,bss,gain,lo90,hi90,p,seasons_better,n_seasons
hf24 atl,H history,0.40446,0.40422,-0.00023586,-0.0005171,5.6873e-05,0.21563,9,18
hf24 atl,A air-sea,0.40446,0.40455,9.7163e-05,-0.00017554,0.0003412,0.56095,11,18
hf24 atl,M moisture transport,0.40446,0.40374,-0.00071128,-0.0011205,-0.0002988,0.016609,3,18
hf24 atl,D diabatic,0.40446,0.40544,0.00098951,0.00063383,0.0013685,0.00076294,14,18
hf24 atl,J jet geometry,0.40446,0.40408,-0.00037649,-0.00060079,-0.00015033,0.016548,4,18
hf24 atl,L low-level wind,0.40446,0.40553,0.0010764,-3.0517e-06,0.0020371,0.11288,15,18
hf24 atl,P pressure environment,0.40446,0.40546,0.0010047,-0.00068467,0.0025502,0.33128,10,18
hf24 atl,K land,0.40446,0.40523,0.00077446,2.9616e-05,0.0014575,0.099854,13,18
hf24 atl,all1,0.40446,0.40896,0.0045011,0.0017495,0.006854,0.015015,13,18
hf24 pac,H history,0.43744,0.43708,-0.0003619,-0.00071248,-3.4012e-05,0.1043,8,18
hf24 pac,A air-sea,0.43744,0.43735,-9.4191e-05,-0.0003897,0.00017788,0.58549,9,18
hf24 pac,M moisture transport,0.43744,0.43753,8.9854e-05,-0.00043132,0.00054938,0.80373,9,18
hf24 pac,D diabatic,0.43744,0.43691,-0.00053121,-0.0012668,0.00020553,0.27305,6,18
hf24 pac,J jet geometry,0.43744,0.43741,-3.7166e-05,-0.00023384,0.00015228,0.76176,9,18
hf24 pac,L low-level wind,0.43744,0.43911,0.0016656,0.00026912,0.0029885,0.071274,11,18
hf24 pac,P pressure environment,0.43744,0.44074,0.0033009,0.0012897,0.0052779,0.019127,12,18
hf24 pac,K land,0.43744,0.4376,0.00015385,-0.00056522,0.00091592,0.7366,10,18
hf24 pac,all1,0.43744,0.44184,0.0043979,0.0015359,0.0071144,0.025101,13,18
