test,spec,kind,a,b,lon_total,lon_additive,lat_total,lat_additive,rr_total,rr_additive
T1,"lagged, Oct-Apr 2004-05..2025-26",L,1,1,-0.05566,0.6436,0.2528,0.1822,,
T1,"lagged, Oct-Apr 2004-05..2025-26",L,1,-1,1.922,1.223,-0.6725,-0.6019,,
T1,"lagged, Oct-Apr 2004-05..2025-26",L,-1,1,-0.5234,-1.223,0.5313,0.6019,,
T1,"lagged, Oct-Apr 2004-05..2025-26",L,-1,-1,-1.343,-0.6436,-0.1117,-0.1822,,
T1,"lagged, Oct-Apr 2004-05..2025-26",C,1,1,,,,,0.9515,0.9671
T1,"lagged, Oct-Apr 2004-05..2025-26",C,1,-1,,,,,1.098,1.08
T1,"lagged, Oct-Apr 2004-05..2025-26",C,-1,1,,,,,0.9407,0.9255
T1,"lagged, Oct-Apr 2004-05..2025-26",C,-1,-1,,,,,1.017,1.034
T2,"lagged, Oct-Apr 2004-05..2025-26",L,1,1,2.035,2.536,0.3074,0.05326,,
T2,"lagged, Oct-Apr 2004-05..2025-26",L,1,-1,3.04,2.539,-0.2572,-0.003032,,
T2,"lagged, Oct-Apr 2004-05..2025-26",L,-1,1,-2.038,-2.539,-0.2511,0.003032,,
T2,"lagged, Oct-Apr 2004-05..2025-26",L,-1,-1,-3.038,-2.536,0.2009,-0.05326,,
T2,"lagged, Oct-Apr 2004-05..2025-26",C,1,1,,,,,1.131,1.093
T2,"lagged, Oct-Apr 2004-05..2025-26",C,1,-1,,,,,1.024,1.059
T2,"lagged, Oct-Apr 2004-05..2025-26",C,-1,1,,,,,0.913,0.9443
T2,"lagged, Oct-Apr 2004-05..2025-26",C,-1,-1,,,,,0.9458,0.9145
T3,"lagged, Oct-Apr 2004-05..2025-26",L,1,1,1.643,1.477,1.156,1.139,,
T3,"lagged, Oct-Apr 2004-05..2025-26",L,1,-1,2.606,2.772,1.789,1.806,,
T3,"lagged, Oct-Apr 2004-05..2025-26",L,-1,1,-2.937,-2.772,-1.823,-1.806,,
T3,"lagged, Oct-Apr 2004-05..2025-26",L,-1,-1,-1.311,-1.477,-1.123,-1.139,,
T3,"lagged, Oct-Apr 2004-05..2025-26",C,1,1,,,,,0.9402,0.9848
T3,"lagged, Oct-Apr 2004-05..2025-26",C,1,-1,,,,,1.286,1.228
T3,"lagged, Oct-Apr 2004-05..2025-26",C,-1,1,,,,,0.853,0.8144
T3,"lagged, Oct-Apr 2004-05..2025-26",C,-1,-1,,,,,0.9695,1.015
T4,"lagged, Oct-Apr 2004-05..2025-26",L,1,1,1.667,1.416,1.347,0.9481,,
T4,"lagged, Oct-Apr 2004-05..2025-26",L,1,-1,2.589,2.84,1.517,1.916,,
T4,"lagged, Oct-Apr 2004-05..2025-26",L,-1,1,-3.091,-2.84,-2.316,-1.916,,
T4,"lagged, Oct-Apr 2004-05..2025-26",L,-1,-1,-1.165,-1.416,-0.5488,-0.9481,,
T4,"lagged, Oct-Apr 2004-05..2025-26",C,1,1,,,,,1.086,1.106
T4,"lagged, Oct-Apr 2004-05..2025-26",C,1,-1,,,,,1.111,1.091
T4,"lagged, Oct-Apr 2004-05..2025-26",C,-1,1,,,,,0.9336,0.9168
T4,"lagged, Oct-Apr 2004-05..2025-26",C,-1,-1,,,,,0.8882,0.9045
